// ASCM Drops History — история дропов аналитики удачи
// Версия формата: v2.1
// u — ник пользователя
// total — общее кол-во дропов, unique — кол-во уникальных карт
// generated — время создания файла (МСК); first/last — время первой/последней карты (МСК)
// МСК (UTC+3) — серверное время сайта
// ref_ts — поправочный таймштамп (unix ms, округлён вниз до целой секунды) самой старой карты в этой истории, из которого вычитается дельта каждой записи; ref_date — то же значение в читаемом виде (МСК)
// Формат данных: id_карты,номер_пака,дельта[;номер_пака,дельта]...
// Дельта — разница в ЦЕЛЫХ СЕКУНДАХ между таймштампом дропа и ref_ts (реальный таймштамп мс = ref_ts + дельта*1000; точность до секунды, миллисекунды не хранятся)
// При импорте ref_ts всегда считывается заново из этого файла — не полагайтесь на значение из кода скрипта
// Если карта выпадала несколько раз — записи через ; в одной строке
// Суффикс g после дельты = S-гарантированный дроп
u:Bot_228
total:24580
unique:19332
generated:22.09.2026 23:08:19 MSK
first:21.06.2026 01:18:29 MSK
last:22.09.2026 19:52:14 MSK
ref_ts:1781993909000
ref_date:21.06.2026 01:18:29 MSK
v2.1
1,31340,4816139
2,35442,5514961
3,30958,4749898
5,30681,4652547
7,21450,670678;43949,8014601
8,32965,5499479
10,22656,1099660;34415,5511620
13,33162,5500122
15,42998,7934525;43333,7936344
16,42919,7854902;42978,7934465
17,32085,5166474;33078,5499832
18,24801,2396811;42221,7844192
22,41088,7668882
30,36339,5771950;39366,7256265
32,31094,4750316
35,28921,3703209
38,33648,5501719
40,29460,4300143
41,32593,5435264
43,35610,5515367;43124,7935123
49,39903,7380296
50,36376,5772055
51,37538,7063957
52,28857,3703030
54,21296,670257
56,27242,2919332
57,39590,7331457
58,24673,2231483;39674,7332130
59,27797,3110834;42503,7845230
61,33100,5499913
63,24897,2397095
64,23724,1888930
66,31739,4917854
67,35550,5515225
68,39794,7332409
69,27703,3110577
72,22018,751375
73,-19,4391501
78,33930,5509180
79,41849,7841493
80,41783,7841055
81,41572,7840215
82,21165,639494
83,30140,4644829
84,22929,1283691
85,33028,5499676;39452,7331098
86,30150,4645209
89,28011,3111350
91,35612,5515371
93,28680,3354798;35401,5514879
95,42878,7854754
99,40803,7667198
101,19842,64910
103,21012,602350;35225,5513664
104,34910,5512809;36246,5771421
106,21711,678564
108,26074,2844542
109,43574,7938185
110,38925,7251080
112,44440,8101489
113,39628,7331618
114,29355,4299900
115,31234,4750719
116,23451,1801858
118,22388,1098187;38951,7251135
121,35727,5515647
122,26204,2844925
123,43618,8012665
126,28958,3703314;38919,7251064
127,20106,85539
128,35650,5515459
129,26257,2845046
131,36996,6565156
132,28110,3111765
133,26414,2845506
136,37846,7235723
137,35542,5515210
140,23077,1370322;35401,5514859;41249,7676154
141,20340,86079
144,40262,7589378;43399,7936510
145,38581,7249550;42396,7844620
146,38600,7249587
147,20546,86510;30791,4749486
148,22602,1099512;27451,3109890;39204,7253992
150,30256,4648197
151,32895,5499052;34887,5512750
152,37476,7063678
153,38231,7248702
154,21574,678194;33158,5500106
157,44231,8100785
158,41690,7840516
159,30217,4648095
167,44510,8101656
168,22297,1097826;42594,7853059;44136,8100440
170,37000,6565165
177,31747,4917884
178,30273,4648237
181,20168,85679
183,19953,69459
184,23688,1888837
185,27601,3110324
190,28503,3112837
192,38557,7249483;40618,7591322;41671,7840474
196,34864,5512701
198,29397,4299996
199,43259,7935922
204,37219,6890833;42472,7844802
205,21275,670209;37397,7063480
207,20398,86196;23627,1888688
208,36634,6135514
215,22320,1097915
224,24660,2231452
229,29735,4391820
233,23720,1888917
250,33783,5508787;42479,7844823
252,43688,8013987
253,34590,5512020;40403,7590185
257,35518,5515149
261,22519,1099200;38523,7249399
262,32193,5397496
263,40235,7589312
268,38280,7248814
270,25784,2843750
276,36776,6136107
277,23510,1801993
280,23104,1370422
283,39160,7251952
291,27063,2918649;44307,8100990
292,44244,8100814
295,27875,3111027
296,41831,7841327
297,24000,2085931;38033,7248002;42542,7846724
301,37144,6890671
302,33013,5499637
303,25962,2844230
304,39352,7254486;42393,7844614
306,25067,2397479
307,39995,7380519
310,27620,3110360;34410,5511610;37964,7247836
312,24727,2231605
313,35903,5516078
325,21889,751035
326,40894,7667582
327,41876,7841555
328,36669,6135647
329,35789,5515787
332,24111,2138019
333,39987,7380503
336,36514,5924911
339,21120,639357
348,22841,1283457;44018,8014793
356,40297,7589452
359,35013,5513089
360,42933,7934361
368,41167,7669105
369,39952,7380406
371,32600,5435278
375,32308,5432992;40405,7590191
378,20038,69785
379,23943,2085767
380,22270,1097738
381,36885,6279764
382,26371,2845380
384,22722,1099873;28874,3703077;36512,5924907
385,29544,4300348
387,38369,7249040
388,32397,5434748
389,42504,7845232
395,28950,3703292;39501,7331233
396,26211,2844940
399,25409,2515366;41640,7840403
403,25010,2397346
405,42960,7934425
413,26733,2846378
415,30438,4649357
432,42223,7844194
433,38274,7248797
445,41869,7841541
449,22807,1190003
454,35499,5515109;36474,5830706
457,27077,2918682
461,34385,5511556
463,25685,2841119
465,22426,1098321
466,43137,7935243
473,20503,86415
474,36106,5771077;40005,7380542
477,26809,2846581
479,26949,2917630
481,23119,1370458;31725,4917817
485,29184,4299463
487,32757,5498526
491,42308,7844388;42726,7853631
492,27678,3110512
499,22445,1098401;26021,2844406;39185,7252013;42815,7853833
503,42555,7846763
504,21401,670525
505,42495,7845211
511,43847,8014366
515,35982,5656724
518,33178,5500166
519,20370,86138
520,42869,7854729
524,29730,4391805
525,38360,7249018
526,39172,7251979
533,23946,2085773;35441,5514947
542,27150,2918990;36297,5771615;40543,7591161
545,20995,602308;33673,5503690
548,36089,5771037
551,22930,1283694
559,35609,5515365;40911,7667627;42593,7853056
560,23985,2085894
566,32408,5434778
573,23099,1370407
574,33497,5501275
579,20090,85507
580,27215,2919259
581,24456,2230398;33363,5500869
584,19879,65031;32603,5435287
585,27421,3109703;37090,6806245
586,34725,5512348
587,24630,2231380
591,36315,5771880
594,37233,6890864;42707,7853362
596,35069,5513229
599,44460,8101538
600,20454,86314
603,44352,8101088
606,36917,6564917
614,31763,4917929
615,38875,7250962
618,34451,5511698
633,42821,7853861
637,20295,85987;27272,2919432;29987,4643930
638,38160,7248539
639,41544,7840149
642,27888,3111056;29879,4643567
647,28102,3111746
652,23167,1370588;43993,8014696
654,22021,751385;38832,7250869
657,30900,4749767
663,33561,5501484
665,23479,1801917
672,21841,750881
674,42722,7853623
676,36098,5771057
680,21489,670815
682,39378,7256285
685,38212,7248661
687,31920,5076275
689,28996,3703468;34373,5511492
696,28481,3112779
702,36941,6564995
703,28600,3254673;31650,4827765
704,38506,7249352
705,38055,7248080
707,44548,8101826
710,44399,8101390
716,21800,750782
717,28524,3112885
718,40882,7667552
723,23567,1888511
728,35911,5516094
738,20527,86472;26526,2845825;37597,7064085
741,23925,2085722;25900,2844042;40255,7589360
742,19767,62701;21447,670671
749,27191,2919201
756,27311,2919707
758,38552,7249469
759,27690,3110549;44492,8101616
764,42630,7853175
770,42768,7853732
779,44170,8100510
780,28787,3617975
783,42949,7934397
786,26957,2917755;27555,3110214
787,25872,2843972
796,21138,639399
799,24846,2396942
802,43816,8014296
803,36647,6135549;41613,7840320
810,36047,5770949
815,34108,5509697;43730,8014088
816,30395,4649091
817,33346,5500788
818,33710,5503868;42295,7844354
824,34242,5511022;36676,6135665
835,34854,5512655
836,24046,2086074
842,21616,678334;39573,7331412
844,34679,5512232
854,28848,3702993
869,25936,2844167;30358,4648554
870,29163,4299413
871,21976,751269
876,25162,2397766
879,31595,4816803
880,40402,7590182
883,32179,5332435
889,26881,2917414
893,19919,69355;37281,6891086;40774,7667111
896,44434,8101479
897,35078,5513247;37376,7063429
900,23363,1543058
902,33819,5508879;42640,7853204
906,36134,5771144
908,30385,4649071
915,25840,2843887;43850,8014372
917,21967,751244
924,39216,7254016
930,20530,86477;22877,1283550;33375,5500908;39186,7252015
934,27804,3110849
950,40228,7589298
951,20446,86300
960,24030,2086021
968,29817,4446594;40766,7667095
969,33161,5500121
970,33381,5500937;44633,8102025
975,36761,6136063
978,29115,4299280
983,25886,2844009
988,26640,2846129
998,43108,7934958
1000,34823,5512585
1002,38972,7251186
1003,26108,2844638
1008,29402,4300010
1009,41882,7841570
1012,34892,5512763
1019,41625,7840360
1026,38047,7248064
1039,27434,3109816
1042,29265,4299656
1046,35188,5513583;37599,7064089
1053,28005,3111336;37580,7064048;43679,8013964
1056,42637,7853196
1071,41075,7668161
1072,42387,7844597
1073,19724,54;20215,85808;41548,7840157
1080,25787,2843756
1081,39993,7380515
1082,20450,86307;37170,6890729;43417,7936557
1084,32988,5499559
1088,35687,5515555
1090,37087,6806239
1092,34796,5512519
1096,24304,2229934
1099,28777,3586949
1105,44246,8100823
1108,25490,2515549;-19,4391524
1116,29353,4299896
1118,23762,1987261
1119,31956,5076383
1120,38527,7249413
1122,31870,5076137
1127,43341,7936369
1128,25892,2844023
1132,41210,7669204
1134,32021,5076803
1150,26671,2846204
1151,35275,5513775
1152,40771,7667105
1154,36460,5772300
1157,35508,5515129
1158,41436,7839903
1179,29866,4643496;35844,5515943;40949,7667728;44312,8101000
1184,25753,2841296;35484,5515079
1187,24773,2396717
1190,21551,671012
1209,34462,5511729
1216,35401,5514883;38933,7251096
1217,29263,4299647;39531,7331311
1224,39833,7333408
1225,20130,85592;32928,5499308
1230,27152,2918994
1244,27574,3110256
1264,19977,69514;36410,5772163
1265,43578,7941862
1278,35883,5516034;40828,7667277
1284,24435,2230352
1293,31806,4918072;31960,5076392
1301,42066,7843139
1302,22640,1099611
1305,30841,4749628;34138,5509814
1307,29360,4299910
1312,35074,5513239
1323,36264,5771473
1324,35574,5515283
1326,24463,2230414
1333,38848,7250905
1334,33825,5508892
1338,44359,8101298
1367,21093,639272;34642,5512134
1384,23936,2085743;39307,7254359
1391,20588,86605
1413,37191,6890768;41808,7841113
1424,43747,8014125
1431,35946,5598181;40078,7380698
1449,42367,7844554
1463,28943,3703274
1469,38678,7250078;40370,7589997
1498,26213,2844944;27229,2919296;28795,3617991
1517,27540,3110174
1521,29880,4643572
1535,23784,1987351;38844,7250897
1544,28800,3618016
1551,35942,5598115
1594,30107,4644729;36928,6564955
1603,39439,7331068
1615,24985,2397292
1617,41059,7668121
1624,39843,7333442
1626,25598,2840915;41542,7840145;41646,7840415
1632,33433,5501105
1633,36489,5830747;43519,7938056
1650,34751,5512412;36468,5830693
1681,32196,5397504
1682,35381,5514826
1690,25663,2841072
1694,33840,5508932
1699,26141,2844729
1712,37049,6565293
1713,22149,1097271
1719,34045,5509547
1728,31197,4750599
1733,26470,2845645;39269,7254227
1737,38735,7250213
1772,39922,7380337
1787,40849,7667460
1793,26154,2844778
1810,35524,5515164
1815,20524,86467
1817,43588,7941889
1822,21031,604957
1825,28747,3586877;29105,4299257;35102,5513307
1826,38092,7248162
1836,26828,2917227
1838,27887,3111054
1842,25850,2843915;41649,7840421
1843,26982,2917929
1844,20153,85640;34658,5512178
1845,24445,2230375
1849,34696,5512269
1853,41470,7839988
1854,37987,7247893;42557,7846767
1855,21645,678408;38095,7248168
1857,42648,7853224
1858,35216,5513642
1859,40912,7667629
1860,22387,1098184;41038,7668036
1887,26212,2844942
1893,26595,2846003
1894,41456,7839952
1897,24591,2230684
1912,32256,5432099
1913,42268,7844297;43299,7936268
1917,38797,7250751
1921,23102,1370418;43315,7936300
1929,30269,4648229;42358,7844496
1932,20629,86726
1933,33088,5499864
1946,25374,2515282;34917,5512823
1953,22407,1098260
1954,41102,7668927
1955,20014,69727
1959,33517,5501332
1960,23017,1283910
1962,22071,751497
1974,31369,4816212
1976,22429,1098329
1977,36008,5656790
1984,25181,2397830g
1987,31225,4750694
1990,21034,604963
1991,43040,7934700
1993,21285,670232;36950,6565016
1994,31421,4816331
1998,35172,5513547
2002,44108,8100370
2031,27236,2919311;42226,7844200
2034,27086,2918703
2035,39087,7251452
2043,29784,4391958
2055,30641,4652444
2062,27744,3110687
2075,40014,7380560
2097,28062,3111546
2100,43242,7935514
2103,41234,7676105
2104,33565,5501490
2107,43867,8014409
2108,21206,639608
2118,24996,2397315;41506,7840066
2134,35864,5515987
2135,44557,8101849
2139,34735,5512368
2143,21144,639424
2144,29799,4391992
2152,29922,4643750;44362,8101304
2153,24092,2137910
2154,35421,5514903
2156,22813,1190016
2161,30784,4749471
2174,30991,4749976
2189,23126,1370478
2191,24689,2231524
2219,27631,3110411;32558,5435136
2220,37280,6891081
2234,21190,639564
2237,24557,2230615;34224,5510982
2244,43722,8014067
2269,41713,7840570;42443,7844725
2280,26901,2917499
2282,34923,5512854
2284,25993,2844326;34308,5511223
2351,36413,5772171
2353,24252,2151584;34636,5512118
2358,31431,4816350
2370,37327,6891180
2392,38351,7249000
2397,22073,751501
2400,33677,5503699
2402,26663,2846187;29560,4300382;33699,5503836
2403,21526,670913
2404,23074,1370315
2407,21840,750876
2419,33001,5499600
2423,26492,2845694;43468,7936709
2427,35587,5515313
2432,25855,2843926;35099,5513292;35317,5513900;37887,7247655;39209,7254002
2437,27360,2919902
2439,26762,2846462;38333,7248956
2440,39815,7333349
2442,30023,4644238;40485,7590601
2453,26226,2844974
2454,30949,4749878
2456,41155,7669078
2457,27090,2918711;-19,4391529
2462,24303,2229924
2463,21575,678196;33245,5500434;34187,5510771;35192,5513591;42975,7934459
2471,39694,7332174;40939,7667696
2474,20085,85497
2477,37643,7064199
2485,25080,2397507
2487,41804,7841105
2500,39769,7332343;41206,7669191;41247,7676150
2513,29466,4300157;38083,7248144
2528,22572,1099383
2530,32227,5432027
2532,34087,5509653;37128,6890636
2536,36147,5771171;37619,7064132;40462,7590479
2539,44277,8100906
2555,25511,2685684
2557,27596,3110312;39103,7251487
2559,21957,751214
2562,19827,64535
2571,39726,7332245
2573,34132,5509788;42845,7853971
2575,26357,2845330
2579,28603,3254682
2581,22364,1098113;26316,2845222
2598,24029,2086019
2599,36580,6001788
2605,23196,1370681
2607,21510,670875;21613,678327;33072,5499812;36673,6135656
2610,35797,5515817
2643,30897,4749760
2655,25468,2515498
2660,32913,5499180
2678,34397,5511580
2681,29079,3725648
2683,26596,2846005
2695,21685,678506;31657,4827779
2697,41004,7667959
2701,29363,4299918
2708,44101,8100356
2725,35686,5515553
2733,24451,2230387
2754,23876,2062534
2760,30604,4652344;38710,7250159;40410,7590206
2773,30247,4648171
2791,31798,4918041
2794,43039,7934693
2797,34212,5510955
2808,31970,5076610;36698,6135729;38948,7251129
2813,28612,3254706
2820,34441,5511680
2825,39895,7380277
2838,41755,7840988
2842,36348,5771980
2844,21064,639200
2850,26560,2845910;42021,7842203
2897,20127,85585
2907,20939,602129
2915,33959,5509308
2937,22715,1099847
2950,22168,1097337
2960,20222,85834
2966,40648,7591388
2972,24308,2229968
2987,20225,85841
3009,22611,1099536
3027,30353,4648539;36791,6136145
3052,25303,2515127
3064,19903,69300
3067,23088,1370378
3069,39619,7331597
3074,33721,5503899;40013,7380558
3094,24592,2230686;40643,7591378;41314,7676310
3100,29521,4300290;42463,7844775
3108,21704,678550
3110,31901,5076219
3120,30060,4644332
3136,27139,2918965
3150,31749,4917892;44342,8101067
3151,20954,602188
3196,26397,2845447;34043,5509543
3197,42482,7844836;43138,7935245
3201,26265,2845071
3211,25794,2843775
3216,36613,6135467
3236,33380,5500928
3258,31592,4816797
3293,22641,1099617
3304,33299,5500618;33459,5501174;36847,6196519
3305,26857,2917290
3310,20050,85384
3320,39592,7331461
3322,22306,1097856
3329,35362,5514771
3340,25728,2841238
3343,36528,5924955
3345,30007,4644193
3378,29511,4300263
3383,29389,4299979
3394,21414,670585;37849,7235729
3418,32093,5166541
3421,32009,5076740
3426,34402,5511594
3447,42272,7844305
3450,39716,7332221
3455,23536,1812142
3456,36233,5771385
3457,29804,4446550
3470,41607,7840305
3484,28953,3703299
3487,31150,4750466
3488,25964,2844235
3492,19938,69415;33542,5501412;43359,7936418
3499,39569,7331404
3506,33714,5503878
3534,21391,670501;26656,2846167
3543,24279,2227283
3560,19758,62680;34967,5512964;43923,8014538
3563,41681,7840498;44556,8101847
3568,33426,5501087
3572,39333,7254430
3574,22590,1099447
3577,21664,678455
3579,29959,4643853
3580,22630,1099586
3582,42054,7843109
3586,31266,4815930;33430,5501095
3590,25885,2844007
3597,30764,4747539;33843,5508941
3602,22940,1283720
3608,25969,2844246;26456,2845605
3632,41971,7841930
3641,35291,5513836;38179,7248584
3706,24194,2151424
3735,41172,7669115
3744,37993,7247905
3783,25768,2843712;37351,6891227;38001,7247926;41575,7840221
3813,35819,5515878
3834,33018,5499649
3841,41765,7841012
3846,44217,8100757
3848,21735,678619;42164,7843379
3850,30377,4649052
3860,25173,2397810
3862,22927,1283687
3866,25000,2397323;35877,5516018
3877,41461,7839970
3884,26289,2845148
3885,40160,7589138
3887,28145,3111850
3904,33858,5508979
3906,26589,2845987
3907,24594,2230690
3917,25982,2844277;32813,5498740
3925,43737,8014105
3932,22460,1098454
3941,40974,7667877
3942,25717,2841203;38824,7250853
3948,27279,2919447
3953,28094,3111728
3981,19794,62954;31099,4750326
3997,24184,2151400
4003,22738,1099915;41590,7840258
4007,24914,2397133
4020,28200,3111982
4022,41898,7841607
4026,37401,7063492
4030,36270,5771502
4031,25082,2397512
4036,24677,2231494
4038,34568,5511972
4042,19764,62694;22024,751390
4046,30262,4648214
4047,25356,2515244
4053,25966,2844239
4055,22384,1098175
4060,34999,5513053
4079,44514,8101668
4084,37297,6891113
4085,38602,7249594
4086,25810,2843814
4103,24631,2231382
4135,35245,5513712
4147,30749,4652727;32653,5435457
4152,38806,7250775
4165,44329,8101038
4171,38265,7248779;44464,8101551
4175,39528,7331305
4177,29016,3703564;29985,4643926
4178,33113,5499951
4182,27669,3110493
4206,36114,5771094
4211,36449,5772275
4225,27954,3111213;35504,5515121
4226,43921,8014532
4227,40077,7380696;41185,7669144;42573,7852998
4232,34509,5511835
4241,35506,5515125
4257,34634,5512114;39876,7333597
4258,40416,7590334;43131,7935212
4269,24168,2151352
4276,31131,4750404;31834,4918154;35195,5513597;35950,5598189
4277,30969,4749925
4279,20420,86238;32010,5076742
4283,20016,69734;20522,86463
4285,29575,4300416;35065,5513221;40509,7590834;40750,7667059
4289,36247,5771423
4294,30031,4644257
4295,20091,85509
4297,30701,4652613;43792,8014227
4298,41393,7753785
4302,21016,602359
4303,43279,7935969
4305,41715,7840574
4312,23341,1543006
4325,22764,1099991
4327,40451,7590442
4328,24161,2151335
4335,22310,1097875;33148,5500073
4340,44406,8101414
4345,43351,7936399
4353,35533,5515182
4364,38232,7248704
4365,28237,3112069
4386,26149,2844750
4405,31241,4750755
4406,36852,6196532;42206,7844157;43671,8013943
4407,36415,5772175
4409,32163,5332396;37531,7063943
4411,27457,3109902
4413,36378,5772061
4417,44463,8101549
4418,22488,1099056
4420,21495,670839
4421,35226,5513666
4438,26786,2846524;44302,8100980
4450,27026,2918141
4451,27110,2918757
4452,31563,4816738
4471,42431,7844698
4480,36002,5656779
4481,24498,2230493;28768,3586926;43855,8014382
4486,40988,7667918
4488,24497,2230491
4496,40071,7380684
4500,32087,5166530
4517,32674,5435507
4521,32204,5397524
4551,31261,4815921
4558,27641,3110435;40442,7590418
4605,26831,2917232
4610,21386,670489
4615,41711,7840566
4625,43995,8014721
4628,30767,4747545
4630,34270,5511081
4631,24174,2151370
4646,27826,3110909;30523,4649632
4651,21349,670391
4654,41753,7840979
4656,20520,86458
4664,44180,8100670
4673,25353,2515237;30690,4652579;32020,5076794
4684,28961,3703333
4693,29394,4299990
4694,29017,3703567
4696,23293,1370954;30037,4644272
4698,33402,5501017;36881,6279757;37512,7063757
4702,25674,2841096
4708,31498,4816500
4719,23746,1888978
4720,20465,86339
4726,29166,4299420
4728,40417,7590337
4760,23769,1987307;41704,7840547
4774,22449,1098414;37296,6891111
4778,27002,2917979
4779,32220,5397559
4794,40813,7667228
4801,22240,1097629
4807,39525,7331299
4809,29573,4300412
4817,20269,85938
4821,23725,1888932;41404,7753986
4845,27341,2919861
4846,27652,3110457
4849,35579,5515293
4853,27729,3110638;28759,3586902;33208,5500297
4886,33016,5499644
4888,23987,2085898
4898,42897,7854815
4899,23679,1888814;32354,5434631
4900,44292,8100948
4919,39291,7254319
4936,34716,5512319
4942,38171,7248568
4947,41754,7840981
4964,26588,2845985
4966,41766,7841014
4967,41627,7840367;41925,7841663
4968,21356,670406
4969,28521,3112880
4986,30245,4648167
4988,20025,69758
5006,23930,2085731
5007,31753,4917901
5008,25202,2398070
5012,23463,1801884
5013,24427,2230333
5014,32959,5499458
5015,20918,602085;37382,7063444
5016,30970,4749927
5018,22606,1099521
5028,39004,7251266
5033,29231,4299571;36507,5924886
5052,40914,7667638
5054,25408,2515364
5060,32096,5166548;37745,7064437
5062,43967,8014641
5065,35744,5515684
5070,27734,3110648
5071,26749,2846434;36811,6196360
5084,24414,2230246
5085,28565,3182000
5098,38942,7251117
5099,29793,4391979
5101,23297,1370963
5106,35515,5515143;42932,7934359;43756,8014148
5123,25499,2515579;32468,5434926
5127,35537,5515190
5132,31785,4918010
5133,24150,2149787;24937,2397183
5144,33821,5508886
5145,21024,604943
5151,28846,3702988
5155,25367,2515268
5157,24080,2086157;38325,7248940
5158,26477,2845660
5165,34317,5511247;35858,5515972;36855,6196539
5170,32951,5499439
5179,21208,639613
5182,40533,7591133
5185,33524,5501352
5215,26460,2845619
5220,25600,2840920
5222,33010,5499625
5228,32228,5432029
5231,25800,2843788;27950,3111205;33899,5509109
5232,33890,5509091
5233,28370,3112470
5238,28071,3111569
5239,28679,3354796;28987,3703432;34609,5512061
5248,20529,86475;39448,7331090;39989,7380507
5250,36403,5772148
5268,30048,4644301;34183,5510764
5278,23057,1284037
5288,37620,7064139
5290,33261,5500481
5291,36537,5924977
5295,22468,1098481;31244,4750762
5299,31344,4816149
5319,39357,7254497
5320,25133,2397645;39371,7256273
5330,22828,1283425
5332,25947,2844194
5335,38759,7250498;39861,7333500
5339,23429,1633495;27639,3110426
5342,37245,6890987;37806,7235610
5343,23950,2085805;25165,2397773
5344,42167,7843385
5351,31332,4816122
5354,21809,750804;34916,5512821;37420,7063529
5356,39550,7331362
5362,32101,5243792
5371,35826,5515906
5376,31691,4902930
5394,33243,5500423
5397,41324,7753631
5416,39473,7331149
5422,30906,4749783
5432,25718,2841205;41230,7676097
5433,42812,7853827
5452,20062,85449;37238,6890874
5460,20577,86576
5476,29710,4391753
5484,29399,4300001
5488,24185,2151402;41412,7754001
5496,40952,7667737
5497,42826,7853873
5498,39253,7254169
5503,25928,2844148
5504,39347,7254473
5509,23379,1543096
5512,21774,750700;26664,2846189;41857,7841508
5518,28899,3703142
5520,37593,7064077
5532,31041,4750197
5542,37940,7247774
5548,23062,1370162
5551,27539,3110168
5552,37863,7247318
5555,34935,5512878;35969,5598269
5556,29436,4300090;36534,5924971
5569,23294,1370957
5571,44577,8101895
5583,20068,85460
5592,23979,2085879
5601,25120,2397617
5604,38573,7249529
5617,33765,5504084
5619,26698,2846273;33407,5501033
5621,41380,7753754
5627,34638,5512122
5639,32741,5498461;36890,6279774
5641,20186,85729;30947,4749874
5649,32471,5434932;42823,7853864
5650,24574,2230648;34833,5512605
5655,35138,5513477
5657,36157,5771194
5667,34285,5511150
5668,42469,7844793
5671,35488,5515087
5677,22990,1283841
5679,29914,4643709
5693,39768,7332341
5712,37749,7064570
5718,38589,7249565
5722,29024,3703586
5723,37694,7064320
5728,26775,2846488
5737,30051,4644307
5743,30717,4652650
5746,28690,3521898
5755,21956,751212
5773,24180,2151385
5785,23727,1888936
5788,23515,1802008
5791,26808,2846578;40811,7667222;44326,8101032
5793,20333,86063
5794,20596,86654
5802,37249,6890995
5803,25652,2841047;36915,6564911;42672,7853285
5805,26701,2846297
5806,27075,2918676
5809,34429,5511651
5810,30461,4649429
5817,24554,2230610;40369,7589994
5828,32598,5435274
5831,21579,678206;26561,2845915
5834,39707,7332203
5845,29805,4446552;42188,7844115
5846,22450,1098417
5854,44607,8101964
5855,20964,602212
5861,34182,5510762
5867,31482,4816467
5874,24796,2396778
5877,35166,5513535
5878,43854,8014380
5890,25121,2397622
5892,22067,751488
5893,42959,7934423
5895,36361,5772017
5912,21659,678441
5916,26571,2845938
5940,24065,2086123
5946,42602,7853087
5947,38403,7249115
5953,38530,7249419
5957,42205,7844155
5961,43562,7938161
5962,19941,69427
5965,38520,7249390
5973,28338,3112349
5979,28227,3112047;32605,5435311
5996,44603,8101956
6001,31745,4917878;42818,7853845;44487,8101605
6002,20962,602208;29271,4299670
6006,23436,1633515;24940,2397189
6015,27501,3110049
6026,30738,4652699
6038,33777,5504112
6050,20930,602111
6054,26079,2844554
6070,23600,1888597
6076,42152,7843351;42861,7854710
6077,32508,5435014
6079,21471,670766
6095,20235,85859
6096,31017,4750135
6105,24772,2396715
6116,31286,4816018
6118,21572,678190;42241,7844240
6125,38996,7251246;43912,8014506
6128,19993,69668
6132,41280,7676224
6140,35082,5513258
6142,20298,85992;25009,2397344;30264,4648218
6148,36130,5771137
6153,23360,1543050
6158,36217,5771345;44360,8101300
6160,32943,5499421
6162,42578,7853013
6163,30062,4644342
6175,25606,2840935
6181,26347,2845299
6186,26623,2846088;37407,7063503
6194,28621,3342090
6196,31486,4816475;32038,5076847
6201,29335,4299821
6202,27475,3109957
6203,31579,4816768
6205,28450,3112685
6206,36735,6135983
6215,22030,751402;38730,7250203
6226,30187,4647848;31655,4827775
6230,33676,5503696
6239,33364,5500871;34084,5509640
6250,42417,7844666
6258,33382,5500938;38222,7248684
6261,33993,5509402
6268,25218,2398100;34484,5511781
6275,41261,7676182
6281,44616,8101991
6289,22006,751348
6301,40510,7590850
6307,40248,7589346
6318,22383,1098172
6325,38584,7249555
6326,38234,7248708
6328,22068,751490
6333,28150,3111862
6335,37495,7063719
6345,29551,4300362
6366,29484,4300199
6378,29986,4643928;31026,4750158
6380,33812,5508844
6381,35893,5516054;39535,7331319;42353,7844486
6382,27969,3111246
6386,20231,85851
6404,20167,85677
6405,39516,7331272
6406,30084,4644390
6419,23703,1888876
6427,21418,670601
6431,35252,5513726
6434,31014,4750127
6435,35363,5514790
6436,35401,5514871
6438,34067,5509600
6443,20033,69774
6466,41520,7840098
6468,21149,639458
6469,35401,5514873
6470,30759,4652748
6475,37089,6806243
6477,21781,750742
6490,35691,5515563
6506,20026,69760
6507,33316,5500676
6521,39112,7251505;39870,7333585
6522,33372,5500900
6523,41347,7753683
6531,39857,7333484
6552,25603,2840929
6553,21824,750842
6618,22224,1097581;29131,4299320
6619,25756,2841302
6622,38126,7248237
6623,40286,7589429
6640,25464,2515489
6644,35510,5515133
6653,20353,86105
6677,33070,5499803
6684,31476,4816452
6731,30565,4649717;37124,6890628;40946,7667719
6744,20207,85793
6761,33204,5500278
6764,22175,1097361
6770,41383,7753760
6777,29493,4300222
6781,23948,2085801
6820,33935,5509227
6831,42180,7844086
6837,27293,2919630;35657,5515473
6850,30252,4648189
6851,27822,3110892
6862,40644,7591380
6865,38408,7249125
6867,34267,5511075;37804,7235605
6869,21759,750666
6872,20065,85455;43788,8014219
6873,32492,5434977
6881,39489,7331192
6884,23042,1283999
6885,35975,5598283
6900,42357,7844494
6913,28708,3521934;43497,7938008
6916,22301,1097842
6922,36629,6135503
6940,38399,7249104
6945,30419,4649305
6948,24057,2086103
6955,36075,5771006
6958,22455,1098439
6961,37759,7064601
6962,21639,678392
6964,20638,86744
6967,31603,4816820;35734,5515661;43919,8014528
6976,24860,2396989
6977,31081,4750291;38893,7251009
6980,38023,7247982
6983,30640,4652437
6985,28269,3112159;43729,8014086
6992,25772,2843720
7011,34294,5511175
7012,28378,3112487;41441,7839916
7014,36722,6135958
7018,36644,6135542
7020,23043,1284001;25865,2843953
7024,26184,2844876
7026,39826,7333387
7029,40860,7667492
7033,23144,1370528
7046,36096,5771051
7051,37346,6891218;39036,7251335
7071,23798,1987379
7082,31559,4816729
7086,24173,2151364
7094,29236,4299582
7121,33258,5500470
7125,20149,85633
7136,22046,751442
7148,33073,5499817
7151,43992,8014694
7157,24017,2085974
7161,20969,602222
7181,24371,2230133
7187,42559,7852964
7196,42955,7934415
7215,27305,2919691
7218,26376,2845390
7221,41049,7668061
7223,44199,8100712
7229,26590,2845989
7243,38505,7249349;42340,7844456
7245,23259,1370866
7253,25048,2397441
7256,22698,1099780
7257,19806,64469
7260,30471,4649448
7263,24460,2230405
7264,42060,7843126
7271,25991,2844322
7273,30492,4649502
7279,23375,1543087;32695,5435567
7282,42232,7844218
7287,32395,5434744
7320,22774,1100016
7321,22344,1098029;27748,3110695
7336,28520,3112875;37489,7063707
7351,43150,7935269
7355,32784,5498646
7358,42852,7854687
7360,44401,8101399
7387,30980,4749950
7389,36883,6279760
7402,34691,5512259
7405,28998,3703477
7407,23723,1888927;39812,7333341
7409,36914,6564909
7412,27696,3110561;39390,7308439
7414,41490,7840031
7420,32759,5498532;34804,5512538
7445,25023,2397379
7446,42501,7845227
7448,35334,5513962
7451,38474,7249277
7457,34925,5512858
7478,26745,2846425
7481,30481,4649473
7519,35554,5515238
7539,35906,5516084
7541,25264,2416640
7548,38294,7248846
7552,37037,6565258
7578,22756,1099965
7580,40311,7589483
7588,25689,2841131
7595,28661,3354748
7615,39926,7380345;40016,7380564
7616,39170,7251975
7619,27682,3110533
7621,31222,4750676;40349,7589947
7633,43442,7936623
7640,21653,678428
7643,29885,4643601;41507,7840068
7660,25079,2397505;39666,7332114
7670,32175,5332427;36972,6565078
7673,43439,7936617
7674,26334,2845268
7675,29559,4300380
7681,39536,7331326
7692,-19,4391510
7699,39744,7332284
7705,33011,5499627;36022,5770897
7706,30116,4644758;31423,4816334;37329,6891184
7707,21919,751118;23578,1888534
7709,28882,3703099
7719,44467,8101562
7727,35976,5598285
7729,36566,6001722
7734,34123,5509741
7736,37587,7064065
7738,25112,2397598;35313,5513886
7739,32131,5243904
7758,30710,4652634;33190,5500208
7760,36418,5772184
7762,32906,5499088
7763,27013,2918023
7764,36516,5924916
7765,21422,670609;40768,7667099
7771,34676,5512226
7786,35422,5514911;43403,7936519
7797,22500,1099135
7814,25227,2416565;28841,3702938
7816,27320,2919773
7823,23224,1370774;25236,2416582
7825,41276,7676212
7830,28449,3112684
7831,19834,64550;38449,7249215
7832,30181,4647836;43713,8014041
7840,25575,2840858;38362,7249026
7845,37155,6890692
7848,33035,5499693
7850,29969,4643879
7851,31055,4750224
7854,25549,2685785;36959,6565038
7863,41134,7669028
7881,21993,751319
7883,37743,7064433
7900,23168,1370590;43924,8014540
7902,25257,2416625
7924,21760,750668
7935,36553,5925029
7937,25715,2841190;32249,5432085
7942,39949,7380400
7950,35835,5515924
7951,30785,4749473
7955,23913,2085694
7956,41536,7840130
7960,21842,750882
7964,43238,7935506
7966,28815,3618061
7967,44011,8014764
7970,42830,7853885
7971,37385,7063455
7972,19791,62947;39681,7332148
7974,35771,5515742
7975,30776,4748170;37439,7063570;42149,7843345
7990,23878,2066390
7992,28622,3342092
8027,21060,639182
8032,24735,2231621
8042,43486,7937983
8044,32546,5435111;37011,6565196
8052,22687,1099751
8055,28092,3111724
8068,24236,2151548
8073,35817,5515873
8080,42444,7844727;42732,7853643
8086,25185,2397871
8088,38415,7249140
8092,26307,2845202
8102,30814,4749544;40775,7667113
8107,38528,7249415
8114,20407,86214;44026,8014811
8115,30914,4749800
8117,34473,5511756
8118,31010,4750121;38686,7250097
8136,-19,4391485
8140,28917,3703192
8141,43292,7935996
8144,20483,86373
8152,26045,2844469
8167,37208,6890812
8169,39323,7254409
8186,27857,3110979
8188,30962,4749911
8193,35441,5514941;38684,7250093
8198,19744,62340
8205,43025,7934623
8216,24201,2151448;28779,3586952
8220,21379,670472;25870,2843965;35237,5513688;42348,7844475
8226,33002,5499601
8237,25366,2515266
8240,22428,1098326
8250,21351,670395;41218,7676072
8258,42847,7854008
8260,25188,2397876
8267,37811,7235623
8268,26261,2845058
8277,22626,1099575
8278,32996,5499585
8288,32596,5435270
8289,27715,3110602
8290,26811,2846585
8298,21532,670925
8307,27692,3110552
8309,35525,5515166;36712,6135767;43918,8014526
8310,29048,3703660
8316,23580,1888541
8318,32534,5435085
8320,43825,8014313
8327,33589,5501545;40180,7589186;43023,7934617
8336,43340,7936367
8353,39053,7251372;43161,7935294
8354,35945,5598179
8361,20894,602022
8362,21216,639632
8365,29795,4391983;30307,4648321
8372,21901,751081
8377,35068,5513227
8379,30386,4649073;32305,5432983
8389,30930,4749837
8393,22937,1283713
8402,21987,751304
8403,30057,4644323
8404,21224,639657
8406,25151,2397741;25851,2843917
8409,41816,7841129
8413,36612,6135465
8420,33486,5501249;37173,6890734
8431,30472,4649450
8432,22007,751350;39517,7331274
8434,28596,3254663
8435,20201,85763;36341,5771962
8475,21407,670572
8477,23051,1284023
8478,43552,7938135
8480,22000,751334;38876,7250964
8495,37129,6890637
8497,32394,5434742;38550,7249463
8518,37127,6890634
8519,20386,86170
8520,23256,1370858
8525,34784,5512495
8528,33556,5501448
8542,21237,639703
8543,29703,4391728
8549,36054,5770963;38405,7249119
8554,24662,2231460;26395,2845442
8556,28384,3112501
8557,28667,3354764
8561,28275,3112171;38987,7251228
8578,40275,7589404
8585,28549,3112942
8587,25043,2397422;36690,6135710
8590,41714,7840572;43597,8012597
8616,32562,5435145
8618,31338,4816135;43888,8014454
8619,38980,7251204;44166,8100502
8636,23315,1469692;43749,8014129
8645,27440,3109857;33848,5508952;44545,8101820
8646,34235,5511004;40223,7589288;41194,7669163
8648,28406,3112552
8654,43001,7934543
8655,38315,7248917;40000,7380533
8656,41442,7839918
8659,26117,2844665
8661,34965,5512958
8662,41433,7839897;43507,7938028
8664,24533,2230567
8670,32274,5432916
8695,23938,2085747;32208,5397532
8699,24519,2230536
8701,38176,7248578
8709,39645,7331655;41875,7841553
8711,30313,4648372
8713,28484,3112785;36648,6135552
8735,22598,1099471
8749,43088,7934904
8753,22899,1283611;39986,7380501
8756,22196,1097446
8762,41009,7667969
8765,32690,5435555
8780,37973,7247854
8828,32333,5433992
8840,28684,3521835
8846,25838,2843882
8871,26852,2917279
8879,31262,4815922
8880,43917,8014524
8881,22666,1099689
8885,39898,7380283
8889,26363,2845349
8890,26364,2845361;42617,7853132
8894,32900,5499072
8895,27368,2919939
8901,21318,670306
8908,32608,5435317
8910,37905,7247700
8911,31587,4816786
8912,25709,2841171
8918,37287,6891094
8937,27376,2919954
8938,26981,2917907
8946,43954,8014611
8948,22693,1099767;37441,7063601
8950,22788,1189953
8952,26092,2844585
8955,37654,7064221
8959,28584,3254588;34486,5511785
8960,40241,7589332
8971,43720,8014063
8972,29465,4300155
8981,41637,7840387
8983,28140,3111838
8989,23351,1543031;33653,5501736
8992,30662,4652497
8993,31373,4816220
9013,42212,7844169;42864,7854714
9020,36762,6136067
9022,21411,670579;31810,4918088
9024,32105,5243833
9028,19943,69431
9042,28653,3342168
9045,20307,86011
9055,24470,2230429;33912,5509142
9060,22808,1190006;27686,3110540
9061,28299,3112228
9062,36581,6001795
9063,27807,3110856
9080,27691,3110550;33767,5504089;44272,8100891
9081,36578,6001778
9083,30255,4648196
9101,25100,2397568
9105,29531,4300313;32076,5076998
9111,37321,6891168
9114,25281,2515070;37189,6890764
9119,30518,4649618;31039,4750189
9125,33877,5509054;42239,7844232
9137,30211,4648079
9139,43980,8014670
9145,22305,1097852
9159,37179,6890745
9164,31420,4816316
9165,27389,2919994
9167,31600,4816812
9173,22702,1099817
9184,29447,4300115;36108,5771081
9186,26994,2917956
9188,34425,5511643
9201,19967,69491
9202,26533,2845843
9204,30965,4749916
9205,29114,4299278
9206,40498,7590728
9213,40246,7589342
9221,26356,2845328
9224,33535,5501378
9225,41311,7676304
9226,33938,5509233;37533,7063947
9234,32019,5076789
9236,37627,7064158
9238,30794,4749495
9250,39092,7251462
9270,26758,2846452
9271,30039,4644276
9272,36765,6136077
9281,19956,69464
9287,34762,5512437
9291,25878,2843990
9314,26747,2846429
9315,26000,2844341
9318,38652,7249986;40386,7590061;43421,7936567
9326,31493,4816489;44216,8100756
9327,29440,4300099;37614,7064122
9329,29918,4643718
9334,35401,5514869
9336,30098,4644683;35486,5515083
9341,35450,5515002
9353,42755,7853698
9366,40769,7667101
9367,23508,1801989
9370,25391,2515326
9379,29172,4299435
9380,42075,7843157
9389,23430,1633497;30321,4648399
9398,28219,3112025
9399,36598,6001854
9402,40124,7426563
9404,34062,5509589
9408,37969,7247846
9415,21649,678419
9417,36429,5772217
9418,21515,670886
9426,36753,6136036;39864,7333519;43013,7934579
9427,25862,2843947;40166,7589148
9429,30743,4652712
9434,30873,4749698
9436,27039,2918170
9437,23687,1888835
9460,40898,7667590
9466,25725,2841230;30341,4648512
9473,43622,8012673;43859,8014393
9476,36870,6267494
9478,42078,7843163
9479,26244,2845017
9500,21147,639432;43302,7936274
9525,38146,7248403
9528,26820,2846613
9533,28886,3703112;39108,7251497
9541,25042,2397420;32168,5332409
9542,25396,2515336;30747,4652723
9543,30985,4749963;43354,7936405
9545,33031,5499683
9549,-19,4391428;42518,7845265
9554,42596,7853065
9558,25254,2416618
9561,41069,7668144
9562,36329,5771925
9588,28319,3112291
9594,20156,85646;25300,2515119
9599,41026,7668011
9601,23215,1370744
9602,22898,1283609
9607,29032,3703611;30402,4649109
9609,20117,85561
9613,38957,7251147
9618,23163,1370578
9637,30501,4649525
9642,39642,7331649
9658,33218,5500329
9664,37262,6891035
9666,43416,7936557
9667,27014,2918026;38518,7249382
9671,23344,1543013
9673,26283,2845134;35769,5515738
9674,38003,7247933
9675,-19,4391507
9676,33449,5501150;35838,5515930
9677,21845,750890;37764,7064664
9680,37366,7063404
9681,24215,2151497;24748,2320985
9682,23778,1987334
9687,20241,85872
9706,32907,5499091
9709,42641,7853211
9719,23219,1370753
9723,43099,7934932
9725,44298,8100972
9729,19867,64994;30075,4644369
9732,26179,2844862
9738,27608,3110336;38833,7250871
9740,26572,2845940
9742,22285,1097791
9744,32887,5499031
9749,24199,2151441
9751,42240,7844234
9761,27246,2919341;34756,5512422
9762,20552,86523
9766,22292,1097811;37015,6565206
9773,43807,8014265
9783,26510,2845737
9801,22142,1097243
9807,44267,8100881
9809,25535,2685747
9810,26036,2844444
9817,21619,678341
9821,29011,3703544
9823,23809,2031605
9827,25255,2416620
9828,23130,1370490;26093,2844587;35356,5514748
9830,33059,5499761
9837,30944,4749868
9840,24609,2230724
9849,27036,2918165
9856,23143,1370525;37988,7247895
9864,26876,2917400;27880,3111037;40815,7667234
9865,42856,7854695
9874,32295,5432961
9880,30540,4649665
9882,26767,2846472
9883,22881,1283563
9900,35715,5515619
9903,24383,2230171
9904,40141,7481161
9905,39967,7380445
9906,43513,7938040
9950,22393,1098208;43090,7934908
9952,21030,604955;37417,7063523
9953,35362,5514777
9956,30467,4649440
9965,23817,2031622
9969,24909,2397123;37196,6890787
9973,41087,7668879
9976,39116,7251513
9977,29983,4643920
9980,27066,2918657
9990,34366,5511478
10005,30503,4649527
10006,25371,2515276;40728,7627614
10013,36955,6565029
10026,24207,2151464
10044,24808,2396841
10052,31455,4816401
10062,20484,86375
10064,44076,8100298
10082,43898,8014478
10103,39387,7308431
10108,20523,86465
10113,34085,5509642
10124,31562,4816736
10169,35469,5515030
10182,41108,7668943
10187,31226,4750697
10194,42219,7844183
10195,28783,3617964
10198,40662,7591420
10204,21342,670375
10205,41630,7840373
10215,23552,1879886
10228,34101,5509685;43325,7936328
10231,28087,3111714
10235,34412,5511614
10238,39723,7332239
10241,20598,86658
10246,31526,4816665;37819,7235641
10248,35498,5515107
10255,23629,1888692
10264,19897,69285;29051,3703670
10265,37556,7063996
10266,35284,5513817
10270,26942,2917609;43233,7935460
10273,40002,7380536
10275,41449,7839937
10285,25960,2844224
10296,41138,7669036
10305,31464,4816428
10308,26989,2917946;44121,8100399
10310,26056,2844493;29179,4299450;30642,4652445
10312,40310,7589481
10323,32801,5498705
10333,26298,2845175
10337,43215,7935415
10340,43845,8014361
10344,29103,4299249
10345,36060,5770975
10352,25943,2844185
10353,41159,7669090
10375,20516,86448
10383,39968,7380447
10410,38447,7249211
10419,27635,3110418
10420,32201,5397518
10423,25924,2844138
10424,28761,3586908
10441,25242,2416595;36576,6001768
10443,40433,7590389
10447,33353,5500826
10448,20313,86022
10455,22033,751409
10456,30909,4749790
10457,28336,3112345
10466,28293,3112214
10467,31446,4816383
10470,29563,4300391
10471,41678,7840488
10473,-19,4391496
10475,20067,85458
10476,22867,1283528;44575,8101891
10480,27319,2919736
10507,27716,3110604
10513,29907,4643667
10516,21026,604947;32548,5435116;37848,7235727
10518,19843,64913;32861,5498969
10522,35759,5515715;36289,5771600;40489,7590640
10543,39320,7254400
10546,20361,86123;35202,5513614
10549,29956,4643846
10550,26278,2845115
10555,32575,5435173
10559,20545,86509;21045,639129;42338,7844452
10561,37799,7065047
10563,29765,4391914
10571,19908,69311
10574,34865,5512703
10586,31743,4917873
10594,24993,2397309
10600,34633,5512112
10602,33026,5499671;33664,5503667
10603,34822,5512578;38810,7250783
10604,36719,6135780
10605,30594,4649805
10607,21724,678594
10608,38000,7247919
10610,43312,7936294
10612,21126,639372
10614,30275,4648241
10622,29758,4391892
10629,29788,4391967
10634,27147,2918984;42246,7844249
10637,38144,7248399
10639,37778,7064950
10643,38715,7250170
10644,24167,2151348;33546,5501421;38271,7248791
10650,36621,6135488
10663,28575,3182032
10680,24412,2230240
10686,21226,639666;36373,5772046;44529,8101698
10691,25769,2843714
10693,21719,678580
10695,27498,3110019
10701,31766,4917940;38161,7248550
10709,26723,2846350
10711,21576,678199;24665,2231466
10712,41788,7841065
10713,35672,5515507
10714,36552,5925026;40915,7667640
10719,27208,2919244;37827,7235662
10726,30694,4652588
10729,41209,7669202
10735,33315,5500674
10736,25442,2515437
10738,20508,86424
10749,32384,5434722
10751,42667,7853275
10759,31860,4918236
10761,39946,7380394
10762,26619,2846070;39261,7254207
10763,33629,5501657
10774,30460,4649424;36363,5772019
10776,31550,4816712
10779,41515,7840085
10783,22325,1097932;44160,8100490
10805,36995,6565153;44053,8014870
10806,26424,2845531
10814,39747,7332295
10815,38170,7248566
10817,28581,3254579
10828,35739,5515671
10830,19905,69304;40627,7591343
10831,23779,1987337
10832,38746,7250239
10843,32184,5397477
10844,31816,4918102
10848,22185,1097402
10855,36338,5771948
10860,30502,4649526
10861,22826,1283419;35701,5515585
10869,31673,4902888
10894,29351,4299890;30237,4648143
10905,33830,5508901
10910,35984,5656727
10913,35148,5513496
10915,24716,2231580;41900,7841610;41963,7841914
10916,42450,7844739
10919,36741,6136001
10923,25694,2841140
10924,43983,8014676
10931,24680,2231500;40441,7590416
10935,25393,2515330;32053,5076930
10939,37440,7063594
10940,23674,1888803
10951,19866,64992
10966,22337,1097962
10970,22810,1190010;38507,7249355
10983,37890,7247662
10990,28041,3111497;36558,5925041
10991,44481,8101593
10992,24754,2320997
11000,23554,1879890
11003,24464,2230416
11008,20890,602014
11017,24740,2231630
11024,42282,7844328
11028,23954,2085814
11039,22597,1099469
11043,42187,7844113
11046,24644,2231412
11048,28444,3112673;34394,5511574
11050,26412,2845501
11057,37535,7063951
11060,25108,2397587
11069,39519,7331283
11077,41352,7753691
11080,38687,7250099
11082,35209,5513628
11090,27668,3110492
11097,30444,4649390
11100,23831,2052213;26368,2845371;43072,7934852
11101,19775,62744
11103,26046,2844472;27661,3110479;42411,7844654
11109,23838,2052236
11116,34583,5512006
11117,28509,3112851
11129,41839,7841420
11131,22300,1097834
11137,38393,7249092
11139,29714,4391762
11151,21554,671017;31236,4750729
11153,21833,750859
11169,21904,751086
11175,43728,8014084
11178,33552,5501437
11181,20061,85448
11187,20348,86096;36244,5771417;36286,5771568
11191,38306,7248899
11193,31853,4918212
11200,42303,7844378
11206,40636,7591361
11208,22786,1189949
11213,20184,85725
11214,24963,2397243
11215,42948,7934395;43900,8014482
11218,22009,751354;34885,5512746
11219,35894,5516056
11222,43317,7936307
11224,30716,4652648
11226,33249,5500444
11230,23485,1801931
11233,29938,4643789;37222,6890845
11234,37807,7235613
11270,34983,5513013
11278,43817,8014297
11279,22660,1099672
11281,40425,7590365
11282,23484,1801929;30745,4652717
11287,39618,7331590;41505,7840064
11288,25208,2398081
11292,30149,4645206;40524,7591114
11297,42345,7844469
11300,31002,4750025;35502,5515117;36853,6196535
11302,32615,5435333
11303,22299,1097832
11304,37072,6565348
11310,37295,6891109;42868,7854722
11314,25695,2841142
11318,26336,2845273
11338,19871,65010
11339,20362,86125;36886,6279766
11343,38927,7251084
11344,36379,5772064
11347,30595,4649806;33439,5501121
11349,25021,2397375;41001,7667947
11353,20477,86360
11355,29388,4299976
11357,35281,5513810
11359,28879,3703089;33006,5499612
11363,27560,3110224
11371,27616,3110352
11379,29071,3725632
11382,39463,7331123
11384,31264,4815926
11385,34221,5510978;43565,7938167
11393,20980,602248
11396,19748,62656;36173,5771234;44285,8100924
11397,27019,2918114
11408,27700,3110569
11416,41370,7753731
11417,32864,5498974
11423,22880,1283557
11427,21368,670451;38537,7249434;42270,7844301
11434,27531,3110151
11436,27188,2919194
11447,25536,2685750
11450,23233,1370799
11451,28945,3703278;32894,5499050
11452,24576,2230653;30355,4648543;34596,5512032
11456,33400,5501010
11460,31189,4750581
11461,34692,5512261
11477,26550,2845887
11479,26680,2846230
11482,28024,3111377
11483,33860,5509009
11484,21507,670870
11493,43104,7934950
11495,27179,2919171
11499,31924,5076286;40105,7380761;42070,7843147
11503,34422,5511637
11507,36614,6135469
11509,29362,4299916;31324,4816105
11512,21570,678184
11513,33096,5499900
11515,30668,4652511
11520,34732,5512362
11522,39382,7308414;41803,7841103
11523,24935,2397179;35096,5513286
11533,33326,5500711
11534,36543,5925002
11536,21070,639216
11537,23092,1370387
11540,43098,7934929
11541,24849,2396948
11543,35580,5515295
11547,24629,2231378;26985,2917938
11550,32804,5498710
11561,27725,3110630
11564,27202,2919229
11580,25907,2844063
11585,41014,7667979
11588,43758,8014151
11592,32470,5434930
11593,19981,69629
11599,23804,2031594
11602,30392,4649085
11604,22282,1097782;35931,5591320
11605,22269,1097735
11610,39799,7333295
11611,34973,5512982
11612,27506,3110059
11615,33332,5500741;42123,7843279;43247,7935524
11619,23959,2085824;24217,2151502
11623,43787,8014217
11625,26754,2846444
11628,36057,5770969
11630,27362,2919909
11632,22179,1097373;40186,7589207
11633,30926,4749828
11634,38257,7248760
11648,21682,678499
11651,27582,3110283
11659,37816,7235633
11662,31964,5076596
11666,24423,2230325
11670,21516,670889;36954,6565027
11671,22939,1283717
11672,25506,2685673
11681,23210,1370733;23811,2031609;39199,7252042
11686,22158,1097296
11687,34145,5509829
11690,24087,2137874
11695,21624,678357
11706,35736,5515665
11713,40518,7590927
11720,40696,7592563
11730,32918,5499260
11741,22711,1099837;26290,2845151;43381,7936471
11744,42321,7844419
11747,38956,7251145;42147,7843341
11750,44508,8101651
11751,32416,5434794
11752,29414,4300038
11753,35507,5515127
11758,32400,5434760
11779,37167,6890724;39470,7331137
11780,28305,3112244;41387,7753768
11803,30068,4644355;39145,7251912
11811,43883,8014444
11815,19971,69501;34850,5512647
11831,27933,3111167
11832,40855,7667474
11833,38228,7248696
11834,21918,751116
11837,23890,2085640
11859,34414,5511618
11860,25558,2685805
11862,23237,1370808;39885,7380256
11864,34591,5512022
11865,30821,4749565
11868,43398,7936508
11873,39684,7332154
11874,27590,3110300
11883,25571,2840850
11898,28191,3111963
11905,36069,5770994
11910,23766,1987301
11917,42638,7853199
11919,38689,7250103
11921,29224,4299557;41142,7669047
11931,34439,5511671;43263,7935936
11958,42519,7845267
11964,22799,1189984
11976,20613,86692
11997,36777,6136110;42252,7844261
12001,26880,2917408
12006,19998,69683
12018,23462,1801883;43609,8012638
12023,30495,4649508
12029,41921,7841655
12032,22548,1099307
12041,38820,7250813
12067,26883,2917417
12068,30714,4652644
12069,32671,5435496
12079,23757,1889005
12082,41956,7841734
12086,19776,62746
12087,32483,5434959
12090,40635,7591359
12094,33577,5501516
12102,42835,7853903
12106,38756,7250396
12107,33301,5500637
12109,37146,6890674
12111,39139,7251896
12114,38813,7250794
12121,37104,6890585
12149,33797,5508814
12167,42792,7853784
12201,36540,5924990
12210,34091,5509661
12228,31932,5076314
12235,28782,3617962
12242,41231,7676099
12253,43670,8013941
12272,35711,5515611
12273,40019,7380570
12276,44135,8100433
12286,28435,3112648
12308,40376,7590021
12316,44317,8101013
12320,28496,3112820
12321,41476,7840000
12324,41852,7841498
12337,38805,7250768
12339,24984,2397290
12346,23523,1812104
12347,39083,7251444
12348,28230,3112053
12350,31990,5076671
12355,36121,5771119
12358,29007,3703530
12359,30721,4652663
12363,21163,639490;27788,3110816
12365,36964,6565050
12386,22352,1098070
12387,36932,6564963
12390,33293,5500601
12391,37785,7065022
12394,28410,3112572
12396,36307,5771861
12410,19883,69251
12417,23128,1370483
12418,36523,5924936
12420,22077,751510
12433,26409,2845495
12434,32639,5435426
12439,32718,5435621;43514,7938042
12445,40215,7589269
12447,23636,1888710
12448,25350,2515229
12450,24651,2231429
12453,39074,7251422
12454,26455,2845603
12463,34455,5511712
12466,33437,5501116
12471,31137,4750423
12475,19976,69512
12484,38757,7250434;40694,7592559
12487,39851,7333466
12488,40133,7426580;43785,8014213
12489,31489,4816482
12495,28748,3586879
12513,26426,2845536
12517,33406,5501031
12534,23214,1370742
12536,28493,3112814;34695,5512267;36204,5771318;40925,7667668
12537,22246,1097660
12538,31752,4917899;37930,7247754
12540,24476,2230441
12541,34876,5512725
12544,39725,7332243
12547,28415,3112590
12566,41388,7753770
12567,36704,6135750;38682,7250089
12571,29145,4299358
12573,34383,5511538
12576,31869,5076135
12578,29393,4299988
12579,26593,2845995
12593,31666,4902873
12606,23404,1633438
12607,44061,8100261
12610,34555,5511934
12611,20449,86305;27704,3110581;30911,4749794
12615,37670,7064261
12618,36806,6196346
12620,35040,5513147
12621,35669,5515501
12623,37490,7063709
12627,44539,8101808
12637,27906,3111103
12638,30878,4749712
12639,44204,8100722
12641,28982,3703400;39920,7380334
12643,28367,3112464
12652,22497,1099117
12654,38615,7249620
12656,28878,3703086
12698,31443,4816377
12699,36532,5924967
12700,21942,751173;25435,2515422;32577,5435177;35382,5514848
12702,25394,2515332
12703,35553,5515231
12704,43761,8014157
12709,19930,69392;37084,6806233
12711,35961,5598254
12713,25748,2841287
12716,23282,1370928
12722,27948,3111201
12729,35004,5513071
12730,31445,4816381;38930,7251090
12732,34894,5512769
12735,26475,2845655
12743,39372,7256275
12748,25039,2397411
12756,24634,2231389
12768,19830,64543
12775,24329,2230031;30364,4649027;36456,5772289;44046,8014856
12779,32919,5499266
12782,44268,8100883
12792,25609,2840942
12801,28037,3111487;28127,3111808;36896,6279787
12802,39825,7333384
12805,41856,7841506
12806,32568,5435158
12807,43281,7935973
12812,21541,670986
12818,23388,1633356;37109,6890595
12828,23435,1633508;27500,3110044
12834,23295,1370959;33279,5500546
12835,40951,7667734
12847,25744,2841280
12855,21455,670688;28066,3111556
12858,26937,2917596;27479,3109964
12861,19929,69388;27383,2919971
12863,43978,8014666
12893,19937,69413
12897,20385,86168
12899,22623,1099568
12900,27820,3110884;40877,7667530
12901,32879,5499010
12910,28580,3182044
12911,34077,5509621
12912,31092,4750312
12925,44207,8100733
12932,25373,2515280
12934,20248,85886
12936,24307,2229946
12946,25312,2515147
12951,33474,5501213
12954,29711,4391755
12970,33403,5501025
12977,24765,2396703;37941,7247780
12985,29180,4299451
12996,23920,2085711
13003,33075,5499822;33520,5501339
13004,34196,5510897
13005,29109,4299265;33052,5499744
13007,43342,7936376
13022,26614,2846059
13023,32233,5432040
13030,36749,6136020
13032,36617,6135476
13036,43724,8014071
13038,28983,3703405
13041,20923,602096
13042,24949,2397209
13050,22793,1189969;40398,7590166
13052,34370,5511486;41874,7841551
13056,29126,4299307
13057,20118,85564
13065,41439,7839914
13070,41605,7840299;43678,8013962
13073,31972,5076614
13075,39891,7380268
13079,28764,3586915
13082,32973,5499506;33511,5501315
13092,23013,1283900;26846,2917268;31803,4918064
13095,20904,602055
13101,36693,6135718
13103,32128,5243897
13108,40861,7667493
13109,43002,7934546
13118,24600,2230704
13122,43255,7935909
13124,38818,7250804
13127,39201,7253987
13128,40483,7590583
13129,26369,2845374
13130,29814,4446586
13134,37234,6890866
13136,35071,5513233
13137,25805,2843803
13141,35971,5598273
13155,30771,4747556
13160,38356,7249010;41053,7668069
13173,32267,5432901
13197,20948,602174
13218,33902,5509117;42783,7853765
13221,42192,7844123
13229,25868,2843960
13232,20983,602258
13235,42882,7854770
13237,34278,5511102
13238,23480,1801919
13248,35921,5591301
13255,35258,5513738
13262,20190,85735;26768,2846474
13281,30882,4749728
13282,20332,86061;32380,5434684
13283,33203,5500276;37008,6565189
13287,21531,670923;33827,5508895
13289,34685,5512247
13301,41497,7840045
13302,26279,2845118
13307,39559,7331381
13308,27169,2919078
13329,32467,5434909
13334,22420,1098299
13337,31744,4917875
13350,32089,5166534
13365,40556,7591187
13372,28445,3112676
13386,34487,5511787
13389,35925,5591307
13396,25046,2397428
13400,39771,7332347
13403,21734,678617
13420,38773,7250643
13421,26275,2845108;37669,7064254
13426,22079,751514
13446,42235,7844224
13448,33655,5501740
13449,30617,4652373
13451,28916,3703185
13452,21969,751250
13460,41795,7841084;43731,8014090
13461,29950,4643826;35104,5513312;41529,7840116
13464,25225,2416561;33814,5508848
13468,40198,7589231
13473,33067,5499794
13474,28332,3112333
13483,31005,4750111
13485,25298,2515113
13487,23125,1370474
13491,30486,4649489
13492,34787,5512501
13495,31153,4750490
13504,23845,2062432;34872,5512717
13515,26551,2845889
13520,29915,4643711
13524,26978,2917800
13529,30611,4652358
13534,20101,85530;43034,7934656
13535,22588,1099441
13536,33875,5509050
13538,43799,8014244
13553,20291,85980;22221,1097570;44106,8100366
13555,41654,7840431
13557,36525,5924941
13567,44595,8101940
13568,28613,3254707
13571,36681,6135687
13586,20322,86041
13591,43084,7934896
13596,28516,3112866
13598,25217,2398098
13599,42925,7934345
13602,22164,1097319
13609,40859,7667484
13616,34744,5512398;43765,8014165
13633,30374,4649047
13635,28801,3618029
13636,21548,671004;26404,2845483
13641,23668,1888790;39128,7251869;42730,7853639
13642,34382,5511536
13646,26135,2844711
13648,25889,2844016
13653,25783,2843748;32189,5397487
13659,32903,5499082
13660,20565,86552
13661,38783,7250722
13663,30542,4649671;43164,7935300
13664,35998,5656758
13665,26973,2917788
13666,20944,602139
13667,24645,2231413
13669,42680,7853301
13671,27505,3110057
13688,30718,4652652
13696,19823,64527
13698,29268,4299664;42762,7853715
13700,26132,2844704
13702,41424,7839879
13705,38247,7248740
13713,22507,1099168;32143,5332345
13726,31710,4917778
13734,28607,3254691
13737,42127,7843287
13739,42231,7844210
13751,25676,2841099
13752,21788,750756
13753,36041,5770940
13764,44430,8101466
13769,24480,2230450
13772,24589,2230681
13783,31735,4917844
13784,37616,7064126
13785,43937,8014572
13794,34514,5511845
13806,42916,7854896
13810,23731,1888945
13811,38409,7249127
13812,38512,7249370
13821,34129,5509767
13823,31018,4750138;38425,7249163;43698,8014010
13830,20100,85526;40878,7667532
13845,28714,3521945
13846,29213,4299529
13848,30101,4644698;41003,7667952
13857,27102,2918741
13859,33654,5501738
13861,24295,2229896
13865,22876,1283548
13891,29530,4300311
13893,29826,4466556;34900,5512785
13896,20400,86199
13905,26012,2844382
13912,21311,670292;25912,2844076
13914,29150,4299371;33183,5500183
13918,22943,1283732
13919,34646,5512145
13926,42996,7934519
13927,23266,1370886
13932,28664,3354753
13945,43740,8014111
13952,39542,7331346
13953,35522,5515160;40289,7589435
13961,36876,6267511
13963,38821,7250848
13968,24075,2086144
13976,24079,2086155;39688,7332162
13980,34181,5510762
13981,22503,1099148;28856,3703027
13985,21880,751015
13986,35792,5515793;36591,6001821
13992,25882,2844000
14000,31791,4918024
14003,33373,5500902
14005,21844,750887
14014,27275,2919439
14015,25508,2685678
14022,25163,2397768;35962,5598254
14024,23192,1370672
14025,27636,3110420
14032,30452,4649408
14033,36945,6565002
14038,25687,2841122
14043,42885,7854779
14055,30394,4649089
14057,35570,5515275
14060,26228,2844979
14061,24351,2230090
14062,22397,1098222
14063,23283,1370930;27793,3110826
14064,29472,4300171
14073,40358,7589965
14079,39821,7333372;42283,7844330
14092,25290,2515094
14093,24642,2231408;39077,7251428
14102,38388,7249082
14105,33632,5501664
14106,26548,2845881
14119,27946,3111197
14121,38443,7249203
14129,37565,7064017
14132,22439,1098380;44195,8100700
14136,22230,1097602
14146,40224,7589290
14155,20259,85920;30723,4652667
14156,24818,2396873
14157,39934,7380366
14160,23207,1370727
14169,26502,2845719
14173,24390,2230187
14184,40200,7589240
14186,25974,2844257
14197,43495,7938001
14199,-19,4391535;41452,7839943
14201,23837,2052233
14205,21469,670761
14207,37175,6890737
14217,23765,1987298
14220,32283,5432937
14221,43510,7938034
14233,24743,2320975
14236,35422,5514918
14239,32668,5435491
14240,36291,5771604
14243,43012,7934576
14246,44098,8100350
14252,24527,2230556
14254,25077,2397500;40247,7589344
14255,21862,750980
14269,21361,670419
14270,42496,7845213
14271,34614,5512071
14272,43209,7935403
14290,25167,2397777;43106,7934954
14291,23715,1888904
14293,36365,5772024
14297,35799,5515821
14299,25474,2515513;26518,2845754;26958,2917757;41784,7841057
14304,22882,1283569
14307,29849,4553149
14308,44210,8100739
14310,23500,1801964;33008,5499620
14311,35779,5515758
14312,24729,2231609;29854,4553160;31937,5076325
14314,24536,2230573;26635,2846115
14316,43901,8014484
14317,31504,4816517
14319,26926,2917562
14324,19773,62740
14332,21856,750926;38657,7250032
14337,20049,85382;33348,5500796;33693,5503820;38970,7251182
14344,19784,62930;29554,4300369;38338,7248966
14348,24458,2230402
14349,40537,7591146
14352,41417,7754011
14354,36360,5772012
14359,21590,678260
14370,39732,7332257
14379,21307,670285
14380,41707,7840558
14388,27471,3109948;28973,3703367
14389,26620,2846075;27699,3110567
14391,23952,2085809
14400,30904,4749778
14402,43352,7936401
14403,25933,2844160
14407,20521,86462
14408,21196,639579;23123,1370470;38302,7248891
14410,42652,7853232
14413,21623,678355
14418,41098,7668912;42729,7853637
14434,34665,5512204
14436,44551,8101833
14439,20329,86055
14441,26320,2845232
14442,20433,86263
14448,38054,7248078
14451,43821,8014305
14460,42536,7845319
14466,25648,2841039;36834,6196486
14480,31941,5076346;32551,5435121;37678,7064284
14485,19769,62717
14495,27771,3110776
14502,28474,3112756
14504,25524,2685722
14517,23161,1370574
14522,35555,5515240
14530,33889,5509090
14536,26690,2846256
14542,32121,5243881
14545,29132,4299323
14547,23044,1284003
14555,31115,4750360
14557,43541,7938108
14561,38501,7249339
14563,37676,7064279
14565,23272,1370902
14566,37315,6891153
14569,37410,7063509
14573,22838,1283448
14595,39673,7332128;41340,7753666
14600,23376,1543089;26719,2846336
14621,34254,5511046;34648,5512150
14625,23900,2085665
14632,43213,7935411
14633,23726,1888934
14635,20271,85943;35197,5513601;35652,5515463
14636,43641,8013874
14645,20568,86558
14647,22769,1100003;38431,7249175;38454,7249225
14651,34829,5512597
14652,31333,4816125
14654,23735,1888953;23826,2052198;40068,7380678
14660,23927,2085726
14663,28414,3112588
14667,30317,4648381
14672,39872,7333589
14679,43015,7934585
14681,24171,2151359
14682,28222,3112034
14683,38688,7250101
14692,38704,7250147
14701,24922,2397150
14711,31532,4816678
14713,30994,4749984
14716,22003,751342;23814,2031617
14720,36142,5771162
14725,30880,4749717
14731,35974,5598281
14732,23570,1888518;35131,5513369
14737,39244,7254151
14747,42394,7844616
14755,27941,3111185
14758,32849,5498930
14762,41221,7676078
14768,31958,5076388
14771,21164,639492;41327,7753637
14772,28696,3521908
14773,24044,2086068
14776,21086,639257
14778,32110,5243849
14782,36533,5924969
14786,40259,7589369
14792,40364,7589980
14793,40736,7627630
14795,38492,7249316
14798,25662,2841070
14801,24786,2396748
14803,34315,5511242;36640,6135527
14804,33914,5509146
14808,35229,5513672
14824,28526,3112890;38860,7250929
14828,41820,7841141
14835,32344,5434611
14836,33786,5508792
14858,31711,4917780
14867,26401,2845477;35529,5515174
14873,34772,5512463
14876,34832,5512603
14879,28049,3111515;37304,6891132
14881,40508,7590824
14884,22610,1099534
14904,28868,3703061
14906,22830,1283430
14907,32191,5397492
14909,27993,3111309
14911,23209,1370732
14926,37474,7063674
14935,39175,7251985
14938,21643,678404
14944,36560,5925045
14949,37826,7235660;44384,8101352
14953,28358,3112421
14957,30329,4648418
14964,31260,4750804
14974,28775,3586945
14977,26432,2845550;32421,5434808
14980,29043,3703646
14986,24563,2230628
14992,33697,5503832
15000,31484,4816471
15003,21169,639505
15004,21186,639552
15010,40372,7590009
15013,43753,8014137
15015,32000,5076703
15016,26410,2845497
15017,25981,2844275;36510,5924900
15022,44516,8101671
15023,31270,4815942
15027,39630,7331622
15032,36812,6196370
15033,39123,7251859
15036,42199,7844137
15053,39979,7380484
15054,32495,5434982
15057,21099,639291
15063,28207,3111998;42781,7853763
15064,32633,5435414
15065,28088,3111715
15066,24912,2397129
15077,25036,2397404
15084,40976,7667881
15106,29569,4300403;36256,5771442
15118,36132,5771140
15136,43699,8014012
15137,22074,751503
15139,35019,5513101
15141,26631,2846106;41316,7676315
15162,21232,639688
15168,19851,64932
15188,21278,670215;29884,4643598
15193,32030,5076824
15194,23616,1888655
15196,28505,3112841
15200,32174,5332424
15201,43696,8014008
15204,25627,2840987
15205,29246,4299607
15206,29568,4300401
15211,25399,2515343
15212,24994,2397310
15219,36519,5924922
15220,23696,1888855
15229,26328,2845253
15239,38384,7249074
15241,32338,5434003
15243,21874,751003
15247,30624,4652398
15252,29373,4299941;44589,8101919
15265,30566,4649719
15270,22350,1098062;26055,2844491
15272,28366,3112462
15273,34970,5512973
15278,22998,1283863;31284,4816014
15279,25986,2844312
15281,29002,3703492
15283,32936,5499333
15286,37698,7064328
15292,43076,7934876
15293,28601,3254678
15296,34871,5512715
15299,41447,7839933
15302,26264,2845068;27597,3110314
15308,30359,4648557
15314,27752,3110704
15324,31044,4750201
15325,33336,5500751
15327,29676,4391641
15328,26703,2846303
15332,28990,3703439;35535,5515186;42048,7843097
15338,20966,602216
15343,23299,1370968
15346,20984,602261
15349,27632,3110413
15352,37916,7247722
15353,28546,3112935;35543,5515213
15354,31349,4816159;36271,5771504
15372,36274,5771511
15377,31136,4750420
15378,32456,5434883
15385,24595,2230691
15388,25360,2515252
15394,37178,6890743
15403,27162,2919021
15414,37025,6565233
15431,19912,69332;31799,4918043
15437,35824,5515902
15443,42184,7844102
15447,44234,8100791
15450,31542,4816697
15451,21537,670937
15453,26695,2846266
15456,25246,2416603
15468,28075,3111593
15470,36372,5772044
15471,24524,2230549
15472,30036,4644269
15477,25742,2841275
15479,26119,2844670
15482,24246,2151572
15485,22313,1097887;43365,7936435
15492,28674,3354787
15497,24636,2231393
15505,34820,5512571
15513,38775,7250647
15514,25250,2416611;30657,4652478
15519,27263,2919412
15521,36797,6136158
15522,19804,62995;35024,5513114
15532,31852,4918210
15533,36026,5770904;42043,7843085
15534,31885,5076174
15535,33103,5499922
15539,33862,5509021
15543,43661,8013918
15546,26955,2917752
15548,26313,2845216
15559,29734,4391817
15560,21920,751120;43466,7936703
15564,36539,5924981
15567,38995,7251244;39678,7332138
15569,26310,2845208
15571,23815,2031618
15572,43123,7935111
15575,30956,4749894
15579,29678,4391647
15592,37070,6565345
15594,36759,6136052
15595,23314,1469690;34244,5511026
15607,33056,5499753
15612,21312,670294
15615,36916,6564915
15616,43096,7934920
15625,30214,4648089
15632,44190,8100690
15633,27168,2919076
15634,31643,4827751
15640,41538,7840134
15649,42679,7853299
15653,40937,7667692
15654,39677,7332136;44331,8101042
15658,30049,4644303
15661,43711,8014037
15663,39594,7331465
15664,30418,4649302
15671,25819,2843836;36706,6135754
15672,20504,86417
15675,31309,4816068
15676,29443,4300107
15679,25595,2840903
15684,19873,65014;29058,3703693
15685,25757,2841304
15686,26611,2846052;41787,7841063
15694,32999,5499592
15696,25004,2397334
15698,20868,497186;22850,1283478
15701,25897,2844034
15705,27693,3110554
15715,25392,2515328;42653,7853234
15716,25796,2843779
15721,24559,2230619
15722,30967,4749920
15724,23939,2085749
15730,19771,62736
15732,20363,86127
15737,19926,69381
15738,36839,6196498
15739,39781,7332370;39994,7380517
15747,29211,4299525
15748,25517,2685701
15750,35557,5515249
15752,31490,4816484
15759,31500,4816507
15763,22997,1283860
15764,41233,7676103
15768,29137,4299336
15778,26771,2846480
15780,27373,2919949;28707,3521932
15783,32831,5498806
15786,36391,5772117;42288,7844340
15787,31496,4816496;36909,6564894
15796,19924,69375;29519,4300280;33192,5500214
15798,31181,4750566
15799,33874,5509045
15801,33895,5509102
15814,28154,3111870
15819,22032,751406
15820,31116,4750362
15839,28598,3254669
15842,20424,86246;39554,7331370
15852,28629,3342107
15862,33169,5500142
15863,39026,7251315
15868,33370,5500892
15874,21007,602337
15876,24181,2151393;36511,5924903
15877,40562,7591203
15894,21207,639611;23261,1370873
15924,22560,1099335;40688,7592542
15939,21443,670661
15945,22041,751432;30892,4749750;32074,5076994
15966,35879,5516022;42490,7845072
15970,42579,7853015
15971,39158,7251948
15972,21900,751076
15981,32697,5435571
15985,32554,5435128
15989,27650,3110453
15990,30576,4649739
16014,21343,670377
16021,35886,5516040
16022,27922,3111137;32576,5435175
16032,28971,3703361
16033,41298,7676265;43637,8013861
16034,32602,5435285
16039,44289,8100937
16043,42967,7934443
16051,25720,2841212
16060,33911,5509140
16061,31565,4816742
16068,24506,2230511
16070,34660,5512183
16072,36500,5830805
16073,34342,5511416
16074,37695,7064322
16077,27123,2918928
16090,33839,5508920
16094,30626,4652402
16097,24758,2321005
16101,42376,7844572
16102,21401,670562;33226,5500361
16116,31552,4816715
16123,32199,5397510
16125,36715,6135773
16129,24989,2397301
16131,32520,5435053
16132,39335,7254434
16134,23561,1888496;24730,2231611
16135,20000,69687;36596,6001847
16138,31700,4902949
16139,30997,4750001
16142,37954,7247812
16166,32381,5434687g
16173,43018,7934606
16175,27937,3111175
16176,21899,751074
16198,20018,69737
16204,23988,2085900;41541,7840143
16209,23630,1888694
16220,22458,1098448
16221,25591,2840895
16224,29641,4391566
16225,41546,7840153
16226,34883,5512742;41052,7668067
16232,26995,2917958
16234,32967,5499492
16241,25454,2515460
16242,34466,5511742
16248,36283,5771562
16255,33219,5500333
16260,20480,86366
16265,37840,7235698
16269,42765,7853721
16271,26060,2844502
16275,43694,8013999
16280,23189,1370666
16287,23362,1543056
16294,33944,5509271
16297,28682,3521830
16298,42183,7844100
16301,37470,7063666
16311,31188,4750579
16314,36420,5772189
16316,31016,4750132
16317,22335,1097957
16319,29195,4299487
16321,29226,4299561
16323,25582,2840876
16324,36666,6135640
16326,28115,3111777
16334,25853,2843921
16337,19917,69352
16339,21345,670381
16341,38571,7249525;42997,7934522
16343,30813,4749542
16359,29238,4299586
16363,40359,7589967
16364,23611,1888628
16373,36287,5771570
16387,31796,4918037
16389,30388,4649077;40395,7590157
16390,24353,2230094
16391,25923,2844136
16392,26011,2844380
16395,25005,2397336
16403,40281,7589419
16407,23461,1801881
16410,42072,7843151
16413,33810,5508840
16416,30578,4649743
16418,21115,639343
16422,42718,7853390
16425,36758,6136050
16432,35121,5513350
16433,33962,5509317
16441,28741,3586864;44566,8101870
16453,28762,3586910
16458,31933,5076316
16469,21963,751233;35007,5513077
16471,34911,5512811
16472,29319,4299783;38540,7249440
16475,29815,4446587
16476,27598,3110315
16477,22978,1283813;31067,4750248
16479,41629,7840371
16481,22494,1099101
16483,33758,5504062
16485,19922,69368;25207,2398079;39211,7254006
16493,26988,2917944
16498,27790,3110819
16501,38751,7250251
16502,20245,85879
16506,40619,7591324
16507,42658,7853249
16517,38479,7249287
16521,40088,7380721
16522,21916,751112
16527,31074,4750262
16529,33341,5500772
16531,28462,3112732
16535,25815,2843827
16536,35465,5515018
16540,29713,4391760
16542,33762,5504076
16546,23340,1469761
16548,41466,7839980
16551,34737,5512372
16552,34049,5509559
16555,31689,4902926;42344,7844467;43153,7935275
16561,40350,7589949
16562,33646,5501713
16567,26544,2845871
16569,22280,1097774
16575,43464,7936697
16589,21636,678385
16592,35381,5514830
16602,29254,4299625
16603,24116,2138030
16606,39602,7331550
16607,26325,2845246
16610,20532,86482;43911,8014504
16623,31847,4918196
16631,26563,2845920;29715,4391764
16635,24330,2230033
16638,33176,5500157;35344,5514675
16639,30815,4749546
16648,22055,751462
16650,40316,7589493
16655,37450,7063617
16658,39383,7308417
16661,36186,5771268
16663,37833,7235679
16669,31921,5076281
16671,34400,5511586
16685,36583,6001797
16687,20630,86728
16690,30750,4652729
16695,20404,86208
16700,19774,62742;37638,7064186;41566,7840203
16701,30177,4645297
16706,26344,2845292
16709,30521,4649630;31300,4816048;36827,6196453
16714,22252,1097680
16718,40971,7667865
16721,24493,2230483;30673,4652521
16741,21965,751239
16748,40093,7380732
16751,24205,2151458;36785,6136132
16752,44034,8014829
16769,44449,8101512
16774,21761,750673;25630,2840994
16777,25755,2841300
16779,42145,7843337
16780,42545,7846730
16781,39721,7332235
16783,23249,1370840;37145,6890673
16790,33427,5501089
16792,28610,3254701
16802,22672,1099705
16804,42548,7846737
16808,30008,4644195
16817,25094,2397538
16818,23624,1888682
16819,24413,2230243
16822,40596,7591274
16823,37752,7064581
16830,22307,1097859;23603,1888605
16831,23656,1888762
16841,21731,678610;29080,3725650;34881,5512739
16842,37003,6565177
16851,26281,2845130;26849,2917273
16859,43579,7941870
16860,22861,1283508;24218,2151503;32978,5499517
16861,26447,2845586;31836,4918157;38006,7247939
16862,25357,2515246
16863,30227,4648120
16865,43874,8014423
16866,27117,2918903
16867,23520,1802019
16868,25053,2397451
16869,24534,2230569
16872,20309,86015
16875,25266,2416644
16877,33221,5500350
16880,20063,85451
16882,27978,3111265
16886,20306,86009;20510,86427;30152,4645213
16889,44066,8100273
16894,20210,85798;33004,5499606
16896,27957,3111220;30381,4649064;41208,7669195
16899,38199,7248631
16900,33836,5508914
16902,31771,4917970
16903,24309,2229969;35547,5515219
16905,35874,5516012
16917,21638,678389;26935,2917591
16918,24831,2396905;34840,5512619
16919,21707,678556
16924,39248,7254159
16926,28716,3521949
16928,25419,2515386
16940,21354,670401
16947,30009,4644197
16951,33752,5504047
16953,22206,1097484
16954,28451,3112704
16955,22944,1283734
16956,20034,69776
16959,29650,4391585;40814,7667231
16960,21234,639693
16961,23661,1888775;29542,4300342
16964,25661,2841069
16973,30199,4648049
16990,28189,3111959
16993,44275,8100902
16999,43038,7934687
17001,25134,2397647;30783,4749468;40610,7591306
17002,31091,4750310;40381,7590046
17003,36561,6001710
17007,23870,2062520;39753,7332307
17011,21166,639498;34830,5512599;38648,7249965;39888,7380262
17015,28354,3112406
17026,24292,2229889
17027,34947,5512911
17028,35145,5513490
17031,29280,4299693;33071,5499805;40375,7590018
17036,36906,6564886;43555,7938141
17041,20203,85766;28327,3112316;38052,7248074;39623,7331608;40230,7589302
17044,43334,7936351
17045,23358,1543045
17047,23372,1543079
17056,24319,2229993
17068,24272,2227267;29374,4299943
17072,21431,670633
17073,44208,8100735
17074,29102,4299247
17075,28828,3618090
17077,23866,2062504;33647,5501716
17080,38740,7250223
17081,27929,3111155
17084,24477,2230442;43776,8014196
17093,31404,4816284
17095,34674,5512222;42749,7853680
17099,25450,2515452
17102,23934,2085739
17103,26697,2846271;37035,6565255
17105,24835,2396913
17112,25543,2685769
17119,23730,1888943
17144,40378,7590033
17148,33043,5499716
17153,26242,2845012
17161,27996,3111315;43061,7934794
17165,24302,2229922;25677,2841102
17167,41290,7676249
17168,43887,8014453
17170,27345,2919869;36296,5771614
17171,20378,86153
17174,34893,5512766;40822,7667259;41958,7841901;43856,8014388
17175,36227,5771369
17179,38330,7248950
17182,21111,639333
17184,32045,5076896
17196,24078,2086152;33897,5509106
17202,21271,670202;23967,2085847
17216,42244,7844245
17219,28592,3254619
17222,20392,86185
17223,35614,5515375
17224,43503,7938020
17225,25671,2841090
17243,22326,1097935
17248,31205,4750628;35305,5513870
17251,35827,5515908
17254,33988,5509392;39212,7254008
17258,20397,86194
17261,26043,2844462
17264,21779,750711
17270,25387,2515318;30344,4648517;32146,5332352;44541,8101812
17278,30366,4649030;39548,7331358
17279,25776,2843731
17286,31231,4750712
17292,27842,3110949
17305,26091,2844583;28495,3112818
17309,38279,7248807
17312,30983,4749959
17314,42689,7853322
17316,44411,8101424
17319,37707,7064349
17320,21836,750864
17324,22321,1097922
17330,29250,4299617;37601,7064097
17331,36968,6565066
17334,22492,1099095;31707,4917771
17336,28180,3111935
17337,23877,2062536
17339,38440,7249193
17340,30851,4749649
17343,37435,7063562
17345,34178,5510725
17347,21921,751125
17351,35236,5513686
17352,22958,1283766;38888,7250999
17354,31612,4816836
17361,25949,2844198
17367,23673,1888801;42370,7844560
17368,40779,7667121
17369,29939,4643792
17374,40673,7591444
17377,40060,7380663
17378,36334,5771935
17396,30543,4649673
17399,32432,5434830;39855,7333478
17404,41716,7840576
17405,37798,7065045
17408,39488,7331189;41204,7669187
17410,28171,3111915
17413,27785,3110809
17415,22498,1099120
17416,34464,5511738
17429,26615,2846061
17433,39756,7332313
17441,26406,2845487
17445,26059,2844500
17450,21827,750848
17462,23718,1888911
17466,33994,5509404
17467,39348,7254475
17468,42911,7854886
17480,20620,86706
17481,30250,4648185;44582,8101905
17487,34963,5512952
17488,41489,7840029
17502,28898,3703140
17509,37659,7064231
17515,21291,670246;26773,2846484
17520,21520,670898;31759,4917915
17523,31161,4750515
17524,31554,4816719
17529,33265,5500491
17531,40761,7667085
17537,26893,2917480
17545,26606,2846041;40150,7481176
17548,21634,678381
17550,20367,86133;21895,751049
17551,25985,2844310
17552,40983,7667898
17573,27907,3111105
17576,43815,8014290
17578,37998,7247915
17580,37875,7247584
17583,22977,1283811
17597,26094,2844588
17602,24762,2396690
17607,42817,7853842
17610,30515,4649612
17614,26232,2844988
17615,34605,5512053
17616,39294,7254325
17620,28186,3111951;43564,7938165
17625,36343,5771965
17628,28264,3112149
17629,29081,4299185
17634,20567,86556
17638,34082,5509634
17647,21148,639435;24581,2230665;32818,5498764
17648,31975,5076623
17653,22675,1099712
17655,36521,5924933
17662,42716,7853386
17664,31233,4750717
17665,35129,5513365
17669,23288,1370942
17672,43846,8014363;44505,8101645
17687,23604,1888610;25314,2515151
17689,21990,751309
17690,21542,670988;36340,5771953
17693,31525,4816663
17702,27308,2919698
17709,35122,5513351
17714,20559,86538;43060,7934792
17715,24028,2086013;37803,7235603
17717,23369,1543072;31764,4917931
17720,35361,5514767
17722,31007,4750115
17727,23296,1370961
17728,37683,7064298
17747,31917,5076268
17749,35114,5513332
17751,31950,5076370
17752,36118,5771111
17753,29872,4643512
17755,38755,7250359
17756,39327,7254417
17757,32051,5076925
17758,26774,2846486;31288,4816022;32474,5434939
17759,43664,8013929
17761,31395,4816264;33330,5500734
17767,43628,8012685
17768,-19,4391486
17784,25545,2685775
17785,22832,1283435
17793,37524,7063926
17804,22347,1098055
17805,23522,1812102
17806,39577,7331420
17807,28743,3586868;41381,7753756
17812,26292,2845156;33726,5503911
17813,23984,2085892
17816,40744,7667047
17823,23365,1543063
17827,37496,7063721
17830,35032,5513131
17832,31024,4750154;31966,5076600;38364,7249030
17839,28587,3254594
17840,25400,2515345
17848,23710,1888894;37592,7064075
17849,37841,7235706
17851,22370,1098130
17854,34924,5512856;42778,7853752
17855,41929,7841676
17860,24537,2230574;39682,7332150
17868,28082,3111704
17872,25229,2416568;35446,5514984
17874,27769,3110772
17888,43260,7935925
17894,23187,1370661;36374,5772051
17896,34767,5512448
17899,26023,2844409
17900,26082,2844563;42412,7844656
17904,38322,7248934
17916,32113,5243856
17921,24888,2397066
17922,36760,6136054
17923,22725,1099880
17928,29979,4643905
17930,22480,1099006;23027,1283933;40440,7590415
17933,29739,4391834
17937,34826,5512591
17944,28861,3703042
17954,22302,1097844
17957,28483,3112783
17958,22174,1097357;24466,2230420
17962,37981,7247877
17966,40962,7667771
17968,31385,4816245
17969,35941,5598104
17970,36278,5771520
17975,23095,1370393
17986,41865,7841533
17994,28735,3521986;36981,6565109
17996,31551,4816714
18004,38766,7250627
18006,24158,2151324
18007,44495,8101625
18009,30811,4749538
18012,31547,4816706
18015,24626,2231372
18016,39250,7254163
18018,39302,7254345
18022,20076,85477;29400,4300003
18024,38776,7250649
18028,20584,86594
18031,40586,7591254
18033,26016,2844391
18040,25375,2515283
18041,43879,8014436
18046,44385,8101354
18048,23475,1801909
18049,25839,2843884;32687,5435549
18053,28418,3112596
18056,39444,7331082
18059,34684,5512245
18065,25422,2515396
18067,23810,2031608
18068,29662,4391611;37741,7064426
18069,22896,1283605
18071,30423,4649323
18075,39906,7380302
18076,24845,2396940
18077,38498,7249328
18080,25699,2841149
18081,33537,5501389
18085,22295,1097821
18087,41583,7840242
18088,24398,2230205
18095,40482,7590573
18096,33058,5499758;41484,7840019
18100,31093,4750314
18101,40947,7667722
18103,34943,5512903;42684,7853312;43926,8014544
18113,21110,639331
18117,36542,5925000
18121,38531,7249421;43796,8014240
18132,28780,3586954
18135,27321,2919777
18139,26124,2844685
18143,24024,2086002
18145,23397,1633380
18148,40285,7589427
18151,26187,2844884;29977,4643899
18153,21909,751097
18156,24688,2231522
18162,32976,5499512;37934,7247762
18164,40727,7627612
18167,24434,2230350;44079,8100302
18176,36974,6565084
18177,36696,6135725
18178,31167,4750529
18181,29349,4299885
18183,38410,7249129
18186,37038,6565260
18187,26848,2917271
18189,34071,5509608
18193,20120,85568
18195,30276,4648243;34300,5511197;36584,6001799
18196,23625,1888684
18198,31013,4750126
18199,24495,2230487;33155,5500097;40738,7627634
18201,20299,85994
18215,37709,7064353
18216,23590,1888570
18217,26458,2845609
18219,44015,8014775
18220,24894,2397080
18230,22700,1099786
18233,27825,3110906
18234,33554,5501441;33742,5504014
18247,21936,751158
18260,26530,2845834
18267,31781,4918002
18269,43064,7934802
18271,33886,5509084
18272,22622,1099566;25901,2844048
18274,26388,2845425
18277,41381,7753799g
18279,28855,3703016
18281,24870,2397014
18282,32331,5433962
18283,20554,86528
18286,20289,85977
18287,30728,4652678
18289,31313,4816076
18291,27425,3109715
18295,32572,5435167
18296,27374,2919950
18297,28791,3617983
18300,26904,2917505
18301,30126,4644788
18307,35423,5514932
18312,36825,6196449
18316,26005,2844365
18323,20334,86064
18325,23098,1370405
18328,26938,2917598
18334,41688,7840512
18336,20112,85551
18337,22157,1097293;30805,4749526
18343,24542,2230586
18345,21581,678211g
18346,21446,670667
18350,30977,4749943
18357,33718,5503888
18363,20321,86040
18365,40692,7592555
18366,33189,5500206
18370,25193,2397886
18375,24956,2397225
18386,29920,4643722
18388,32255,5432097
18389,26639,2846124
18390,27665,3110486;34529,5511878
18400,22255,1097690
18404,31893,5076196
18416,33908,5509133
18417,23142,1370523;29008,3703534;30185,4647844
18437,41269,7676198
18440,23381,1633327g
18444,25205,2398076
18449,30679,4652538
18450,24779,2396731
18452,26442,2845576
18463,25727,2841235
18465,30698,4652596;41975,7841945;43284,7935979
18470,38841,7250892
18478,24047,2086076
18479,37272,6891059
18480,23732,1888947
18482,37342,6891211
18483,28645,3342147
18486,30727,4652676
18487,27736,3110653
18491,37823,7235652
18493,22166,1097330;39981,7380491
18497,33545,5501419
18498,30715,4652646
18500,31669,4902879
18502,23146,1370533
18503,32860,5498962
18505,29320,4299785
18506,21718,678578;43741,8014113
18509,32172,5332420
18510,32614,5435331
18513,43738,8014107
18519,37114,6890605
18522,20290,85979
18528,26931,2917581
18529,27057,2918208
18532,32758,5498528
18542,30691,4652582;37872,7247577;39113,7251507
18544,32503,5435001
18546,37784,7065019
18548,43491,7937993
18552,31371,4816216
18555,22800,1189986
18559,26300,2845180;30907,4749785
18563,36220,5771351
18579,21614,678328
18580,25858,2843933
18582,30301,4648308
18590,23787,1987356;27903,3111097
18598,28681,3521829;37365,7063402
18599,36893,6279780
18612,32139,5243921;43287,7935985
18616,40047,7380633
18621,22746,1099938
18626,31848,4918200
18632,19749,62658;23203,1370714
18635,28321,3112300;40156,7481186
18636,20103,85533
18639,29517,4300276;30643,4652447;31871,5076140;39978,7380467
18640,25568,2840844
18643,28553,3112952;28905,3703157
18644,35208,5513626;37230,6890859
18645,20182,85716
18646,41968,7841924
18647,24122,2149609;31356,4816173;41469,7839986
18648,27626,3110401;31874,5076147
18653,29037,3703626
18660,30695,4652590;33734,5503930
18661,36240,5771404
18662,34471,5511752
18664,41120,7668997
18665,24013,2085967;31199,4750603;43182,7935345
18668,20555,86530
18677,24216,2151499
18685,35442,5514969
18688,31054,4750222
18690,20946,602170
18695,37033,6565252
18698,27747,3110693
18705,35541,5515206
18707,27533,3110155
18708,22256,1097692;32025,5076810
18711,29777,4391939
18719,40777,7667117
18720,34009,5509465
18737,30184,4647842
18739,40905,7667615
18749,24289,2229878
18760,40629,7591347
18762,24543,2230588
18765,41833,7841332
18766,31336,4816131;33132,5500017
18778,23940,2085758
18781,36967,6565064
18784,31947,5076359
18786,20263,85928;40204,7589246
18788,40902,7667603
18789,25031,2397394;40996,7667934
18790,36062,5770981
18803,39277,7254273
18804,20413,86226
18812,26630,2846104
18814,21732,678612
18821,40985,7667907
18836,41444,7839925
18841,24433,2230348
18843,23118,1370456
18846,35132,5513371;36734,6135981
18847,23226,1370778;31790,4918022;42799,7853798
18849,33494,5501267
18854,20988,602274
18856,42056,7843113
18868,31174,4750544
18884,42306,7844384
18891,28804,3618037
18905,30587,4649785
18906,43561,7938159
18908,33686,5503722
18913,25458,2515467
18926,22328,1097940;23764,1987296
18928,28133,3111823
18935,27841,3110947
18939,37169,6890727
18941,38700,7250136
18943,24601,2230709;30652,4652468
18948,21808,750802;-19,4391441;39491,7331198
18957,37415,7063519
18960,23742,1888969
18961,39661,7332104
18973,24955,2397223;32119,5243873
18978,29990,4643937
18985,23503,1801972
18989,22981,1283821
18991,44299,8100974
18994,21191,639568
18997,24422,2230323
19003,23287,1370939
19014,27182,2919181
19042,26075,2844544
19048,32835,5498888
19055,39717,7332223;43206,7935397
19056,25666,2841078
19057,33970,5509333
19058,27721,3110622
19067,29728,4391800
19072,30544,4649675
19076,21273,670205
19078,24316,2229984;34240,5511014;39518,7331276
19089,34252,5511042
19102,26028,2844420;38990,7251234
19113,22730,1099893
19117,42002,7842333
19129,32856,5498949
19134,34816,5512562;35137,5513475
19137,35319,5513904
19158,24613,2230732
19163,29196,4299489
19164,40837,7667304
19174,28977,3703377
19184,37357,6891238
19186,33069,5499801
19187,28036,3111485
19189,35323,5513940
19191,40181,7589192
19198,21452,670682
19201,36219,5771349
19206,26512,2845741
19216,20285,85970
19218,42332,7844440
19230,39625,7331612;43094,7934916
19231,28183,3111944
19235,35480,5515062;38149,7248409;39937,7380373
19236,26871,2917390
19237,37557,7063998
19238,30293,4648289
19240,27385,2919974
19241,32547,5435114;40703,7592675
19242,20618,86701
19243,22579,1099414;43831,8014325
19245,32382,5434718;38754,7250324
19250,33041,5499713
19256,35212,5513634
19257,31463,4816426
19260,29253,4299623;35849,5515954
19261,24364,2230118
19264,37017,6565210
19282,34912,5512813;41523,7840104
19290,39506,7331248
19297,33146,5500068
19309,42404,7844640
19314,39697,7332180
19318,38135,7248377
19321,28859,3703034
19322,40085,7380715
19325,37388,7063462
19335,30972,4749931
19336,38027,7247990
19338,22680,1099732
19346,34771,5512456
19352,30932,4749841
19358,32873,5498996
19361,21834,750860
19372,30870,4749691;39739,7332271
19374,23677,1888810;25505,2685671
19383,28407,3112553
19390,27071,2918667
19403,24619,2230744
19410,33475,5501216
19412,29876,4643556
19414,42837,7853909
19416,27186,2919190
19419,38935,7251100
19435,28383,3112498
19437,42499,7845219
19439,30197,4648045
19442,26618,2846068
19443,41650,7840423
19448,27683,3110534
19450,38099,7248176
19452,33424,5501081;33950,5509291
19453,40256,7589363;43896,8014475
19455,26917,2917533;27939,3111179
19458,21013,602352;21460,670699
19466,40730,7627618
19468,34890,5512758
19470,41301,7676279
19473,30222,4648107
19476,32148,5332357;38882,7250986
19483,38907,7251040
19488,40216,7589271
19490,28403,3112545
19491,28699,3521914
19492,29269,4299666
19493,37431,7063554;40190,7589215;43543,7938112
19494,27197,2919214
19497,30847,4749640
19498,44470,8101568
19502,27871,3111018
19503,25641,2841018
19504,24565,2230632;37747,7064441
19515,25510,2685682;28205,3111994
19522,27490,3109999
19534,39284,7254299
19537,39336,7254437;42265,7844290;42428,7844692
19539,25376,2515285
19541,33251,5500449
19569,21355,670404
19570,20339,86074
19572,26321,2845236;39147,7251916
19574,24263,2227249
19575,36952,6565022
19577,30827,4749577
19582,43828,8014319
19599,26256,2845044
19612,44578,8101897
19618,25774,2843726
19621,39030,7251323
19628,36346,5771975
19633,34728,5512354
19634,20489,86384;36665,6135636
19639,23690,1888841;40830,7667283
19645,41733,7840793
19661,24638,2231396
19673,24847,2396944
19675,31076,4750269
19680,43968,8014643
19684,25843,2843896
19691,29962,4643864
19692,41116,7668979
19698,41592,7840262
19702,31052,4750218;37644,7064201;41391,7753776
19711,34000,5509418
19728,38664,7250049
19730,25781,2843744
19736,42432,7844700
19742,37797,7065043
19743,30000,4643963
19747,22001,751338;31770,4917966;39500,7331233
19750,28713,3521943
19751,43293,7935998
19754,27262,2919408
19760,22770,1100005
19763,33842,5508939
19767,26372,2845382;26677,2846223;32209,5397534;35604,5515355
19783,20616,86698
19791,44045,8014854
19811,30085,4644392;34554,5511932
19828,34838,5512615;38525,7249409
19829,22401,1098239
19837,27898,3111076;32182,5397473
19838,24960,2397233
19839,40801,7667193
19840,34340,5511409
19842,25690,2841133
19853,38113,7248207
19854,44327,8101034
19858,42464,7844777
19861,44599,8101948
19865,24133,2149685
19868,35066,5513223
19885,27817,3110877
19888,20475,86357;42522,7845282
19889,38536,7249432;43203,7935391
19890,20428,86254
19891,41086,7668876
19895,25199,2398060
19897,33404,5501027
19899,40886,7667564
19902,35958,5598242
19903,23151,1370547
19906,35482,5515075;39761,7332327
19918,25751,2841293;28314,3112277
19920,36288,5771598
19927,36485,5830734
19940,29747,4391870
19941,33674,5503692;40161,7589138
19942,35254,5513730
19943,26898,2917490
19947,27049,2918193
19952,30040,4644279
19957,31402,4816280
19958,34786,5512499;39701,7332191
19959,27284,2919472
19961,24553,2230607;33379,5500926
19964,23771,1987311
19967,21694,678526
19968,20444,86297
19971,42493,7845165
19982,27443,3109865;38125,7248235;41661,7840449
19988,42676,7853293
19992,31069,4750252;32729,5498421
19993,40461,7590476
20001,42116,7843262
20005,30599,4649814;32072,5076991;37456,7063635
20006,32683,5435540;37642,7064197
20017,36144,5771166
20018,27313,2919712
20020,21535,670932
20021,19736,82;32800,5498694
20023,24759,2321007
20024,38022,7247975
20041,26096,2844593
20045,29201,4299503
20047,38853,7250915
20051,34801,5512534
20065,44509,8101653
20067,41091,7668891
20068,36930,6564959
20072,31064,4750243
20082,34740,5512387
20084,35360,5514756
20095,36786,6136134;39640,7331647
20103,37273,6891063;39256,7254190
20104,27295,2919634
20107,19781,62758g;41827,7841319
20114,39032,7251327;42580,7853017
20121,21470,670763
20122,20569,86560;39546,7331354
20138,20048,85380
20139,22511,1099177
20141,26807,2846577;30636,4652428
20148,34307,5511220;37286,6891093
20151,23790,1987363;39132,7251877
20166,23486,1801934
20167,30478,4649463;36168,5771223
20170,32636,5435420
20178,35442,5514960
20182,22340,1098013
20183,42758,7853704
20189,30047,4644299
20193,29543,4300344;42224,7844196
20211,25722,2841218
20239,39449,7331092
20256,28785,3617972
20263,33115,5499956
20270,32302,5432977
20278,20513,86438
20290,32443,5434853
20291,29154,4299382
20293,26784,2846519
20295,36072,5771000
20305,31283,4816012
20307,24151,2149789
20308,39588,7331451
20311,23381,1633341
20313,27223,2919279
20315,27462,3109914
20316,27033,2918157
20317,26608,2846045
20331,35933,5591326
20337,28840,3618112
20338,32983,5499533
20339,28652,3342165
20341,42516,7845261
20357,40464,7590485
20360,36942,6564996
20362,44507,8101649
20364,22894,1283597;37268,6891047;37979,7247866
20365,28447,3112679;33926,5509172
20366,26220,2844959
20379,22741,1099926
20380,28353,3112390
20389,26816,2846596;37710,7064355;41682,7840500
20399,43721,8014065
20401,36279,5771522
20403,27045,2918184
20421,25911,2844072
20439,21133,639387
20443,43511,7938036
20444,24844,2396938
20448,23114,1370447;28845,3702985
20452,26365,2845363
20453,31930,5076305
20459,43663,8013927
20468,41861,7841525
20484,35382,5514836
20489,25913,2844078;31001,4750025
20497,27816,3110875;41933,7841684
20507,41540,7840141
20515,40125,7426565
20518,23499,1801963
20520,27794,3110828;39155,7251934
20521,21051,639142
20525,32136,5243915
20532,33139,5500040
20536,35381,5514813
20541,42384,7844591
20544,26314,2845218;31831,4918144
20545,36911,6564898
20556,41930,7841678
20559,31450,4816391
20569,36352,5771988
20570,26781,2846513
20583,30616,4652371
20596,40407,7590197
20602,30644,4652449
20606,40366,7589984
20610,36171,5771229;39028,7251319
20617,24239,2151555
20618,31224,4750692
20619,30993,4749980
20623,28395,3112526
20633,36367,5772030
20636,28460,3112727
20656,20494,86394
20658,20587,86599
20663,27961,3111230;30059,4644329
20665,41083,7668870
20666,29241,4299596
20674,25523,2685720
20690,33859,5508992
20699,22902,1283620
20705,38769,7250633
20707,42639,7853202
20715,21865,750985;32953,5499443
20717,43715,8014045
20722,37256,6891008
20725,31755,4917905
20734,36751,6136025
20738,33454,5501163
20739,19983,69647
20740,33412,5501048;42904,7854872
20743,38731,7250205
20750,20002,69702;28402,3112543
20752,33720,5503893
20754,28245,3112095
20761,20564,86550
20763,21059,639175
20767,30337,4648500
20768,19850,64930
20773,42790,7853780
20778,28179,3111932
20790,23491,1801944
20793,31435,4816359
20796,29741,4391847
20797,23664,1888780
20811,36496,5830773
20816,25557,2685802
20818,28697,3521910
20823,22312,1097880
20842,32876,5499003
20845,41598,7840279
20847,25427,2515406
20851,21390,670497;35593,5515330
20857,40922,7667657
20863,28425,3112626;32561,5435145;39945,7380392
20864,27979,3111267
20871,28057,3111531;34180,5510729
20878,27304,2919688
20880,28724,3521965
20883,33079,5499836
20891,30620,4652386
20894,20256,85907;25269,2416663
20896,38285,7248828
20899,44236,8100800
20900,29424,4300063;39713,7332215
20901,22879,1283554
20904,22069,751492
20906,24869,2397012
20907,21320,670311
20911,35639,5515436
20926,27396,2920009
20927,35829,5515912
20928,23262,1370875
20929,21162,639488;25650,2841044
20950,27760,3110719
20951,36845,6196515
20955,40126,7426567
20970,22483,1099019
20972,27757,3110713
20980,23216,1370747;34979,5512998
20981,24262,2227247;31914,5076261
20993,20075,85475
20995,31414,4816304
21000,21397,670514
21002,30032,4644260
21003,24373,2230140
21007,23549,1879879
21009,20989,602279
21016,27611,3110342
21017,28703,3521924
21018,40243,7589336
21021,41000,7667947
21031,43383,7936475
21034,20543,86505;30885,4749735
21040,-19,4391508;41739,7840942
21041,21317,670304
21042,27146,2918982
21044,31994,5076684
21049,22014,751365;24917,2397139;32746,5498485
21058,36881,6279758
21076,23458,1801873;24023,2086000;28286,3112200;32356,5434634;35329,5513952
21078,29693,4391693;38308,7248903
21079,44445,8101504
21088,43136,7935242
21089,30688,4652575
21102,37746,7064439
21106,32673,5435504
21108,25739,2841262
21109,23586,1888560
21110,32563,5435148
21116,33954,5509299
21122,38644,7249932
21128,33234,5500384
21131,35628,5515410
21133,30371,4649041
21135,24328,2230029;32497,5434986
21143,27016,2918030
21147,22372,1098135
21148,27515,3110079;44478,8101587
21152,28289,3112205
21157,21331,670347
21163,23541,1879864
21170,38866,7250944
21177,23653,1888755;43526,7938070
21186,22537,1099270;42310,7844393
21187,29913,4643707;37263,6891037
21190,31610,4816833
21200,33359,5500844
21201,33923,5509167
21203,33691,5503733
21207,20304,86006;44185,8100680
21210,36498,5830785
21211,44139,8100445
21212,41724,7840606
21214,23147,1370535
21218,37559,7064002
21234,27588,3110295
21235,34778,5512475
21244,37404,7063497
21256,37137,6890656
21257,30801,4749519;37294,6891107;37479,7063684
21259,33095,5499897
21270,29328,4299806
21278,39603,7331560
21281,29061,3725610
21282,37468,7063662
21293,22375,1098144
21296,44050,8014864
21298,25197,2397983
21301,22888,1283583;31973,5076616
21305,23227,1370780
21306,42313,7844399
21309,21364,670444
21312,30623,4652395
21316,21365,670446
21319,29691,4391683
21322,33525,5501356
21326,23512,1801997
21328,29279,4299691
21337,21398,670515
21339,39397,7308453
21340,38457,7249231
21344,26133,2844706
21358,30940,4749857
21359,34715,5512317
21362,37100,6890574
21364,26493,2845696
21366,28531,3112903;30224,4648114;43576,7941855
21374,28265,3112150
21375,21983,751288;29446,4300113
21377,30488,4649493
21378,37881,7247603
21386,27297,2919639
21396,27142,2918974
21408,19807,64485;22901,1283618
21409,30938,4749853
21415,33201,5500269
21437,42846,7853989
21457,26987,2917942
21463,37723,7064385
21464,28962,3703335;31163,4750520
21470,27960,3111226
21472,28138,3111833;31636,4824985;33708,5503863
21473,36380,5772066
21474,21457,670693
21475,39217,7254018
21476,27271,2919430
21477,34027,5509505
21491,29687,4391673
21499,28121,3111792
21507,37319,6891161
21510,24136,2149729
21521,31916,5076266
21522,29686,4391668
21523,37788,7065028
21524,39017,7251293
21526,44197,8100708
21531,30383,4649066;32292,5432955;32714,5435613
21532,39672,7332126
21538,27519,3110087
21541,39985,7380499
21568,24491,2230479;32808,5498720
21570,32463,5434900
21581,44456,8101530
21591,42097,7843223
21592,20970,602224
21598,32410,5434782;37727,7064393;44215,8100749
21607,21006,602335
21609,24421,2230321
21613,35820,5515888
21625,23634,1888703;28922,3703210;34099,5509676
21626,24812,2396854
21634,32992,5499575
21644,29442,4300105
21646,28647,3342154;43371,7936447
21653,24123,2149611;34844,5512630
21654,25719,2841207;33547,5501423
21655,19858,64948
21656,35171,5513545;36231,5771381
21658,35635,5515424
21661,43725,8014073
21662,27031,2918153
21663,34266,5511073
21667,24189,2151411
21677,32684,5435542
21678,26870,2917319
21679,20261,85925
21683,32543,5435105
21684,22342,1098023;38301,7248890
21687,23416,1633463
21688,28957,3703311
21691,27423,3109709
21697,35582,5515303
21698,25138,2397655
21700,24612,2230731;33394,5500986
21701,-19,4391518
21709,28685,3521881
21710,22167,1097332;37331,6891188
21717,34437,5511667
21723,32188,5397485
21724,22866,1283526
21725,42144,7843335
21729,22057,751466;30561,4649710
21730,37522,7063780
21731,32866,5498979
21735,28589,3254599;33053,5499746
21738,28172,3111917
21742,33466,5501192;37368,7063408;37965,7247838
21747,34666,5512206
21756,24394,2230196
21757,26694,2846265
21759,22496,1099114
21760,28046,3111508
21770,28263,3112147
21774,31297,4816041
21790,22356,1098084
21792,27256,2919362;35608,5515363
21794,33650,5501728
21797,33728,5503916;35882,5516032;35960,5598246
21800,27791,3110822;40347,7589943
21801,22803,1189994
21802,27966,3111240
21803,41379,7753753
21807,28316,3112283;34219,5510969
21810,41289,7676247
21818,20880,497237
21819,30441,4649386
21827,31193,4750590;40412,7590322
21828,33428,5501092
21833,25284,2515078;25704,2841161
21835,20031,69770
21838,39621,7331604
21839,43225,7935444
21850,29700,4391719
21857,20365,86130
21859,27786,3110812
21860,29722,4391787
21864,25498,2515571
21865,41355,7753697;42098,7843225
21869,20257,85909
21872,31219,4750666
21880,43348,7936393
21884,39529,7331307
21887,27099,2918733
21897,28244,3112093;29923,4643752;37540,7063961
21898,44114,8100382
21900,30677,4652531
21918,35441,5514952
21934,35647,5515453
21935,22709,1099833
21938,37521,7063780
21947,21786,750752
21955,32852,5498938
21966,24907,2397119
21972,30163,4645244
21974,38205,7248646;43930,8014552
21984,33580,5501523
21985,20910,602067;32107,5243842
21992,34066,5509598
21993,24212,2151482
21994,32390,5434734
21998,25940,2844177;41581,7840236
22000,28729,3521975
22007,39187,7252017
22008,42521,7845276
22016,27227,2919291;28745,3586872
22034,22736,1099907;34135,5509807;38874,7250960
22041,35665,5515493
22042,21831,750855
22057,28566,3182002;39567,7331400
22064,24418,2230313
22068,30375,4649049
22072,23770,1987309
22074,26641,2846133;27247,2919342
22075,39840,7333436
22077,29802,4446545
22081,29843,4553136
22087,24449,2230383
22090,35067,5513225
22091,21662,678450
22097,34552,5511928
22116,25252,2416614
22123,38724,7250191
22137,34643,5512136;37224,6890847
22140,42334,7844444
22145,29189,4299474
22149,28261,3112143;30879,4749715
22163,43710,8014035
22164,32082,5166468
22165,28628,3342105
22170,28558,3112961
22174,31209,4750642
22177,22884,1283573;39565,7331396
22181,23854,2062477
22182,22835,1283442
22183,19988,69659
22185,30855,4749656
22186,28913,3703178
22188,35983,5656725
22200,30989,4749971
22211,21477,670783
22228,22382,1098169;33863,5509023
22230,26090,2844581
22233,25361,2515256
22247,38697,7250124
22248,36159,5771199
22249,22818,1190029
22260,27870,3111016
22261,24450,2230385;26052,2844484
22266,29769,4391923
22276,43474,7936727
22277,27206,2919241
22286,22957,1283764;43356,7936414
22291,31720,4917802
22293,27250,2919349;29665,4391617
22296,26859,2917294
22302,27932,3111164
22307,28896,3703135
22310,36978,6565098
22311,33781,5508784
22316,24336,2230046
22320,20342,86085
22322,43368,7936441
22326,20041,85368
22329,31438,4816365
22334,31365,4816204
22335,21720,678582
22337,30705,4652621
22340,36497,5830775
22346,37154,6890690
22356,30297,4648297
22362,39658,7332095
22364,38974,7251190
22379,21080,639240
22382,32798,5498690
22390,34153,5509845
22391,33910,5509138
22392,28142,3111844
22405,36695,6135722
22406,20178,85697
22408,38701,7250143
22412,38877,7250966
22413,22412,1098274
22416,32342,5434607;44568,8101874
22421,26844,2917265
22429,33661,5503660
22432,26552,2845891;43908,8014498
22451,23908,2085683
22452,36187,5771275
22454,32345,5434613
22475,20017,69736
22485,35381,5514819;44402,8101401
22500,28022,3111373
22510,23517,1802014
22511,28618,3254718
22512,37301,6891127
22513,39391,7308441
22517,44387,8101358
22521,21269,670198;31202,4750619
22525,32513,5435027
22528,24948,2397207
22531,19961,69476;38921,7251073
22538,36490,5830749
22542,26215,2844948
22543,33318,5500681
22546,22253,1097685;34595,5512030
22549,37984,7247887;38911,7251048
22551,25145,2397726
22554,28255,3112116
22555,24015,2085971;35584,5515307
22558,30034,4644265
22559,20270,85940
22564,40411,7590262
22569,38110,7248201
22585,40020,7380577
22593,28556,3112958
22595,26263,2845066
22596,36310,5771868
22597,28431,3112639
22598,25621,2840977;41273,7676206
22601,37218,6890830;42064,7843135;43440,7936619
22604,22464,1098469
22606,23286,1370937
22608,39996,7380521
22614,38642,7249917
22622,23555,1879893
22629,41828,7841321
22638,32962,5499471;40614,7591314
22639,25518,2685705
22640,36963,6565049
22646,29910,4643698;35299,5513855
22657,40135,7428345
22662,21400,670520
22663,43863,8014401
22665,36333,5771933
22679,19982,69642;27290,2919506
22696,20135,85603;26353,2845320
22702,20136,85604
22706,21251,639747;27624,3110397;34919,5512827;38913,7251052
22740,21995,751323
22750,23775,1987329
22753,25206,2398078
22773,39200,7252044
22782,28433,3112643
22785,42401,7844635
22789,30016,4644212
22794,26359,2845335;41173,7669117;41639,7840403
22798,25519,2685707
22803,28116,3111779
22805,37043,6565278
22813,41802,7841101
22814,39606,7331566;41668,7840463
22820,27357,2919894
22822,23568,1888513
22832,19762,62690
22834,21752,750647
22836,40852,7667467
22846,31913,5076259
22851,27854,3110973
22855,20445,86299
22857,37289,6891098
22859,21850,750902
22860,29085,4299193
22862,44037,8014838
22864,44407,8101416
22865,25759,2841309
22866,35113,5513330
22871,23889,2085638
22874,28242,3112090;33822,5508886
22876,34147,5509833
22878,25654,2841051;34291,5511167
22884,30333,4648493
22892,21125,639370
22899,28076,3111595;37763,7064643
22904,22541,1099284
22907,34828,5512595;40572,7591223
22909,25113,2397600
22923,20369,86137;34953,5512923
22925,24580,2230661;42917,7854898
22927,23477,1801913
22931,21077,639231
22932,20384,86167
22946,39003,7251264
22956,32723,5498409
22964,39462,7331121
22965,43328,7936334
22969,36788,6136138;40753,7667065
22974,44428,8101462
22976,30240,4648153
22978,43804,8014254
22980,29852,4553155;33207,5500294
22992,29776,4391937
22994,20863,497171
22995,37529,7063939
22999,27667,3110490;37039,6565262
23012,24313,2229978
23013,27998,3111319;28891,3703123
23020,24911,2397128;41241,7676130
23024,20637,86742;37860,7235766
23031,23407,1633444
23037,35944,5598176
23039,29311,4299764
23041,20963,602210
23043,36792,6136147
23044,33969,5509331
23045,43216,7935422
23052,36422,5772200
23061,23421,1633478
23075,28077,3111606
23085,38005,7247937
23087,29135,4299330
23105,44127,8100417
23111,36524,5924938
23114,27595,3110310
23122,26975,2917793
23128,33025,5499669
23129,24648,2231423
23131,34790,5512507
23132,19740,89
23135,26625,2846092
23139,42204,7844152
23143,21743,750627
23151,36175,5771239
23159,20467,86343
23160,23199,1370701;32287,5432945
23166,38938,7251106
23172,29926,4643760;30326,4648412
23173,23316,1469695
23174,37316,6891154
23176,35964,5598259;41656,7840435
23184,26268,2845088
23188,22950,1283747
23192,29621,4391552
23197,40267,7589388
23198,25116,2397607
23204,39520,7331290
23213,24061,2086115
23220,37284,6891089
23223,22710,1099835
23235,31287,4816020
23236,19766,62699;30712,4652639
23242,23426,1633488;31060,4750234
23247,42785,7853769
23250,30822,4749567
23262,35794,5515811
23266,34238,5511010
23279,30625,4652400
23294,42922,7934334
23306,31789,4918020
23309,27990,3111303
23314,29342,4299870
23319,24828,2396899;40885,7667561
23325,43296,7936009
23340,32004,5076725
23346,24599,2230700
23347,40760,7667084
23367,39696,7332178
23369,42746,7853674
23372,37101,6890581
23375,23873,2062527
23380,43960,8014626
23382,19848,64926
23384,36750,6136023
23391,43156,7935286;44100,8100354
23392,35215,5513640
23393,24694,2231534
23415,30649,4652460;38307,7248901
23416,42374,7844568
23419,29426,4300068;35501,5515116
23424,23840,2052240;37444,7063605
23449,42660,7853253
23452,42242,7844241
23453,34533,5511886
23455,39368,7256268
23457,27571,3110250
23458,40807,7667210
23460,38611,7249612
23468,33456,5501168
23470,21767,750687
23484,21299,670263
23485,39719,7332227
23486,36611,6135463
23498,35534,5515184
23499,20883,601993;23772,1987313;32154,5332373
23500,34004,5509455
23501,27809,3110860
23506,40271,7589396
23508,32406,5434775
23510,22846,1283469
23514,23338,1469757;39367,7256267
23531,42982,7934481
23533,34239,5511012
23536,33436,5501114
23553,30180,4645311
23559,36623,6135491
23560,27159,2919013;36589,6001811
23575,42110,7843249
23578,20023,69754
23580,25214,2398092
23587,35250,5513722;40869,7667514
23588,43244,7935518
23590,23847,2062435
23593,28897,3703137
23596,30729,4652680;43642,8013876
23597,21741,750621
23605,39616,7331586
23607,29579,4300424
23608,37511,7063755
23611,33578,5501519
23612,41323,7753629
23615,38953,7251139
23616,36828,6196464
23617,39104,7251489
23618,33248,5500441
23619,30974,4749936
23620,37174,6890736
23627,20319,86034;35754,5515705
23632,44028,8014815
23638,21773,750698
23639,39848,7333457
23646,23482,1801925
23650,27439,3109855;39081,7251441
23651,44491,8101613
23652,29936,4643784
23658,29763,4391908;32851,5498936
23660,34440,5511673
23675,22798,1189982
23679,32597,5435272
23682,44485,8101601
23684,40719,7592711
23687,25017,2397362
23694,33187,5500201
23723,21396,670511
23733,21493,670835
23734,34594,5512028
23738,42600,7853077
23739,30086,4644394;35503,5515119
23750,24682,2231508;32444,5434855
23753,20027,69762;39702,7332193
23757,41152,7669072
23759,22213,1097543;28128,3111811
23767,40934,7667686
23768,24753,2320995
23772,23437,1633518;34477,5511764
23774,41587,7840252
23775,35018,5513099;35583,5515305
23785,27240,2919323;29682,4391660
23786,31274,4815978
23793,31020,4750144
23799,30091,4644653
23804,25750,2841291
23805,24465,2230417;40776,7667115
23807,25596,2840910
23814,33571,5501502
23817,25997,2844335
23824,20137,85607
23843,25765,2843704;42908,7854880
23855,32733,5498439
23859,38090,7248158;42279,7844319
23860,26387,2845422;31243,4750760
23868,33260,5500475
23873,26116,2844662
23874,26605,2846039
23875,40557,7591189
23876,26004,2844362
23879,38383,7249072
23887,31154,4750492
23888,26519,2845756;30493,4649504;31648,4827761
23890,40632,7591353
23907,27104,2918745
23920,24654,2231435
23927,36821,6196438
23929,43626,8012681
23930,21573,678192
23948,39847,7333454
23963,21663,678453
23969,23593,1888578
23972,21777,750707
23975,40842,7667445;42779,7853754
23988,32915,5499185
23996,21098,639286
24001,22026,751394
24007,24211,2151477
24011,35693,5515567
24015,20213,85804;40087,7380719
24024,23300,1370970
24033,26138,2844718
24036,22433,1098354;43178,7935332;44017,8014782
24039,20162,85668
24059,41555,7840171
24063,41440,7839914
24068,30350,4648533
24072,37626,7064156
24075,24005,2085944
24080,36925,6564948
24082,23516,1802011
24083,33901,5509117
24086,24405,2230225
24087,37412,7063513
24090,40989,7667920
24097,24501,2230502;25268,2416648
24104,37882,7247603
24109,32102,5243798
24113,35495,5515101
24129,42146,7843339
24130,29124,4299303
24131,20541,86502;29740,4391837
24133,30415,4649295;30744,4652714
24134,29731,4391808;38555,7249479;39487,7331187
24147,19914,69337;30777,4748173
24151,42466,7844781
24152,34200,5510909
24155,41518,7840091
24163,25448,2515449
24173,19898,69287
24176,30338,4648502
24178,21859,750973
24180,27189,2919197
24182,41847,7841488
24195,22638,1099606;28884,3703104
24202,31255,4750793
24209,31289,4816024
24213,33702,5503850
24214,39447,7331088
24217,29346,4299878;42301,7844376
24221,30935,4749847;44351,8101086
24227,28687,3521885
24240,43459,7936684
24245,27050,2918195
24249,38313,7248913
24256,32544,5435107
24257,23672,1888799
24266,42021,7842204
24270,28920,3703203;30132,4644809
24279,35039,5513145
24284,42728,7853635
24288,28312,3112270
24297,22820,1190034
24301,39351,7254482
24306,33469,5501200
24307,32979,5499519
24315,34622,5512090;35791,5515791
24319,40672,7591442
24326,27287,2919480
24327,30225,4648116;36102,5771068
24333,30755,4652738
24336,27107,2918751
24342,23635,1888706
24343,23755,1889000
24349,25309,2515139;27770,3110774
24351,32691,5435557
24357,37443,7063603
24360,36123,5771121
24364,20159,85658
24365,44293,8100950
24370,30753,4652735
24372,35546,5515217
24377,41192,7669158
24386,38538,7249436
24403,28529,3112898
24405,38883,7250988
24406,39273,7254235
24410,22946,1283738
24411,39181,7252007
24412,24315,2229982
24414,43771,8014182
24420,21530,670922
24425,27883,3111046
24430,36848,6196522
24445,42851,7854685
24452,22505,1099162
24455,40309,7589479
24462,43105,7934952
24464,41891,7841589
24472,40601,7591288
24489,26910,2917517;37418,7063525
24495,41772,7841026
24496,38008,7247944
24503,24882,2397053
24525,29835,4466574
24529,40500,7590755
24530,38191,7248615
24532,37138,6890658
24541,40890,7667572
24544,28362,3112431
24562,23271,1370900;34775,5512469
24570,26111,2844651
24571,42290,7844344
24574,28231,3112057
24576,24906,2397117;28473,3112754;29453,4300128
24577,19783,62928
24585,25884,2844005
24586,35688,5515557
24588,30645,4652451
24592,36124,5771123
24593,22584,1099430;31597,4816807
24598,29116,4299282
24603,19979,69519;-19,4391493
24604,35009,5513081
24606,24140,2149741;43599,8012603
24611,32237,5432057
24613,43407,7936527
24621,40612,7591310
24628,26101,2844615
24635,36046,5770948
24644,30684,4652554
24652,34766,5512446
24657,26565,2845925
24659,28333,3112337
24660,23115,1370450
24662,27204,2919236
24665,32981,5499529
24666,43375,7936455;44178,8100666
24668,25152,2397743
24671,29417,4300044
24680,34620,5512083
24681,39545,7331352
24689,22704,1099822
24692,22631,1099589
24694,24045,2086072
24695,23502,1801970
24705,29413,4300036
24711,23695,1888853
24714,39650,7331666
24718,21217,639636
24721,22403,1098245
24723,35681,5515531
24724,23008,1283890;34023,5509498
24727,20056,85418
24734,25638,2841010
24739,21490,670817
24746,26286,2845141;36351,5771986
24756,27018,2918035
24757,25040,2397414
24758,38947,7251127
24759,28949,3703290;37110,6890597
24764,25260,2416631;25955,2844212
24772,23585,1888558
24775,35930,5591318
24777,21876,751007
24781,22945,1283736
24791,24077,2086150
24792,25006,2397338
24793,29419,4300048
24794,28552,3112950
24802,25317,2515157
24806,33574,5501510
24807,34114,5509709
24813,32026,5076812
24820,36892,6279778
24823,25316,2515155;36326,5771911;41931,7841680
24825,30064,4644347
24827,33906,5509129
24831,40799,7667184
24832,32720,5435626
24834,36502,5924861
24841,34589,5512018
24842,43624,8012677
24843,42142,7843331
24845,20015,69732
24849,20399,86197
24855,26633,2846110
24857,39405,7308477
24869,34662,5512193
24871,39384,7308420;44186,8100682
24881,24269,2227261;34934,5512876
24883,27778,3110791;36692,6135716
24892,23037,1283971
24894,33846,5508948;37162,6890714
24896,24138,2149736
24900,22380,1098161
24907,33491,5501260
24912,29911,4643701
24914,22219,1097560
24916,23968,2085850
24918,42551,7846752
24921,20005,69708;43475,7936730
24924,36358,5772001
24928,24724,2231599
24929,27510,3110070
24930,38357,7249012
24942,25533,2685743
24943,32215,5397545
24944,38478,7249285
24946,22027,751396
24947,41781,7841051
24948,31548,4816708
24956,26196,2844905
24960,34295,5511183
24963,25848,2843911
24964,25847,2843908
24968,43022,7934614
24969,28705,3521928
24973,24266,2227256
24978,25104,2397580;43858,8014391
24981,42211,7844167
24984,32425,5434815
24985,22349,1098060
24992,33451,5501155
24994,23958,2085822
25005,26785,2846522;41460,7839968
25008,34918,5512825
25012,33667,5503674
25017,33421,5501077
25018,37361,7063389;38366,7249034
25019,21327,670336
25023,29245,4299604
25024,43300,7936270
25026,27526,3110119
25028,24902,2397110;34447,5511690
25031,30919,4749811;38224,7248688
25033,34640,5512127
25034,31827,4918131
25037,23390,1633361
25040,19757,62678
25049,21657,678437
25050,33514,5501324;40868,7667511
25054,23839,2052238
25062,21300,670264
25064,34332,5511388
25070,24159,2151327
25072,19805,64467
25077,35863,5515985
25087,24725,2231601
25098,38455,7249227
25101,23998,2085927
25102,36318,5771888
25104,23982,2085889;42756,7853700
25105,38546,7249455
25106,43047,7934745
25107,29818,4446595
25114,26830,2917230;27393,2920002
25117,23651,1888750
25121,38397,7249100
25125,28919,3703200
25129,30136,4644818
25132,22153,1097282
25136,41960,7841908
25146,36880,6267519
25151,24055,2086098
25153,37859,7235763
25154,22365,1098115;40082,7380709;42148,7843343
25158,24380,2230160
25160,19824,64529
25167,31263,4815924;35558,5515251;36882,6279758
25170,24606,2230718;30555,4649696
25172,34702,5512285
25173,30483,4649478
25174,43892,8014462
25176,27634,3110416
25191,43070,7934847
25195,44592,8101926
25197,30267,4648225
25200,31530,4816674
25205,22690,1099759
25207,25935,2844165
25211,43689,8013989
25215,34593,5512026
25218,26322,2845239;37725,7064389
25219,42951,7934402
25221,30772,4747559;37542,7063968
25231,20597,86656;30629,4652412
25236,21706,678554;38994,7251242
25243,32083,5166470
25244,34908,5512805
25245,24072,2086138
25247,29296,4299731
25260,26793,2846543
25266,26927,2917564
25273,22910,1283648;24838,2396919
25283,27685,3110539
25285,24164,2151342
25287,25421,2515393
25291,38310,7248907
25294,28285,3112198
25295,33184,5500188
25297,34351,5511439
25307,34297,5511189
25314,39022,7251307;44122,8100401
25317,23413,1633457;24560,2230621;43079,7934886
25321,33590,5501554
25328,41691,7840518
25330,40177,7589170
25334,39941,7380384
25336,21716,678574;24538,2230576
25340,34078,5509623
25344,23357,1543043
25345,36603,6135447
25348,23419,1633470;34282,5511142
25351,23714,1888902
25353,25488,2515545
25356,36975,6565088
25357,31742,4917867
25358,35636,5515426
25361,22721,1099871
25362,36482,5830726
25363,35309,5513878
25367,21197,639584
25376,32552,5435124
25377,36717,6135777
25379,39099,7251476
25384,36564,6001715
25393,27901,3111089;42733,7853645
25411,44567,8101872
25413,35441,5514945;36518,5924920
25414,21338,670365;35714,5515617
25416,31162,4750516
25420,36703,6135747
25423,26262,2845061
25426,31645,4827755;40167,7589150
25435,32533,5435083;40525,7591116
25441,20280,85959
25457,27831,3110922
25464,30411,4649287
25471,34327,5511378
25474,22530,1099237;44019,8014795
25475,31348,4816157
25477,33314,5500671
25486,35337,5513968
25487,39121,7251857
25489,21972,751259
25496,24564,2230630;44177,8100664
25506,39947,7380396
25511,21625,678359
25522,30513,4649609
25525,22465,1098472;34525,5511870
25536,35422,5514913;37063,6565326
25553,40270,7589394
25563,27078,2918684
25565,30575,4649737
25566,42309,7844390
25567,44016,8014782
25572,23511,1801995
25579,25182,2397865;42245,7844247;44266,8100879
25586,22416,1098285;29217,4299538
25591,32649,5435449
25594,37390,7063466
25596,19987,69657
25601,24659,2231446
25603,30134,4644815
25606,38089,7248156
25607,34012,5509471
25608,39639,7331640
25614,38375,7249052
25616,30011,4644201
25623,32126,5243892
25637,43097,7934929
25639,27750,3110700
25640,23783,1987349
25644,29527,4300302;31252,4750785
25648,25050,2397445
25650,31988,5076665
25651,36966,6565055
25652,29572,4300410
25655,26277,2845113
25662,25363,2515260
25668,33576,5501514
25671,39690,7332166
25675,26240,2845006
25680,21161,639486
25685,25379,2515292
25692,24547,2230596;32311,5432999
25705,31762,4917925;44626,8102011
25721,40982,7667896
25723,22615,1099546
25730,24022,2085997;25929,2844150;28131,3111817;31850,4918206
25732,31320,4816093
25737,23254,1370852;41328,7753639
25749,31734,4917841;40715,7592703
25751,34128,5509752
25754,31574,4816760;34460,5511722
25760,29415,4300040;39649,7331664
25768,21857,750928;25979,2844268
25772,26632,2846108
25775,24070,2086134
25777,33484,5501245
25779,23767,1987303
25780,24873,2397023
25785,43943,8014584
25800,35421,5514901
25803,32350,5434623
25805,35307,5513874
25806,32122,5243882
25810,36958,6565036
25812,24056,2086101
25814,28557,3112959
25816,36056,5770967
25818,23670,1888795
25819,34434,5511661
25825,22573,1099385
25830,34211,5510953
25833,36844,6196513
25839,35444,5514980
25841,32793,5498675
25845,42366,7844552
25855,24041,2086059
25862,43173,7935318
25869,25090,2397530
25876,28555,3112956;43823,8014309
25878,31090,4750309
25882,41163,7669097
25884,23542,1879865
25892,23432,1633501
25894,22578,1099411
25895,41153,7669074
25903,22346,1098052
25908,30638,4652432
25915,40566,7591211
25927,28755,3586894
25933,30650,4652464;40630,7591349
25939,35704,5515589
25943,34275,5511091;35853,5515962;40438,7590404
25947,21265,670189;26946,2917621
25952,31249,4750775
25961,36038,5770931
25964,21482,670799
25965,34133,5509790
25980,22491,1099065
25984,29233,4299576
25996,26394,2845440
26004,37839,7235695
26006,26661,2846182
26007,41662,7840451
26013,36463,5830683
26016,42287,7844338
26017,25948,2844196
26030,21369,670454;26219,2844957
26032,32361,5434648
26034,31400,4816274
26045,30120,4644767
26054,23378,1543094
26057,31175,4750546
26064,23599,1888595
26068,41948,7841718
26069,21267,670194
26081,20121,85571
26086,39435,7331009
26087,39780,7332369
26091,36522,5924934
26098,25003,2397331
26105,36126,5771127
26114,38770,7250635
26115,38118,7248217
26123,44072,8100285
26128,23795,1987373;43955,8014613
26135,35338,5513970
26151,23318,1469699
26166,37303,6891130
26182,24100,2137942
26191,25385,2515315;27675,3110506
26203,27919,3111130
26210,27265,2919417
26215,20287,85973;24692,2231530;25738,2841260
26217,22645,1099628
26218,22801,1189990
26219,20126,85583
26224,38727,7250197
26225,28349,3112382
26228,38939,7251108
26232,32452,5434873
26247,25358,2515248
26251,22486,1099049
26254,23307,1469672
26258,43120,7935075
26260,28259,3112130
26262,35179,5513562
26264,21073,639222
26265,44365,8101310
26288,35997,5656756
26289,28157,3111877
26294,20059,85441
26300,24222,2151514
26303,20139,85610;24764,2396701
26304,23981,2085886
26306,23893,2085648
26311,21961,751230;33750,5504043
26317,21402,670563
26322,31519,4816547
26323,20955,602190
26328,27064,2918651;43990,8014690
26335,37895,7247677
26338,23135,1370503;31239,4750740
26344,27520,3110089;40561,7591201;40649,7591391;41913,7841636
26354,26670,2846202
26360,26909,2917515
26364,27048,2918190
26367,29392,4299986
26369,30665,4652505;44526,8101691
26370,30700,4652605
26372,26553,2845893;36961,6565046
26373,35141,5513483
26376,41822,7841145
26380,25883,2844003
26404,20082,85491
26405,38519,7249384
26419,27239,2919321;40391,7590145
26433,39137,7251887
26436,41554,7840169
26437,38976,7251194
26440,20301,86000
26441,26233,2844990
26442,25174,2397813
26450,37702,7064339
26451,41326,7753635
26461,27991,3111305
26464,21935,751157
26488,24625,2230770
26490,32013,5076753;42044,7843088
26491,19785,62932
26499,32042,5076883
26505,28311,3112266
26506,32091,5166538
26507,21927,751138
26508,32788,5498655
26513,31911,5076242
26515,26795,2846547
26516,33276,5500532
26525,22979,1283815;38104,7248189
26526,21170,639507
26527,21594,678277
26528,35740,5515673
26532,23891,2085643
26536,35324,5513942
26545,19833,64548;38385,7249076
26552,38846,7250901
26554,37800,7065051
26560,28192,3111965
26563,26841,2917259
26565,35293,5513842
26570,39190,7252023
26571,25874,2843979
26578,32327,5433945
26579,21602,678301
26580,39088,7251454
26598,42131,7843297
26615,37891,7247669
26634,30110,4644739
26636,28063,3111548
26640,33780,5504122
26641,28946,3703280
26643,22004,751344
26646,22141,1097240;27496,3110014
26647,33323,5500702
26650,32645,5435441
26652,28396,3112528;33061,5499781
26655,21805,750797;29751,4391878;35775,5515750;40575,7591229
26662,24384,2230173;28630,3342110
26671,25084,2397516
26672,25989,2844318
26675,39597,7331471
26678,43450,7936639
26683,21337,670360;23265,1370883;23373,1543081
26687,37589,7064069
26699,37427,7063546;41074,7668154
26701,26542,2845866
26705,25597,2840912
26708,30678,4652535;37464,7063654
26709,21113,639338;33339,5500761
26710,34562,5511960;41092,7668894;42618,7853135
26719,37159,6890700
26720,34709,5512304
26722,32891,5499043
26726,25590,2840893
26728,29450,4300122;41532,7840122
26729,31571,4816754;38680,7250082;39475,7331155
26730,33601,5501596
26746,34174,5510716
26748,22431,1098348
26756,31281,4815997
26764,37961,7247831
26765,40258,7589367
26771,36680,6135680
26782,42874,7854742
26785,39436,7331011
26792,24399,2230207
26796,39919,7380328
26797,34588,5512016;34827,5512593
26798,32243,5432073
26803,35999,5656760
26804,38039,7248040
26805,19812,64504
26808,28339,3112351
26813,28028,3111419
26815,41036,7668031
26816,26103,2844626
26819,32304,5432981
26820,22238,1097623
26823,24169,2151354
26827,24334,2230042
26834,42335,7844446
26835,21211,639620
26837,28040,3111493
26838,41487,7840025
26851,21253,639751;39047,7251360
26855,37006,6565185
26858,32322,5433934
26865,41709,7840562
26871,25908,2844065;37071,6565346
26872,24102,2137983
26881,29916,4643713
26887,33920,5509158
26890,44320,8101019
26895,39653,7331672;40587,7591256
26896,23667,1888788
26898,26708,2846314;37718,7064372
26903,36754,6136038
26905,20991,602283
26908,29275,4299678
26910,36035,5770922
26917,33515,5501328
26918,24389,2230186
26926,32462,5434898
26928,24927,2397159;32192,5397494
26930,33772,5504101
26936,35568,5515271
26949,23380,1543099
26961,26573,2845942
26966,21793,750767
26969,35673,5515509
26975,20459,86324
26979,22795,1189974;27292,2919514
26985,22499,1099126
26986,29014,3703552
26987,38745,7250237
26990,35198,5513603
26992,36727,6135968
26994,23827,2052200
26996,31844,4918189
27003,25041,2397418;27681,3110531;31051,4750216
27004,22322,1097924
27009,19885,69258
27011,36423,5772203
27012,32549,5435118
27014,30280,4648254
27015,27768,3110770;31902,5076221;43220,7935429
27016,42439,7844714
27017,22205,1097482;33615,5501624
27020,26295,2845168;43083,7934894
27021,21848,750897
27023,23821,2050920
27024,32286,5432944;38363,7249028
27025,44124,8100411
27026,36661,6135625
27028,20895,602024;30456,4649416;36469,5830695
27029,28313,3112272
27030,21940,751167
27034,25491,2515552
27039,30406,4649275
27052,29142,4299352;36472,5830702
27060,31141,4750442;36462,5830681
27062,37976,7247860
27068,21968,751246;44117,8100391
27072,30342,4648513
27073,25473,2515510
27075,36606,6135453
27089,27962,3111232;36862,6214730
27090,34048,5509557
27091,37026,6565235
27092,43944,8014586
27093,31715,4917789
27094,21487,670811;30848,4749642
27095,22351,1098066
27099,22967,1283788
27101,42508,7845240
27107,29041,3703640
27113,43991,8014692
27115,32926,5499295
27119,23747,1888981;35959,5598244
27133,41884,7841574
27134,26929,2917576;33457,5501170
27136,19947,69442
27139,20405,86210
27145,29501,4300241
27151,31694,4902936
27153,43080,7934888
27157,37343,6891213;40608,7591302
27164,38871,7250954
27165,41043,7668049;43418,7936560
27166,34100,5509679
27171,35617,5515381
27173,20981,602253
27174,28017,3111361;36938,6564983
27179,35073,5513237
27183,29333,4299817
27185,20951,602180;21068,639211;43221,7935431
27188,25921,2844103
27190,30702,4652613;32681,5435537
27193,25339,2515205
27199,19754,62670
27201,43387,7936483
27208,30099,4644687
27212,25643,2841022
27214,21393,670505
27217,39660,7332104
27218,39706,7332201
27221,34207,5510945
27223,29846,4553142
27229,34678,5512230;35765,5515730
27241,31662,4902864
27254,37472,7063670
27257,27183,2919184
27258,20305,86008;36311,5771870
27259,33242,5500417
27261,22390,1098193;34639,5512124
27264,19737,84
27267,34444,5511684
27277,21286,670234;43492,7937995
27283,31792,4918027
27285,21019,602366
27287,39313,7254375
27299,40430,7590380
27303,23596,1888588
27307,23751,1888990
27308,24484,2230466
27309,37713,7064362
27310,31121,4750381
27317,38296,7248855
27318,31217,4750662
27320,21549,671006
27321,25434,2515420
27325,34396,5511578;42207,7844159
27327,34559,5511942
27328,24814,2396859
27329,35768,5515736
27331,19886,69260
27333,20095,85516
27336,28453,3112714
27348,37486,7063701
27360,41699,7840539
27365,26331,2845261
27372,23063,1370164
27375,43525,7938068
27376,39700,7332190
27380,28754,3586892
27381,37202,6890803
27383,41255,7676166
27387,30589,4649795
27388,40979,7667887
27389,26343,2845289;31437,4816363
27392,31216,4750660
27397,21325,670328
27417,22581,1099422
27420,31825,4918126
27425,29341,4299868
27430,25747,2841285;31098,4750324
27434,26583,2845972
27441,22665,1099687;26299,2845178
27442,22017,751372
27445,27527,3110121;30959,4749901
27456,35447,5514986;44084,8100312
27457,37537,7063955;38535,7249430
27463,27464,3109918
27464,34511,5511839
27465,21620,678343
27466,41692,7840520
27467,41651,7840425
27472,21829,750851
27475,34283,5511145
27476,39355,7254492
27477,37184,6890755
27481,30365,4649028;40054,7380647
27482,44339,8101061
27483,42738,7853655
27484,25988,2844316
27490,23980,2085881
27494,28788,3617977
27504,23291,1370949
27505,32527,5435071
27506,20064,85453
27510,26037,2844446
27523,39434,7331007
27530,22562,1099346;42759,7853706
27546,19955,69463;34851,5512650
27551,29169,4299428;39013,7251285
27552,34942,5512901;38459,7249235
27553,26797,2846551
27554,26676,2846222
27557,28638,3342130
27559,25770,2843716;29038,3703628
27563,42538,7845323
27565,23851,2062472
27567,35187,5513581
27583,36068,5770992
27586,37740,7064419
27594,22422,1098310
27602,30564,4649715
27605,28637,3342127
27606,32641,5435434;42873,7854739
27611,33723,5503902
27615,33020,5499653
27622,42157,7843361
27628,43245,7935520
27629,36773,6136098
27630,22374,1098141
27631,31788,4918017
27647,21567,678178;33921,5509164
27656,23117,1370454
27661,35466,5515021
27678,34452,5511701
27679,36417,5772180
27685,29435,4300088
27687,23892,2085645;28582,3254582
27688,29482,4300195
27691,25672,2841092
27693,43275,7935961
27694,26223,2844968
27696,25148,2397733
27699,30752,4652733
27700,26637,2846120
27703,30465,4649436
27714,23274,1370907
27716,38100,7248178
27725,22303,1097846
27728,31553,4816717
27732,23799,1987381
27742,28691,3521900
27748,41318,7676319
27760,33570,5501500
27768,27375,2919952;27989,3111301
27770,22178,1097370;24798,2396782
27775,35382,5514833;41570,7840211
27780,34632,5512110
27783,28701,3521921
27785,36366,5772027
27791,24457,2230400
27801,28019,3111365
27804,40693,7592557
27808,20639,86746
27814,31386,4816247
27820,36473,5830704
27825,43934,8014560
27827,30529,4649644
27829,40374,7590015
27833,41407,7753992
27834,30414,4649293
27841,23222,1370769
27844,27344,2919867;36092,5771044
27845,26974,2917791;36721,6135957
27862,23518,1802015;31786,4918012
27873,35815,5515863
27878,37022,6565227
27880,43603,8012622
27883,36113,5771092;40495,7590698
27884,41122,7669003
27890,42895,7854809
27892,43857,8014389
27897,22521,1099208;29459,4300141
27898,29481,4300193
27901,28620,3254729
27902,20473,86354;38256,7248758
27910,32842,5498913
27912,40844,7667450
27918,20427,86252
27921,35244,5513710
27923,28246,3112097;36230,5771379
27926,35091,5513276
27927,40394,7590154
27928,44218,8100759
27930,34849,5512645;36416,5772178
27933,41013,7667977
27936,24664,2231464
27944,23221,1370767;44083,8100310
27959,36101,5771067
27963,27801,3110845;38849,7250907
27974,24348,2230084;37344,6891215
27982,23884,2085629;29830,4466564
27983,39524,7331297
27984,42163,7843377
27986,32130,5243902;34630,5512106;41111,7668949
27987,28660,3342182
27988,20169,85680;21818,750826
27989,21268,670196
27997,27607,3110334;39969,7380449
28003,31384,4816244
28007,27053,2918201;31003,4750027
28010,38423,7249159
28014,37714,7064364
28019,42002,7842076
28020,20341,86084
28021,25285,2515083
28024,36115,5771096
28027,33757,5504059
28043,29463,4300151
28044,37097,6890568
28047,43498,7938010
28048,33501,5501291
28052,25846,2843905
28053,32008,5076738
28055,25793,2843773
28059,23324,1469717
28061,31291,4816028
28064,25842,2843894
28065,26769,2846476;26856,2917288
28076,39406,7308479
28085,19921,69361;29091,4299207
28086,31335,4816130
28090,21014,602354
28092,25131,2397641;36005,5656785
28093,42203,7844150
28096,36557,5925039;41126,7669012
28102,26482,2845672
28103,36306,5771859
28106,19891,69269;26899,2917492
28107,32634,5435416
28112,43272,7935955
28114,27131,2918948
28119,30770,4747555
28126,21868,750991;33852,5508963;42972,7934453
28135,28188,3111955
28137,39193,7252030
28143,29850,4553151
28148,22469,1098483
28151,43075,7934871
28171,36248,5771425
28177,28737,3521990;37950,7247797
28178,23124,1370472
28182,29306,4299754
28183,32682,5435538
28187,29223,4299553;33867,5509031
28195,37252,6891001
28202,23423,1633482;23525,1812108;37027,6565237
28215,26040,2844453
28216,44565,8101868
28217,21527,670915
28221,34969,5512970
28223,36073,5771003
28230,30435,4649350
28240,20080,85485
28244,28825,3618085;35738,5515669
28246,28352,3112388;41807,7841111
28249,31872,5076143;40009,7380550
28251,27859,3110983;39210,7254004
28254,27006,2917987;33955,5509300
28260,32809,5498722
28264,23698,1888863;35343,5514673
28267,20320,86036;23255,1370855;28199,3111980
28281,40539,7591150
28285,20148,85631
28291,25817,2843832
28299,33887,5509086
28310,24936,2397181
28314,35621,5515398
28316,37029,6565241
28318,29294,4299727
28319,36675,6135662
28332,24306,2229939
28337,28959,3703322
28341,-19,4391455
28343,22334,1097954
28355,30812,4749540
28357,26700,2846293
28361,40966,7667810;41703,7840545;42622,7853151
28377,23660,1888770
28382,22051,751455
28393,29785,4391960
28395,25816,2843829
28400,25220,2398104
28411,31598,4816809
28414,31784,4918008
28419,22643,1099623;30766,4747543
28428,20253,85896;25995,2844330;37510,7063753
28432,40709,7592691
28435,20403,86206;42166,7843383
28443,43508,7938030
28444,39576,7331418
28447,25345,2515219
28448,29881,4643578
28468,34717,5512321
28469,37077,6565366
28485,35985,5656729
28486,35095,5513284
28492,27713,3110598
28494,26134,2844708
28496,30628,4652407;36509,5924897
28504,25636,2841006
28508,32567,5435156
28520,28266,3112153
28523,23197,1370684
28529,30605,4652346
28537,25293,2515102
28546,28571,3182018
28549,24291,2229885
28552,24556,2230613
28554,35002,5513067
28555,40294,7589445
28557,30022,4644236;44241,8100808
28560,35402,5514890
28562,25452,2515456
28563,40997,7667936
28566,21334,670354
28569,36149,5771175
28576,19756,62675;35980,5598295
28584,25233,2416576
28586,36090,5771040
28591,20447,86302
28592,22960,1283770;40455,7590454
28595,21000,602320
28599,26301,2845185
28602,37769,7064764;40651,7591395
28603,26437,2845561
28605,24715,2231578;31084,4750296
28612,42425,7844685
28614,23709,1888892
28615,30655,4652474
28616,37686,7064304
28621,39731,7332255
28625,24428,2230335;28270,3112161
28638,28492,3112812;39402,7308471
28639,35001,5513061
28652,42621,7853150
28657,37744,7064435;43314,7936298;44537,8101804
28659,38669,7250060
28661,44501,8101637
28662,27128,2918940
28672,37506,7063745
28683,44446,8101506
28693,35862,5515983;39807,7333322
28698,38708,7250155
28700,24025,2086005;33306,5500647
28713,40594,7591270
28716,38404,7249117
28721,32151,5332364
28735,24991,2397305;29903,4643653;37269,6891048
28752,23121,1370466
28757,38162,7248550
28762,39646,7331658
28765,32742,5498475
28768,33137,5500031
28773,32335,5433996
28774,37879,7247592
28775,31031,4750169
28777,41478,7840004
28779,30200,4648052
28780,34682,5512241
28781,23353,1543035
28786,41114,7668955
28787,21297,670259;31621,4824949
28794,25731,2841244
28795,25297,2515111
28801,28720,3521956;35203,5513616
28802,32478,5434947
28803,26960,2917761
28806,26629,2846102
28809,25299,2515116
28810,25091,2397532
28812,33871,5509039
28814,22389,1098190;34619,5512081;40101,7380752
28815,39555,7331372
28817,32717,5435619
28818,29480,4300189
28824,25341,2515211
28830,28635,3342123
28831,34950,5512917
28836,24342,2230064
28842,34229,5510992
28848,24782,2396739
28853,34962,5512944
28855,21715,678572;36135,5771146
28857,41947,7841716
28861,27089,2918709
28864,31322,4816100
28865,36093,5771046;38188,7248604
28870,28834,3618101;40123,7426562
28886,24570,2230641
28888,23257,1370860
28890,26423,2845528;30166,4645256
28897,35689,5515559
28900,42001,7842053
28901,27483,3109977
28905,26400,2845453;39490,7331195
28907,21305,670281
28924,41665,7840457
28926,34404,5511598
28929,20267,85935
28936,36205,5771319
28940,20132,85596
28959,28324,3112305;31888,5076183
28960,28446,3112677
28962,24032,2086027;40723,7627604
28965,26591,2845992;33017,5499647
28966,20876,497212;24671,2231479;28276,3112175
28969,29507,4300255
28970,28151,3111864
28971,35953,5598195;40492,7590668
28977,31576,4816763;34825,5512589
28980,35900,5516068
28983,35909,5516090
28988,33760,5504068
28992,25058,2397460
28994,39480,7331174
28995,20519,86454
28996,27161,2919019
28997,26900,2917495
29000,35742,5515680
29004,25258,2416627
29006,30869,4749689
29007,41569,7840209
29009,37886,7247653
29018,38395,7249096
29024,24976,2397271
29041,19723,53
29047,38069,7248112
29056,22173,1097353
29068,24415,2230291
29069,21028,604951
29072,29749,4391874
29075,29338,4299831
29076,36251,5771431
29077,20155,85644;41226,7676088
29081,44622,8102003
29085,22802,1189992
29087,29106,4299259;29266,4299658;36631,6135508
29091,35622,5515399
29094,22199,1097458
29096,22781,1189937;40858,7667481
29110,20351,86101
29111,26097,2844596
29119,42899,7854821
29121,28209,3112002
29126,24227,2151525
29127,29384,4299966
29136,25556,2685800
29142,27541,3110178;38577,7249537
29148,33999,5509414
29153,38879,7250970
29155,23781,1987346;32787,5498653
29157,29622,4391554
29160,22718,1099861;43891,8014460
29170,43769,8014178
29174,30957,4749896
29175,27827,3110912;28025,3111379
29176,27864,3111003
29178,40567,7591213
29183,37031,6565247
29186,43922,8014535
29189,34773,5512465
29196,29931,4643772
29199,41131,7669022
29202,31528,4816670
29203,42460,7844766
29209,33098,5499908
29222,35932,5591323
29230,34656,5512172;37639,7064188
29236,37074,6565351
29238,20507,86422;24275,2227273
29247,30010,4644199;41329,7753641
29258,34055,5509572
29264,33981,5509379;38381,7249069
29269,33740,5503943;36025,5770903
29276,23918,2085705;42300,7844369
29284,19990,69663
29287,36003,5656781;38120,7248221
29293,20354,86106
29307,21877,751009
29316,22816,1190023
29330,26838,2917251
29343,27119,2918910
29350,41082,7668179
29353,36392,5772119
29361,35238,5513695
29363,38441,7249200
29364,29928,4643764;35345,5514677;40300,7589462
29368,22890,1283588
29373,20250,85890
29377,23183,1370651
29391,39267,7254223;43443,7936625
29393,20933,602117;40447,7590430
29395,36137,5771149
29396,20258,85918
29411,37279,6891077
29419,43306,7936282
29421,27125,2918934
29422,27564,3110234
29428,33296,5500609
29430,30323,4648402
29434,21710,678562
29435,35292,5513839
29436,25261,2416635;34065,5509595
29437,29108,4299264
29439,41384,7753762
29447,31813,4918094
29449,22400,1098231
29453,23041,1283997
29455,33453,5501159;41123,7669006
29458,26266,2845073
29459,27091,2918713;33528,5501364
29460,43467,7936706
29462,33217,5500327
29463,28606,3254688;44264,8100875
29467,42615,7853126
29468,20143,85620
29471,29993,4643944;35012,5513087
29473,34710,5512306
29475,42269,7844299
29478,22044,751437
29479,20418,86234;24496,2230489
29482,25570,2840848
29483,19726,60
29491,25215,2398094
29493,28599,3254671;36854,6196537
29512,32732,5498437
29514,42570,7852992
29517,25083,2397514
29518,23745,1888976;40208,7589254
29520,38115,7248211
29525,22318,1097900
29538,24856,2396980
29541,36045,5770946
29544,33736,5503934;40157,7481188;42585,7853036
29553,19900,69291;24561,2230625
29558,33639,5501688
29561,27579,3110276;33600,5501591
29564,29991,4643940;34214,5510959
29569,33685,5503720
29573,20500,86406
29577,20429,86255
29579,31145,4750451;40514,7590885
29580,36427,5772211
29582,41978,7842333
29595,32198,5397508
29599,36784,6136130
29614,43931,8014554
29616,26015,2844390
29617,22231,1097605;26711,2846320
29620,27980,3111270
29624,43171,7935314
29627,24620,2230746;38565,7249513
29631,31227,4750703
29635,39057,7251380
29636,22962,1283778
29641,44512,8101660
29646,33596,5501582;40209,7589256
29647,33479,5501226;43822,8014307
29649,33049,5499738
29651,30890,4749746
29655,22775,1100019
29658,26417,2845513
29660,32272,5432911;37188,6890762
29664,29919,4643720;33463,5501186
29671,34177,5510723
29674,31819,4918111;38959,7251151
29676,35731,5515655;39142,7251906
29680,42389,7844601
29681,41154,7669076
29682,26993,2917954;37959,7247823
29684,35865,5515989;38198,7248629
29694,42647,7853222
29698,36742,6136001
29706,33033,5499688;33593,5501563
29708,20161,85665
29710,28382,3112497
29712,29809,4446566;41502,7840058
29715,28376,3112483;29946,4643815
29717,20283,85966
29724,24478,2230444
29731,22535,1099264;36214,5771338;38138,7248384
29732,43952,8014607
29735,21302,670276;30312,4648370;38230,7248700
29742,36789,6136141
29747,25539,2685757;42354,7844488
29757,23020,1283917
29763,34862,5512697
29765,26033,2844434
29766,27759,3110718
29769,40397,7590163
29776,26752,2846440
29779,35626,5515406
29780,20509,86426
29788,38808,7250779
29790,32156,5332379
29801,29449,4300120
29805,22355,1098080;31000,4750007
29807,19948,69444;25905,2844059
29808,40477,7590529
29809,22743,1099930;43897,8014476
29811,23155,1370557;30704,4652619
29813,31699,4902947
29818,34626,5512098
29823,38569,7249521
29827,36878,6267514
29833,36255,5771440
29836,33612,5501618
29837,25653,2841049
29838,27289,2919504
29839,28377,3112484
29842,26384,2845414;37931,7247756
29844,21814,750819
29849,23537,1812144
29850,20116,85560
29852,27974,3111257;33990,5509396
29853,20324,86045;39459,7331112
29862,34569,5511974;37577,7064042
29868,31307,4816064;34036,5509524;35481,5515075
29876,30230,4648126;42264,7844288
29878,31644,4827754
29879,22915,1283660
29880,29759,4391894;42186,7844106
29882,29331,4299812
29883,25832,2843867;30147,4645201
29890,27992,3111307;34040,5509532
29898,26872,2917392
29901,21385,670487
29907,25845,2843903
29908,28903,3703153
29915,31907,5076234
29919,29873,4643530;32147,5332354
29922,22371,1098132;26098,2844598
29931,21604,678305;33845,5508945;40845,7667452
29933,31048,4750210
29937,29455,4300132;37356,6891237
29947,39632,7331626
29950,33592,5501560
29951,32969,5499496
29969,25410,2515367;25616,2840956
29973,25328,2515183
29974,39601,7331548
29976,22427,1098324;32726,5498415
29978,33215,5500320
29981,29867,4643498
29984,41496,7840043
29989,23694,1888850;40040,7380620;44239,8100804
29992,34068,5509602
29994,30167,4645259
29999,21270,670200
30011,24473,2230434
30013,34742,5512394
30015,23410,1633450;41105,7668934
30017,23507,1801980;36111,5771088
30018,28161,3111894
30020,43413,7936540
30021,24678,2231496
30024,39530,7331309
30028,38182,7248592
30031,21272,670204;22361,1098105;32582,5435190
30043,25389,2515322
30044,34201,5510916
30047,31946,5076357;44517,8101673
30049,28021,3111371;33360,5500849
30050,39783,7332376
30051,34984,5513015
30052,22444,1098397
30066,28340,3112353
30074,23632,1888699
30076,29029,3703602
30079,29670,4391629;32127,5243895
30085,23025,1283929;37832,7235676
30087,25599,2840918;31232,4750715;34054,5509570
30091,26358,2845333
30098,36988,6565137
30100,26193,2844897;37509,7063751
30103,25149,2397736
30111,41611,7840316
30112,30315,4648376
30117,21392,670503
30128,27264,2919414;40839,7667310
30129,32341,5434607
30138,24532,2230565
30140,32417,5434796
30142,34814,5512558
30151,30108,4644734
30154,36492,5830754
30162,39292,7254321
30164,24544,2230590
30167,26431,2845547;33105,5499927
30171,28218,3112023
30182,24568,2230637
30183,43035,7934664
30186,22072,751500
30190,21938,751162
30202,29994,4643948
30204,22454,1098436;41372,7753735
30205,30592,4649801
30206,41253,7676162
30210,35631,5515416
30211,19837,64555
30214,33019,5499651
30219,19777,62748;37323,6891173
30222,21027,604949
30223,43834,8014331
30227,33527,5501362;40545,7591165
30238,26487,2845684
30245,25038,2397409
30247,25927,2844145
30255,22228,1097597
30260,41877,7841557
30285,28193,3111967
30289,44118,8100393
30301,34408,5511606
30303,41636,7840386
30306,22432,1098351;26352,2845314
30315,20133,85598
30321,42331,7844438
30322,24637,2231395;26503,2845720;28579,3182041
30324,33411,5501044;40142,7481162;42319,7844411
30328,39043,7251352;41835,7841338
30335,21023,604941
30342,23806,2031598
30348,25024,2397381;26760,2846456
30349,26863,2917304;28789,3617979
30352,23558,1879899;33015,5499641
30353,37814,7235629
30368,36218,5771348
30372,31298,4816043
30383,28345,3112365
30387,35247,5513716
30389,19844,64915
30390,22435,1098360
30396,32539,5435095
30400,29026,3703595;43605,8012630
30402,29655,4391595
30403,20036,69781
30405,22193,1097438
30406,44403,8101403
30407,34649,5512153
30415,30265,4648220
30418,25903,2844054;33518,5501334
30419,27613,3110346;43095,7934918
30421,40900,7667601
30432,24370,2230130
30434,22217,1097554;30806,4749528
30436,31329,4816115
30437,22657,1099665
30443,26241,2845010
30445,44354,8101289
30456,39388,7308435
30459,44613,8101976
30465,28938,3703255
30471,27761,3110755;34764,5512442
30476,36574,6001755;37324,6891175
30479,33583,5501532;43145,7935259
30482,21914,751107
30484,25235,2416580
30485,30774,4748166
30487,41567,7840205
30494,32242,5432070
30501,27173,2919159;28646,3342151
30502,39061,7251397
30503,35978,5598290
30505,43862,8014399
30506,21263,670184
30508,23073,1370313
30509,26053,2844486
30511,41559,7840190
30516,43873,8014421
30520,40759,7667077
30523,32656,5435464
30527,27052,2918199;36619,6135480
30536,19869,64999
30538,42626,7853163
30539,33311,5500665
30548,30631,4652417;38026,7247988
30562,33255,5500463;34134,5509792
30565,40035,7380605
30573,31572,4816756
30575,35741,5515680
30578,32347,5434617
30580,41235,7676107
30582,43110,7934967
30584,43455,7936672
30587,27400,2920017
30590,32403,5434768
30593,39262,7254208
30606,35330,5513954
30618,36597,6001851
30619,31626,4824959
30620,31523,4816648;39300,7254338
30622,21930,751145
30625,24249,2151578
30630,29107,4299261
30637,23773,1987325;29502,4300243
30645,32755,5498520;34677,5512228
30647,22161,1097310
30648,32595,5435268
30650,24131,2149675
30651,29897,4643634
30653,39708,7332205
30657,43638,8013863
30658,32657,5435466
30659,37275,6891067
30661,33508,5501308
30665,30455,4649414
30666,31184,4750570
30671,34243,5511024
30672,28239,3112082
30675,20605,86677
30677,26019,2844399
30680,39749,7332299
30683,21518,670894
30689,24605,2230716
30690,34877,5512727
30694,27587,3110294
30696,21449,670676;35279,5513784
30700,42392,7844612
30705,27732,3110644
30707,35230,5513674
30715,23481,1801923
30720,22182,1097393
30724,26066,2844523
30726,34770,5512454
30728,43948,8014599
30737,42965,7934439
30739,20396,86192
30741,24719,2231586;28401,3112542
30742,37504,7063741
30743,32094,5166543
30749,36483,5830728
30752,37313,6891149
30753,28702,3521922;36120,5771114
30754,33231,5500375;35381,5514823
30760,42809,7853821
30766,35801,5515830
30767,38216,7248669
30768,21459,670697
30779,24584,2230671;29981,4643915;31318,4816086
30780,23335,1469749
30788,31434,4816356;32675,5435509
30789,23292,1370951;29757,4391889
30791,42708,7853364
30801,39846,7333451
30802,26891,2917475
30809,31166,4750527
30817,37292,6891104
30822,42429,7844694
30824,29488,4300207
30826,23347,1543021
30827,43298,7936266
30836,24617,2230740;42352,7844484
30840,25159,2397758
30844,29272,4299672
30851,32422,5434809;34355,5511447
30853,25560,2685814
30859,37453,7063629
30860,28836,3618104
30863,36590,6001816
30871,29943,4643807;43112,7934971
30872,27529,3110125
30873,32640,5435429
30874,26665,2846191;32250,5432086
30882,44371,8101322
30895,21994,751321;39295,7254327;44249,8100829
30896,23610,1888626
30897,25906,2844061;26707,2846311;37777,7064929
30902,29088,4299201;38889,7251001
30912,32904,5499084
30917,32455,5434881
30920,30309,4648357
30922,44306,8100988
30927,22515,1099190
30929,34026,5509504
30932,29869,4643503
30942,35297,5513851
30944,22042,751434
30945,24479,2230447
30951,26280,2845126
30960,30666,4652507
30961,29771,4391927;31593,4816799
30962,32222,5432017
30967,33129,5500009;38890,7251003
30973,29300,4299739
30975,25647,2841037
30977,27995,3111313;31633,4824973;36063,5770983
30980,28965,3703344
30986,24615,2230736;29671,4391631
30989,29239,4299588
30990,20896,602026
30996,22177,1097368
30997,31491,4816486
30998,34232,5510998;35992,5656745
31005,27808,3110857
31007,24646,2231416
31011,41356,7753699
31016,43820,8014303
31017,38197,7248627
31018,32626,5435400
31019,20582,86588
31023,28208,3112000
31025,25707,2841167
31027,34119,5509731
31028,21970,751252;33044,5499718
31034,21775,750703
31036,43868,8014411
31040,35620,5515387
31050,23415,1633461
31060,21131,639383;39246,7254155
31061,43168,7935308
31073,34507,5511831
31074,44262,8100871
31075,21313,670296;43970,8014647
31076,28337,3112347
31080,21294,670253
31083,39933,7380364
31089,30380,4649059
31090,24109,2138014
31091,20913,602074;30351,4648535
31093,25670,2841088
31096,26506,2845729
31098,23137,1370510;43506,7938026
31099,25743,2841277
31102,43282,7935975
31103,25762,2843697;27988,3111300
31104,24549,2230600
31107,22758,1099970;27551,3110206;39486,7331185
31118,27908,3111107
31123,22211,1097537
31130,27589,3110297
31131,29992,4643942
31135,27684,3110537
31151,31056,4750225;35630,5515414
31152,35667,5515497;44605,8101960
31157,41622,7840346
31162,27043,2918180
31166,40428,7590374
31168,24126,2149649
31170,30356,4648546
31172,36866,6267486
31177,36110,5771085
31182,29470,4300166
31183,22056,751464
31185,37064,6565328;42696,7853337
31186,44309,8100994
31189,25181,2397863
31194,33199,5500239;42985,7934486
31195,33769,5504094
31196,19735,80;26027,2844418
31200,36178,5771245
31204,39866,7333547
31206,41125,7669010
31212,30204,4648061
31213,24824,2396888;38660,7250038
31220,33165,5500130
31221,27558,3110220
31223,29020,3703574
31230,20448,86304
31236,29838,4466580
31237,30038,4644274
31245,20439,86286
31247,22396,1098219;29429,4300075
31248,42062,7843131
31258,40278,7589410
31261,22991,1283843
31265,21925,751132;29904,4643656
31273,20580,86583;30685,4652557
31274,26084,2844567
31279,28588,3254597
31283,37548,7063980
31286,43141,7935251
31287,44473,8101574
31304,26869,2917317;41367,7753725
31311,41859,7841516
31313,22642,1099619
31315,26405,2845485
31318,32133,5243908
31320,34401,5511593;44086,8100316
31321,26790,2846534
31340,23965,2085842
31348,24722,2231595
31351,27926,3111145
31354,35821,5515896
31363,26812,2846588
31365,21665,678456
31370,27205,2919239
31376,33198,5500237
31385,33485,5501247
31391,30936,4749850
31392,30508,4649537
31394,39254,7254171
31395,26174,2844850
31399,28942,3703270;34657,5512175
31400,29395,4299992
31401,40782,7667130
31406,39408,7308483
31410,37608,7064110
31411,22696,1099775
31416,25115,2397605
31426,43951,8014605
31432,30779,4748177
31435,30809,4749534
31437,39472,7331141
31443,21660,678443;44237,8100800
31479,32839,5498897;42739,7853657
31482,28119,3111785;35046,5513165
31484,38750,7250248
31487,41594,7840266
31492,37715,7064366
31497,31854,4918214
31517,21130,639381;25601,2840924;39338,7254441
31537,25122,2397623;25520,2685711
31553,20251,85892
31564,28130,3111815
31572,24343,2230067;44006,8014754
31580,42318,7844409
31583,21677,678486
31587,43631,8012691
31588,44043,8014850
31592,41473,7839994
31606,33748,5504038;36177,5771243;38563,7249498
31612,25977,2844263
31615,36067,5770990;38609,7249608
31617,26892,2917478
31633,28190,3111961
31635,36042,5770941
31636,30574,4649735
31644,29089,4299203;35256,5513734
31656,35910,5516092
31658,37056,6565308
31661,23308,1469675;26375,2845388
31664,27219,2919269
31674,22518,1099198
31678,41706,7840551
31679,30952,4749885
31683,20470,86348
31686,28212,3112009
31697,33102,5499920
31699,24162,2151337
31702,26751,2846438;38541,7249446
31721,39023,7251309
31731,26963,2917769
31732,25513,2685689
31738,21644,678406;25451,2515454
31745,40083,7380711
31748,29358,4299906;38900,7251023
31753,22843,1283463
31759,31982,5076646
31764,28577,3182037
31767,30627,4652405
31770,32715,5435615
31771,28586,3254592;29624,4391558
31777,40502,7590765
31783,35531,5515178
31793,36782,6136127
31794,36709,6135760
31797,37647,7064207;40631,7591351
31800,32231,5432035
31802,22886,1283579
31809,31991,5076673
31820,40273,7589400
31825,21210,639618;30573,4649733
31831,25102,2397576
31843,44601,8101952
31849,26776,2846491
31854,26815,2846594
31855,29948,4643820
31857,41680,7840496
31866,22669,1099695;27222,2919277
31868,29174,4299439
31874,20950,602178;29356,4299902;39194,7252032;41726,7840643;43554,7938139
31880,26435,2845556;28692,3521902
31881,28918,3703193
31894,32296,5432963
31896,32050,5076920;39138,7251889
31901,23442,1801840
31908,28790,3617981
31911,36970,6565070
31913,26078,2844551
31920,29212,4299527
31921,-19,4391542
31936,35987,5656733
31940,27238,2919316
31941,25711,2841174
31944,38898,7251019
31951,30768,4747548
31953,38984,7251222
31954,19975,69510
31958,21359,670412
31960,39433,7331005
31963,34377,5511505
31964,21222,639652
31975,43840,8014346
31988,24959,2397232;28650,3342161
31992,37492,7063713;43071,7934849
31995,43256,7935917
32006,44425,8101456
32015,30816,4749548;36421,5772196
32016,40829,7667280
32017,37918,7247726
32018,21729,678606;32318,5433012;35350,5514736
32020,23157,1370562;31456,4816404
32025,31190,4750583;41179,7669134
32027,36203,5771316
32035,32987,5499556
32041,20387,86172
32042,35717,5515623
32043,31279,4815989
32048,30536,4649657
32049,25204,2398074
32052,27193,2919205
32058,25801,2843793
32059,43584,7941880
32066,38892,7251007
32074,24575,2230650;30987,4749967
32076,37847,7235725
32092,22805,1189999
32099,27673,3110502
32102,21168,639503;31936,5076323;33259,5500472
32110,27889,3111058;40835,7667298
32118,32651,5435453
32119,24132,2149680
32124,23666,1888786
32130,36940,6564989;44259,8100865
32131,21565,678174;28357,3112419
32135,26485,2845679;27022,2918134;27029,2918149
32138,25544,2685773
32139,41696,7840528
32149,29553,4300367
32159,21717,678576;29040,3703632
32165,36861,6214729
32166,26594,2845998
32170,35947,5598183
32172,25292,2515100;40781,7667128
32174,37552,7063988
32193,40938,7667694;42209,7844163
32196,25760,2841311
32197,33602,5501597
32200,26069,2844530
32204,29727,4391798
32222,35679,5515521
32226,21695,678528
32228,31425,4816337
32250,30597,4649810
32258,30186,4647846
32259,27618,3110356
32261,31835,4918155
32263,24179,2151382
32266,29147,4299363
32268,44082,8100308
32272,33304,5500642;40863,7667499
32274,25282,2515072
32277,39068,7251410
32282,23445,1801845
32286,22559,1099333;24650,2231427
32287,23090,1370382
32294,37462,7063650;37910,7247710
32296,27743,3110685
32298,34795,5512517;40926,7667670
32306,40324,7589512;44579,8101899
32308,27723,3110626
32310,22288,1097799
32313,27342,2919863
32330,33077,5499830
32333,21892,751041
32341,38293,7248844
32342,43594,7941900
32348,25632,2840998
32351,29230,4299569;35698,5515577;43985,8014680
32356,27237,2919314
32357,20055,85416;39308,7254363;41664,7840455
32358,36651,6135558
32360,30803,4749522
32361,40034,7380603
32362,38847,7250903
32371,20008,69714;39966,7380443
32374,25438,2515427
32382,34683,5512243
32390,25614,2840951;31943,5076348;43451,7936641
32391,28908,3703164
32395,33893,5509098
32397,37980,7247870
32402,23149,1370541
32405,38673,7250068
32407,23141,1370521;24752,2320993
32409,27566,3110239;31823,4918121
32411,28301,3112234
32412,28397,3112530
32422,23841,2062424
32423,23251,1370845
32425,23999,2085929
32430,41398,7753795
32432,33979,5509352
32434,43903,8014488
32435,32132,5243906;33961,5509316
32440,31800,4918046
32448,36991,6565144
32451,21322,670318
32452,24182,2151395;44363,8101306
32455,22144,1097248;37483,7063695
32456,42151,7843349
32462,33681,5503712
32463,36443,5772259
32468,25527,2685729
32473,24323,2230017
32497,37690,7064312
32503,21118,639353;40660,7591417
32506,44001,8014743
32507,33595,5501572
32511,23198,1370694
32524,40584,7591250
32539,20595,86652;21225,639664
32545,28098,3111736
32548,27872,3111021
32558,26765,2846468
32560,27061,2918236;36076,5771008
32563,27407,2920070
32566,35846,5515947
32572,37687,7064306;41378,7753747
32575,36708,6135758
32579,24298,2229904
32582,43113,7934974
32584,32271,5432909
32591,29697,4391706
32594,30868,4749686
32595,41317,7676317
32596,35076,5513243
32598,31183,4750568
32604,32323,5433936
32607,35401,5514865
32608,32830,5498804
32609,24966,2397249
32610,36312,5771872
32612,20160,85662
32615,20202,85764
32620,30155,4645224;42214,7844173
32627,36213,5771336
32630,38630,7249671
32640,22900,1283613
32644,30480,4649467
32648,44625,8102009
32655,37467,7063660
32660,20468,86344;23945,2085771;28639,3342132
32671,21057,639161
32683,20915,602078;33563,5501486
32687,30995,4749998
32688,29082,4299187
32707,26885,2917421
32710,20622,86712;30798,4749510
32717,35492,5515095
32719,36303,5771853;38932,7251094;39441,7331076
32721,29822,4466548
32722,40956,7667749
32730,27749,3110697;34909,5512807;36395,5772126
32740,24710,2231568;39297,7254332
32752,29989,4643934;43906,8014494
32756,24335,2230044;40818,7667243
32759,20328,86053;34127,5509750
32760,22887,1283581
32761,31302,4816054
32763,39344,7254462
32765,26156,2844782
32770,31072,4750258
32774,32448,5434864
32778,31457,4816408
32779,22794,1189972
32780,20872,497201;31034,4750175
32792,24310,2229972
32795,40195,7589225
32801,36200,5771307
32803,23997,2085925;25137,2397653
32804,26783,2846518
32814,31370,4816214;41095,7668903
32822,38781,7250720
32828,25179,2397823
32830,21626,678362
32833,39310,7254368
32835,39562,7331390;43813,8014277
32839,35706,5515594
32840,37782,7065015
32843,24492,2230481;35764,5515728
32846,27366,2919935
32850,23587,1888562;31585,4816782
32852,22172,1097350;25141,2397697
32857,30215,4648091
32860,31678,4902899
32862,24627,2231374
32864,21090,639266
32868,28519,3112873;39909,7380308
32870,35342,5514671
32880,38568,7249519
32883,33800,5508819;36263,5771471
32889,20012,69722
32896,21227,639668;29261,4299643
32899,27283,2919469
32902,32770,5498588
32903,36910,6564896
32905,42487,7844980
32908,37149,6890680
32913,31605,4816824
32926,29719,4391774
32934,24884,2397058
32935,23086,1370373
32937,24402,2230217;34392,5511570
32938,25493,2515556
32940,43786,8014215
32943,30205,4648064
32953,40668,7591433
32957,36984,6565121
32958,35267,5513759;37579,7064046
32959,21259,639765;26644,2846139;44224,8100771
32965,32944,5499423
32969,36902,6564879;43611,8012646
32974,23202,1370712
32991,34870,5512713
32992,25237,2416584;39844,7333445
32999,35353,5514742
33001,25703,2841159
33002,30886,4749736
33006,25008,2397342;39177,7251989
33010,35663,5515489
33017,30598,4649812;42153,7843353
33028,25070,2397485
33035,32632,5435412
33037,37680,7064289
33041,34971,5512976
33049,30195,4648042
33051,41016,7667983
33060,31451,4816393
33061,22417,1098290
33062,21928,751140
33071,21434,670638
33074,21257,639760
33075,27709,3110590
33076,29181,4299457
33082,33774,5504106;41435,7839901
33088,28086,3111712
33091,42083,7843173
33092,37332,6891190
33093,39342,7254454
33094,29685,4391666
33096,33618,5501630
33098,32005,5076727
33101,23471,1801901
33108,24667,2231471;27730,3110640
33117,23807,2031601
33119,44097,8100348
33120,23488,1801937;34977,5512993
33122,23406,1633442
33123,37696,7064324
33129,33974,5509342
33147,30585,4649782
33152,26821,2917213
33158,31207,4750638
33159,25875,2843982
33165,20947,602172
33166,21082,639248
33171,37726,7064391
33177,42059,7843119
33192,33510,5501313
33196,44368,8101316
33207,27095,2918725
33208,32805,5498713;38829,7250863
33211,27461,3109912;32457,5434885
33217,39686,7332158
33224,28055,3111527
33229,36269,5771494;43353,7936403
33232,37429,7063550;42181,7844097
33236,23864,2062500
33244,27637,3110422;38291,7248840
33246,24698,2231542
33261,34104,5509689
33263,32569,5435160
33269,37442,7063601
33273,25896,2844032
33274,19825,64531;33097,5499906
33276,36668,6135645
33277,24875,2397028;37194,6890773
33278,23602,1888603
33296,32117,5243865
33297,44173,8100516
33308,32880,5499013
33313,41238,7676121
33319,36012,5656804
33321,32098,5166552
33330,33210,5500303
33331,23228,1370783
33333,32925,5499288
33337,24048,2086078;29220,4299545
33339,32482,5434957;41054,7668071
33341,20032,69772
33343,41080,7668176
33345,24071,2086136
33348,38744,7250235
33350,41076,7668163
33352,41428,7839887
33365,44374,8101333
33366,23270,1370897
33367,41267,7676194
33370,27853,3110971
33384,40079,7380700
33388,32537,5435091
33394,28504,3112839
33396,31623,4824952
33397,28771,3586934
33400,36117,5771108
33401,27276,2919441
33409,34713,5512313
33411,40913,7667631
33414,22226,1097593;22284,1097789;34333,5511390
33415,43132,7935224
33429,31046,4750206
33434,35021,5513110
33435,30734,4652690
33439,40695,7592561
33449,20887,602002
33453,36740,6135994;39076,7251426
33454,29176,4299444
33456,37618,7064130;41232,7676101
33462,36823,6196441;37585,7064061
33463,39913,7380316;40729,7627616;43502,7938018
33471,42848,7854027
33472,43327,7936332
33476,30563,4649713
33487,29921,4643747;36908,6564892
33496,33948,5509279
33499,22819,1190031
33504,40308,7589477
33508,23014,1283903;33530,5501368;42705,7853358
33519,33963,5509319;40659,7591411
33521,29576,4300418
33525,29905,4643658
33531,29933,4643777
33542,23986,2085896;33591,5501557
33543,28096,3111732
33545,35912,5516096
33551,21726,678600;32391,5434736
33563,30050,4644306
33568,29385,4299968
33590,26806,2846574;44042,8014848
33592,37781,7065014
33593,36746,6136014
33597,26070,2844533
33598,21545,670996
33603,20528,86474;32607,5435315
33604,26887,2917463
33605,23901,2085669;43732,8014092
33606,25061,2397468
33608,27251,2919351;42981,7934479
33631,33703,5503852;39127,7251867
33635,39970,7380451
33639,29406,4300020;40435,7590395
33642,31566,4816744
33653,23974,2085865;24068,2086130;25101,2397574
33656,38317,7248921
33659,32902,5499080
33661,41928,7841669
33664,37966,7247840
33666,24468,2230425
33669,44558,8101851
33676,27281,2919465
33686,41710,7840564
33690,38729,7250201
33692,34251,5511040;37699,7064330
33703,19969,69497
33709,39589,7331454
33721,34936,5512885
33725,26577,2845953
33726,31317,4816085
33730,33896,5509104
33739,32075,5076996
33740,34352,5511441;43947,8014597
33745,30369,4649037
33746,27800,3110840;43476,7936740
33752,29766,4391916
33759,30352,4648537
33764,26158,2844787
33765,22473,1098495;40006,7380544
33772,36947,6565009
33774,21116,639345
33775,21870,750995;31469,4816439
33777,34113,5509707
33778,27353,2919884
33779,21524,670909
33784,40609,7591304
33785,25931,2844154
33786,20236,85861;22080,751516;29227,4299564
33787,28149,3111860
33788,41373,7753737
33795,28050,3111517
33796,42616,7853129
33801,24176,2151375
33812,19752,62665;29972,4643888
33832,30328,4648416
33833,20364,86128
33853,37334,6891193
33882,27386,2919976
33886,21755,750654;42905,7854874
33890,23905,2085677;31915,5076264
33900,33329,5500718
33903,38605,7249600
33904,22453,1098433
33909,20360,86119;23184,1370653
33910,40377,7590024
33919,31075,4750264
33924,36465,5830687
33925,25315,2515153
33928,25087,2397522
33932,32768,5498582
33940,25055,2397454
33942,28751,3586886
33953,43462,7936691
33959,43117,7935039
33961,38973,7251188
33963,27603,3110327;36196,5771299
33965,29284,4299704;30088,4644642
33969,27985,3111283
33970,30429,4649335;32966,5499481
33973,32306,5432986
33974,26720,2846339;37960,7247825
33977,20292,85982;20925,602100
33986,22594,1099458;25566,2840840
33993,20909,602065
33995,21239,639707;44475,8101581
33996,24494,2230486;28545,3112934;44029,8014817
34009,19818,64516
34013,43614,8012654
34015,35207,5513624
34024,21924,751130;23122,1370468
34030,22415,1098283;35595,5515337
34036,38337,7248964;40346,7589941
34039,35565,5515265
34042,35170,5513543
34053,42139,7843322
34054,24229,2151530
34072,23722,1888925
34077,30850,4749646;42368,7844556
34080,24523,2230547
34084,23186,1370658;42420,7844672
34086,39153,7251928
34087,23914,2085696
34090,20603,86673
34093,22208,1097490
34095,25092,2397533;33898,5509108
34096,24535,2230571
34098,24929,2397163
34103,28995,3703462;32449,5434866
34104,29821,4466547
34106,22812,1190014
34123,25176,2397817
34127,41825,7841151
34130,33086,5499858
34131,25950,2844200
34132,33642,5501705
34135,44054,8014872
34151,41641,7840405
34153,31879,5076160
34157,20617,86700;35986,5656732
34166,34206,5510925
34171,43426,7936581
34177,27459,3109906
34178,37920,7247730
34182,26190,2844890
34183,41694,7840524
34193,43277,7935965
34199,22734,1099902
34201,26912,2917521
34206,28858,3703032
34207,28211,3112007
34219,28369,3112468
34223,36430,5772220;44228,8100779
34234,24768,2396708
34235,22585,1099433;40752,7667063
34244,-19,4391495
34257,29844,4553138
34260,44461,8101540
34265,35725,5515643;42731,7853641;42994,7934513
34267,39508,7331254
34270,26416,2845510
34271,27302,2919685
34272,24685,2231515
34278,32512,5435025
34290,20252,85894
34299,26517,2845752;29444,4300109
34304,23835,2052229;30534,4649654
34310,22526,1099223
34312,43620,8012669
34323,29865,4643494
34325,38646,7249959
34327,36983,6565118;37305,6891134
34328,27915,3111122;35318,5513902
34329,36897,6279789
34336,35056,5513199
34337,40484,7590592
34340,22596,1099464
34343,42789,7853778
34346,36570,6001740
34347,41310,7676297
34356,43755,8014141
34387,38450,7249217
34390,44503,8101641
34391,37207,6890811
34392,25618,2840960;36918,6564919
34393,32689,5435553
34395,26062,2844513;39279,7254277
34402,28101,3111745
34405,30004,4643977
34406,30251,4648187
34409,39908,7380306;42489,7845044;43616,8012663
34412,29155,4299385;33905,5509123
34424,31919,5076272
34427,20492,86390;30622,4652393;40345,7589939
34433,24033,2086030
34440,26779,2846500
34454,38736,7250215
34458,28217,3112020
34462,34813,5512556
34468,41521,7840100
34469,37306,6891136
34476,22194,1097440
34478,39655,7332084;41907,7841624
34486,21376,670466;34245,5511028;36864,6214733
34489,21008,602339
34492,30095,4644676;41485,7840021
34498,34986,5513024
34500,42720,7853615
34501,23993,2085913
34506,28279,3112181
34507,33775,5504108
34513,26796,2846549
34514,24891,2397074;30012,4644203;32972,5499503
34515,21475,670774;-19,4391471
34518,38061,7248097
34522,29308,4299758
34523,29259,4299636;43877,8014432
34524,39574,7331414
34534,30535,4649655
34537,26947,2917626
34539,20037,69783
34540,44581,8101904
34541,29504,4300247
34546,24811,2396852;30117,4644760
34547,29093,4299225
34556,31775,4917982;33460,5501176
34560,29110,4299269
34578,35802,5515831
34579,24144,2149757
34590,25354,2515239
34593,24208,2151467;42277,7844315
34594,30541,4649671;32138,5243919
34598,23454,1801864
34604,34998,5513051
34610,30843,4749631
34614,26693,2846263
34617,37586,7064063
34624,30232,4648132
34627,39411,7308489
34628,41937,7841693
34635,40236,7589314
34636,26341,2845286;28456,3112719
34638,22869,1283532
34640,44323,8101025
34645,38324,7248938
34650,33153,5500086
34651,28510,3112853
34652,32587,5435200;39774,7332353
34653,31980,5076637;41785,7841059
34676,33050,5499740
34695,24186,2151404
34700,38266,7248781
34705,23103,1370420;24349,2230085
34706,36313,5771874
34709,42468,7844786
34710,31635,4824976
34716,26121,2844677
34726,25515,2685697;31436,4816361;33286,5500571
34730,33106,5499930
34731,29746,4391868
34735,22008,751352
34738,38580,7249543
34748,22207,1097487
34749,29403,4300012;37825,7235657
34753,28007,3111340
34758,30514,4649611
34764,33216,5500322
34773,21795,750771;34722,5512337
34775,33225,5500358
34777,20086,85499;20246,85881
34784,41260,7676180
34786,22296,1097823
34787,25125,2397629;25721,2841216
34789,32155,5332375
34793,25683,2841116
34797,25952,2844205;33966,5509325
34800,42403,7844638
34807,26123,2844682
34818,33918,5509154
34823,34745,5512400
34825,32644,5435439;42418,7844668
34835,21911,751101
34842,21107,639324
34843,30852,4749650;44003,8014747
34844,31503,4816515
34858,22771,1100008
34861,24776,2396723
34866,39412,7308491
34869,23087,1370376;23154,1370555;42325,7844426
34876,29386,4299971
34891,25809,2843812;32159,5332386;44576,8101893
34897,22907,1283641
34901,39544,7331350
34903,23859,2062487
34904,37354,6891233
34905,31560,4816730
34909,42605,7853096
34919,44256,8100859
34923,25779,2843736
34930,26434,2845554
34939,22760,1099979
34941,31152,4750473;42350,7844480
34942,42590,7853047
34944,22304,1097849
34945,31880,5076162
34946,33725,5503908;41236,7676109
34947,38433,7249179
34957,35954,5598234
34967,30079,4644377
34968,21198,639587;28181,3111940
34980,26088,2844576;28371,3112472
34982,25203,2398072
34987,37350,6891225
34990,19931,69394
34997,21581,678226
35010,31501,4816512
35012,25012,2397352
35023,21696,678531
35041,41425,7839881
35042,28391,3112517
35054,34173,5510693
35057,41377,7753745
35058,39899,7380285
35059,37347,6891220
35062,32584,5435194
35064,23276,1370912
35071,44544,8101818
35073,31383,4816241
35080,40546,7591167
35094,22839,1283450;31826,4918128
35100,38244,7248734
35120,32430,5434825
35167,32780,5498633
35169,36818,6196408
35172,26464,2845631;28111,3111767
35175,30990,4749974
35176,42225,7844198
35177,20128,85588
35179,33039,5499702
35181,21583,678246
35187,20437,86283
35192,27971,3111251
35193,30288,4648278
35197,22441,1098390
35202,37107,6890592
35203,38771,7250637
35210,23319,1469703
35219,29295,4299729
35227,41262,7676184
35229,27671,3110497
35231,27805,3110852
35241,34750,5512410
35247,32056,5076938
35248,35847,5515950
35263,24774,2396719;33124,5499991
35271,21907,751093;36920,6564925
35276,19895,69281;28455,3112718
35278,22448,1098411
35295,33946,5509275;38692,7250114
35297,20408,86215;21922,751126;31634,4824974;43322,7936322
35300,24790,2396759;27444,3109868
35305,32963,5499474
35306,36143,5771164
35309,30218,4648097
35338,36018,5656815
35344,41663,7840453
35349,36642,6135538
35384,32405,5434772
35388,28079,3111611
35391,28964,3703339;35109,5513322
35392,24346,2230080;31165,4750524
35398,22959,1283768
35400,32153,5332370
35401,21504,670863;32938,5499399
35404,37722,7064383
35406,39393,7308445
35407,35735,5515663
35410,31355,4816171
35412,27924,3111141
35413,35928,5591314;37142,6890667
35422,22662,1099679;36936,6564977
35423,38202,7248640
35425,21380,670475
35427,-19,4391451
35428,26136,2844714;27388,2919992
35435,35222,5513658
35438,31367,4816208
35439,22650,1099644
35445,23386,1633351;32901,5499078
35453,24777,2396725;29379,4299953
35461,34667,5512208
35477,36505,5924870
35489,39315,7254378
35490,38863,7250938
35492,43718,8014054
35493,38626,7249654
35494,30545,4649677
35501,20561,86544
35511,34760,5512430
35515,22385,1098178
35519,28675,3354789;43251,7935532
35520,25088,2397525
35525,31928,5076299
35536,28514,3112862;40789,7667149;42774,7853744
35539,40203,7589244
35543,35750,5515696
35544,35272,5513769;38662,7250045
35548,19875,65019
35551,31062,4750240;42604,7853093
35554,29724,4391791
35569,23782,1987347;26651,2846156;31477,4816454
35577,23387,1633354;25271,2416667
35578,29013,3703549
35581,20029,69766;29930,4643769
35589,43997,8014735
35597,20191,85737;42505,7845234
35598,39150,7251922
35601,24376,2230152;37165,6890720
35606,36083,5771024
35625,42828,7853879
35626,38920,7251066
35634,44420,8101446
35639,38321,7248934;43805,8014256
35646,42791,7853782
35648,23401,1633397;30490,4649498
35649,43686,8013983
35652,31549,4816710
35656,23089,1370380;28838,3618108;31208,4750640;40854,7667472
35664,26245,2845020;29890,4643613
35675,20440,86288
35676,29937,4643786
35680,32556,5435132
35682,32303,5432979
35685,26628,2846099
35690,24757,2321003;30439,4649359
35714,21693,678524
35715,37866,7247324
35718,23263,1370877;27401,2920030;34092,5509663;36573,6001747
35719,26835,2917240
35720,35908,5516088
35725,20624,86716
35729,31518,4816545
35735,22293,1097815
35736,43218,7935425
35745,33368,5500887
35749,21854,750921
35752,27418,2920238
35754,28170,3111913
35767,20579,86580;31411,4816298
35771,33084,5499853
35775,33374,5500906;36616,6135474
35789,21037,604969
35795,23325,1469719
35799,41288,7676240
35809,25802,2843795
35812,33904,5509120
35816,43734,8014096
35819,27185,2919188
35831,20242,85873
35838,43231,7935456
35839,44131,8100425
35845,34171,5510689
35854,30284,4648269
35861,31330,4816117
35864,20096,85518;23748,1888983
35871,30571,4649729
35876,28562,3181993;44023,8014803
35878,29001,3703490
35881,44587,8101915
35891,38837,7250879
35892,34176,5510721
35895,23285,1370935
35897,23258,1370863;39171,7251977
35898,34513,5511843
35899,29688,4391675
35911,23887,2085635
35912,23332,1469742;35263,5513751
35914,34309,5511225
35919,28812,3618055
35922,32779,5498625
35926,31718,4917797
35932,44313,8101002
35934,21640,678394
35939,23917,2085703
35941,25633,2840999;28459,3112725;35780,5515760
35950,37151,6890684
35954,37259,6891014;42513,7845255
35961,36745,6136011
35979,23577,1888532
36004,37339,6891203;41969,7841926
36016,21670,678466;28662,3354749
36022,22624,1099570
36033,41045,7668053
36035,30073,4644366
36049,21160,639481
36054,43311,7936292;44232,8100787
36056,36701,6135744
36058,19960,69472;41094,7668900
36060,35795,5515813
36063,25342,2515213
36071,31594,4816801;37948,7247793
36075,32610,5435321
36083,21821,750836
36085,22714,1099845;29312,4299767;35010,5513083
36086,44214,8100747
36089,32374,5434673
36091,42251,7844259
36105,39247,7254157
36122,28593,3254623
36128,21863,750982;28182,3111942
36163,29577,4300420;42315,7844403
36165,19920,69357
36166,38674,7250070;40061,7380664
36167,33744,5504019
36172,22404,1098248
36173,38946,7251125
36176,41275,7676210
36182,21432,670635
36184,39634,7331630
36186,43829,8014321
36188,28547,3112937
36192,38344,7248986
36193,37864,7247320
36206,41500,7840054
36213,22223,1097577;33144,5500062
36214,28572,3182020;30336,4648498
36215,29421,4300055
36222,30482,4649473
36231,30005,4643980
36254,44393,8101375
36262,32336,5433999
36273,27218,2919267;33390,5500970
36281,24887,2397064
36290,26780,2846503
36305,21357,670408;28860,3703036
36313,33236,5500390
36316,40470,7590503
36319,36368,5772036
36321,30632,4652419
36325,26740,2846393
36326,35243,5513708
36329,29831,4466566;38163,7248552
36333,35251,5513724
36335,21137,639397;30198,4648048;35003,5513069
36343,22278,1097767
36351,23960,2085827
36373,39902,7380294
36378,43676,8013959
36379,30498,4649515
36381,31293,4816032
36382,24943,2397197;26727,2846359
36390,31536,4816685;31599,4816810
36404,41305,7676287
36413,24815,2396867
36416,24593,2230688;28877,3703084
36417,24997,2397318
36435,32997,5499587
36439,28765,3586917;29825,4466554;36832,6196482
36440,24314,2229980
36444,40654,7591401
36451,21179,639531
36459,27763,3110759
36460,26106,2844633
36463,39916,7380322
36465,31417,4816310
36467,24925,2397155
36507,31556,4816722
36516,31609,4816831;37553,7063990
36522,27727,3110634
36524,28167,3111906
36528,32301,5432977;38235,7248710;41375,7753741
36531,25619,2840962
36532,38814,7250796
36533,43964,8014635
36535,28839,3618110;39085,7251448
36544,30826,4749575
36548,33847,5508950
36557,-19,4391526
36560,34118,5509729
36573,21723,678592
36579,39556,7331374
36587,21668,678463
36591,36987,6565132
36592,20432,86260
36595,37081,6806229
36597,43570,7938177
36601,33277,5500536
36610,21091,639268
36617,21745,750631
36621,24301,2229920;30403,4649270
36622,24621,2230750
36633,29541,4300341
36648,37844,7235712
36649,37009,6565191
36653,28039,3111491;37478,7063682
36654,42800,7853800
36670,32429,5434823
36674,34061,5509588
36676,22022,751386;38050,7248070
36686,28619,3254720
36692,30708,4652630
36694,35277,5513779
36711,23729,1888941;43705,8014024
36724,43544,7938114
36728,22035,751414
36731,30078,4644375
36742,43523,7938064
36755,35843,5515941
36761,21230,639684;32407,5434776
36766,25308,2515138;40319,7589499
36776,31656,4827778
36779,42311,7844395
36787,42532,7845302
36788,19853,64937;31375,4816224;38747,7250241
36796,40700,7592670
36797,20862,497168;25987,2844314
36810,20993,602288
36819,33021,5499661
36821,26706,2846310
36825,30647,4652455
36826,33333,5500744
36829,39124,7251861;43457,7936680
36833,40122,7426560
36835,40493,7590678
36836,43838,8014342
36837,24331,2230035;42285,7844334
36847,20226,85843
36851,21274,670207;35097,5513288
36859,34102,5509685
36860,20881,601988
36868,42776,7853748
36871,31951,5076371
36882,31315,4816080;32719,5435623;36990,6565142
36883,36140,5771156;38714,7250168
36896,37451,7063624
36905,32854,5498943;43759,8014153
36907,30793,4749492
36908,21709,678560
36914,39599,7331475
36915,27697,3110563;37884,7247607
36919,21478,670786;36935,6564975
36927,21058,639163;44132,8100427
36936,37704,7064343
36940,34164,5510666;38612,7249614
36946,30138,4644823;36923,6564935
36960,24760,2321009;31602,4816818
36966,33597,5501584
36974,38852,7250913
36984,36448,5772272
36985,32753,5498515
36986,22529,1099233
36988,39361,7256257;42643,7853214
36992,20866,497180;31158,4750502;33916,5509150
37007,35870,5515999
37009,33030,5499680
37012,28642,3342141
37014,30151,4645211
37021,43982,8014674
37024,39259,7254196
37028,20125,85579
37029,33885,5509082
37030,41141,7669045
37031,26007,2844369;32240,5432064
37033,22066,751485
37037,44181,8100672
37070,27489,3109997;38109,7248199
37072,38215,7248667;41843,7841479
37079,40168,7589152
37082,22040,751427
37093,31832,4918146
37094,29112,4299273
37095,20472,86352
37097,23178,1370636;31415,4816306
37102,30246,4648169
37104,31441,4816375
37109,21943,751176
37111,36980,6565102
37122,24942,2397195
37125,20486,86379;26906,2917509
37130,22658,1099668
37131,24220,2151508
37139,37226,6890851
37143,31776,4917984
37145,35796,5515815
37146,43606,8012632
37147,28470,3112748
37154,24021,2085995;41634,7840381
37156,32708,5435598
37157,34095,5509669
37158,43433,7936599
37160,34358,5511453
37164,25833,2843870;32899,5499062
37171,30382,4649064
37184,36095,5771049
37193,32185,5397479
37203,43278,7935967
37211,30093,4644672;36499,5830802
37224,23583,1888553
37228,20976,602236;38286,7248830
37229,23111,1370439
37231,44480,8101591
37261,29756,4391887;43285,7935981
37263,19822,64525;27530,3110143
37264,34175,5510718
37275,20227,85844
37276,34623,5512092
37279,25086,2397520
37280,21404,670567
37285,36052,5770959
37289,28295,3112218
37292,24693,2231532
37299,43290,7935992
37318,39667,7332116
37359,31811,4918090
37370,26429,2845543
37372,23622,1888677
37382,22263,1097718;25107,2397586
37383,41687,7840510
37391,20356,86110;23408,1633446
37403,27538,3110166
37405,31693,4902934
37408,33324,5500705
37410,44088,8100324
37412,32288,5432947
37432,24054,2086092
37437,25239,2416587
37438,27782,3110803
37442,34381,5511535
37451,20422,86243
37457,39581,7331432
37458,42371,7844562
37461,22357,1098086
37462,26922,2917547;41223,7676082
37474,36951,6565020
37476,37338,6891201;42213,7844171
37486,36641,6135538
37494,41684,7840504
37497,43575,7938187
37504,22664,1099684;28085,3111709
37506,38503,7249343
37511,41824,7841149
37513,32157,5332381
37517,44153,8100473
37526,34724,5512346
37540,20229,85848;25876,2843984;39095,7251468
37545,26342,2845287;39140,7251898;42924,7934338
37546,29967,4643874
37560,43448,7936635;44152,8100471
37562,28061,3111544
37573,43347,7936386
37579,22655,1099657;24118,2138035
37581,25412,2515372
37588,20196,85746
37590,43237,7935504
37597,41760,7841001
37624,33768,5504092;36887,6279768
37626,39553,7331368
37627,26770,2846478
37636,29064,3725615;34116,5509725;40850,7667462
37638,31524,4816661;40892,7667576
37646,26399,2845451
37647,20217,85811
37657,42328,7844432;43986,8014682
37658,35569,5515273
37660,38906,7251038
37667,33091,5499879
37675,20268,85937;23538,1812146;33941,5509267
37677,36299,5771619
37684,26961,2917765
37692,36620,6135482
37695,22466,1098475
37701,31088,4750304;35588,5515315
37707,25175,2397815
37709,40444,7590422
37715,33122,5499981
37718,26662,2846185;43793,8014229
37720,22733,1099900;34929,5512866
37726,34179,5510727
37728,24472,2230432;32867,5498982
37729,44115,8100384
37733,41829,7841323
37734,24622,2230751
37737,24240,2151557;33968,5509329;41196,7669167
37750,29894,4643624
37752,22216,1097552
37753,33548,5501429
37754,33076,5499827
37755,24822,2396884
37760,30863,4749675;35204,5513618
37763,40469,7590500
37770,23926,2085724;26188,2844886;26984,2917933;27688,3110544
37771,34470,5511750
37772,38880,7250979
37773,22075,751506
37781,24701,2231551
37784,20389,86176
37786,26389,2845427
37791,21952,751198
37797,43162,7935296
37804,21260,639768;27856,3110977
37806,29365,4299924
37819,43601,8012615
37832,31310,4816070
37833,21362,670422;31897,5076208
37836,19915,69339
37837,22143,1097245
37839,40261,7589376
37841,23331,1469739
37844,31472,4816445;33352,5500823;40431,7590383
37847,43660,8013916
37853,27914,3111119;37651,7064215
37854,30581,4649774;42553,7846758
37858,43762,8014159
37861,30243,4648163
37864,25095,2397540
37875,25945,2844190
37888,27409,2920074
37889,26229,2844981
37899,25528,2685731
37905,27524,3110114
37906,38411,7249132
37908,25496,2515567;36198,5771303
37928,41579,7840234
37937,25441,2515435;38123,7248231
37952,36061,5770981;39102,7251485
37959,20438,86285
37963,23973,2085863;-19,4391547
37974,35695,5515571
37996,26227,2844977
37999,27154,2919002;44078,8100300
38001,21018,602363;25407,2515362;33328,5500716
38003,23181,1370646
38004,31896,5076204
38006,28887,3703114
38009,28542,3112928;33870,5509037
38014,38418,7249146
38020,22354,1098077
38022,28513,3112860;40757,7667073
38023,34901,5512792
38035,31859,4918230
38036,25617,2840958;30169,4645263
38043,36324,5771907
38050,30179,4645304
38051,41071,7668148
38052,33856,5508975;34957,5512931;41401,7753980
38061,33873,5509043;39856,7333481
38074,39680,7332147
38077,22985,1283831
38078,22414,1098281
38079,26586,2845981
38086,25799,2843786
38097,20147,85629
38099,23702,1888874
38101,25879,2843992
38107,35619,5515385
38113,21440,670652;33705,5503857;34001,5509424
38115,26839,2917253
38116,31155,4750495
38120,40490,7590649
38126,30194,4648039
38136,44221,8100765
38138,40987,7667911
38141,27930,3111157;42438,7844712
38143,22753,1099956;40130,7426574
38145,21254,639755
38146,28093,3111726
38151,24805,2396827
38154,25169,2397781;35332,5513958
38155,26243,2845014;34039,5509530
38159,26610,2846049
38161,37115,6890607
38168,41504,7840062
38175,32162,5332394
38180,30391,4649082
38185,41303,7676283
38186,22911,1283650
38195,28923,3703213
38205,43411,7936535
38217,36515,5924913;38436,7249185
38218,32688,5435551;41621,7840343
38220,19864,64988
38226,21326,670331
38236,27244,2919336
38238,30484,4649485
38239,27591,3110302;41934,7841687
38242,21301,670274;36377,5772059;41578,7840227
38243,31544,4816701
38246,21588,678256
38249,32570,5435162;37502,7063737
38250,28104,3111750
38265,20193,85741;24357,2230102;31938,5076327
38269,39965,7380441
38270,23428,1633493;33624,5501645
38271,26940,2917602
38278,35662,5515487
38279,35887,5516042
38283,34905,5512799;37253,6891002
38285,19852,64934
38306,33700,5503842
38311,33062,5499782
38317,39689,7332164
38319,26539,2845856;36007,5656789
38322,40187,7589209
38327,28361,3112430
38330,33509,5501310
38331,25697,2841146
38334,33603,5501600
38341,36477,5830714
38344,38585,7249557;44179,8100668
38350,19817,64514;27840,3110943;41595,7840268
38351,32841,5498906
38353,31949,5076366
38366,28392,3112519;29725,4391793;40220,7589283
38368,29468,4300162
38370,33917,5509152
38371,26875,2917398
38396,25971,2844250
38404,43019,7934608
38408,39611,7331576
38418,33032,5499685
38438,24297,2229902
38446,39704,7332197
38447,30828,4749579;31037,4750183
38451,31586,4816784
38452,21043,639125
38453,19974,69508;40957,7667752
38455,28215,3112016
38471,36997,6565158
38483,31570,4816752
38485,35615,5515377
38508,24485,2230467
38510,23446,1801847;33166,5500133;34915,5512819
38511,22878,1283552;25344,2515217;41491,7840033
38513,32028,5076817
38514,26076,2844546
38518,27850,3110965
38519,41363,7753717
38546,24018,2085977
38548,21442,670658
38550,30236,4648140
38552,27863,3111001
38562,36209,5771327
38570,30193,4647860
38580,40460,7590475
38582,32340,5434007
38585,41453,7839945
38588,25186,2397872
38599,20608,86683;21492,670831
38604,24766,2396704;42185,7844104
38605,22359,1098092
38615,36148,5771173
38617,37106,6890590
38624,40128,7426571
38625,20195,85744;39306,7254357
38632,40399,7590169
38639,26500,2845713
38643,43016,7934588
38647,21231,639686
38652,23399,1633384;29293,4299724
38653,31652,4827769
38657,33209,5500300
38667,43535,7938088
38678,26788,2846528
38680,35058,5513203
38683,31722,4917809
38684,41870,7841543
38685,34350,5511437
38686,40637,7591363
38688,34293,5511172
38697,22912,1283653
38701,24156,2151318
38703,24442,2230369;44383,8101350
38704,22054,751460
38705,36602,6135444
38712,24406,2230227
38713,40315,7589491
38754,19872,65012;29381,4299960
38764,37024,6565231
38771,40754,7667067
38779,23165,1370583
38794,23252,1370847
38797,36946,6565006
38799,40968,7667833
38803,29968,4643876
38805,21221,639650
38806,27122,2918925
38811,43139,7935247
38824,23588,1888564
38839,38002,7247926
38851,36010,5656794
38852,40834,7667295
38856,35943,5598174
38860,-19,4391505;44394,8101381
38861,24806,2396829
38865,26272,2845100;27210,2919249;29267,4299662
38882,40909,7667623
38901,32627,5435402
38907,20330,86057;33682,5503713;41106,7668937
38920,42940,7934375
38926,21642,678402;43172,7935316;43224,7935437
38929,25124,2397627
38930,36755,6136041
38932,20275,85950
38940,43619,8012667
38954,27860,3110985;29006,3703523
38969,43117,7935050
38973,22520,1099202
38989,23153,1370552;23935,2085741
38991,28585,3254590
39018,22532,1099250
39027,33239,5500398;34547,5511918
39035,37181,6890750;40872,7667520
39056,21891,751039;23403,1633435
39057,19913,69335
39063,20146,85627
39066,23615,1888653;40950,7667731
39067,33228,5500365
39068,39810,7333336
39098,21955,751208
39103,25659,2841062
39118,26932,2917583
39127,27424,3109710;33998,5509412
39131,26118,2844667
39135,44415,8101436
39143,19896,69283
39146,36956,6565032
39149,27963,3111234
39169,26983,2917931;27762,3110757;35115,5513334;36211,5771331;38543,7249449
39180,25198,2398058
39184,36266,5771488
39192,21377,670468;26884,2917419;44356,8101292
39194,32472,5434934
39202,35642,5515443
39209,31979,5076635
39230,38019,7247966
39247,38675,7250072
39258,40201,7589240
39261,39002,7251261
39265,42802,7853807
39272,32300,5432971;44038,8014840
39281,23862,2062496
39288,25135,2397649;41165,7669101
39289,33865,5509027
39294,40062,7380666
39299,27947,3111199
39321,31019,4750140
39331,23101,1370416;35125,5513357
39339,21552,671014
39362,33844,5508943
39363,24193,2151421
39376,27705,3110582
39403,24379,2230158
39413,42871,7854733
39419,25417,2515382;35616,5515379
39426,38596,7249579
39431,29997,4643956
39451,28417,3112594;32890,5499041
39453,25340,2515207
39455,32538,5435093
39457,26165,2844831
39458,27426,3109717
39459,26894,2917482
39465,20046,85377;38114,7248209
39467,40221,7589284
39474,20192,85739;28223,3112036
39475,34060,5509582
39476,22002,751340
39478,28185,3111948;43994,8014698
39481,28934,3703243;42182,7844097
39485,33482,5501239
39486,20323,86043
39490,40641,7591374
39491,33244,5500426;35354,5514744
39495,24230,2151532
39504,34117,5509727
39510,37857,7235757
39512,29354,4299898
39516,44555,8101845
39520,33558,5501452
39521,30864,4749677;39290,7254317
39531,40570,7591219
39534,39096,7251470
39539,26570,2845936
39540,22045,751440
39541,42089,7843185
39552,36627,6135499;39890,7380266
39553,37223,6890846
39554,41751,7840975
39558,36710,6135762;39513,7331266
39570,34231,5510996
39572,29842,4553134
39573,33160,5500113
39576,28909,3703166
39580,40486,7590610
39587,30310,4648360
39588,32679,5435519
39589,29548,4300356;42586,7853038
39604,32922,5499280
39623,39332,7254428;41183,7669140;43488,7937987
39625,-19,4391523
39644,33606,5501606
39668,22162,1097313
39681,24953,2397219;31389,4816253
39693,42775,7853746
39697,24569,2230639;30474,4649455
39701,44145,8100457
39704,42179,7843409
39722,30487,4649491;37505,7063743
39729,31083,4750294
39731,23737,1888957;28654,3342170;30939,4749855
39732,22477,1098514
39734,32663,5435480
39737,40314,7589489
39749,23028,1283935;40029,7380593
39753,23278,1370916;31849,4918203
39761,20453,86313
39770,22705,1099824;35766,5515732;36653,6135561;39648,7331662
39784,31065,4750245
39798,41190,7669154
39799,22037,751419
39800,27672,3110499
39802,37953,7247803
39842,26580,2845960
39843,25089,2397527
39848,32259,5432105
39851,27497,3110016;36731,6135975
39855,40906,7667617
39857,38394,7249094
39858,37991,7247901;40592,7591266
39862,39322,7254407
39868,34843,5512628
39874,35674,5515511
39880,28175,3111924
39882,33414,5501054
39887,22501,1099140
39897,29954,4643841
39907,26559,2845908
39908,20430,86257;25500,2515582;44450,8101514
39911,37396,7063478
39919,24877,2397036
39931,29860,4553172;31119,4750368
39932,39873,7333591
39934,22988,1283836;36103,5771070
39937,38789,7250735
39946,22766,1099996
39947,26440,2845567
39951,33711,5503871
39953,29862,4643488
39954,28073,3111574
39958,21607,678311;38263,7248775
39961,42581,7853029
39962,35449,5514990
39964,22410,1098269
39970,26888,2917468
39977,27314,2919714
39982,20585,86596;28147,3111854
39984,42982,7934482
39988,31494,4816491
39992,38456,7249229
39996,38331,7248952
39998,32680,5435521
40000,27610,3110340
40005,25486,2515539
40020,24969,2397254
40026,26234,2844992;38153,7248417;38427,7249167
40034,43004,7934552
40040,29775,4391935
40052,24327,2230027
40059,26480,2845666;36674,6135658
40060,27217,2919264;43210,7935405
40066,25372,2515278
40068,40568,7591215
40075,25256,2416622
40079,35080,5513251
40083,41385,7753764
40084,22481,1099014
40090,22601,1099483
40097,22479,1098519
40102,37475,7063676
40116,26939,2917600
40135,33371,5500897
40137,32260,5432886
40145,34032,5509516
40146,27096,2918727;29906,4643662
40147,35143,5513486
40148,42777,7853750
40150,43453,7936645
40157,24741,2320970;41888,7841582
40162,40580,7591244
40165,36678,6135676;43612,8012650
40166,39710,7332209;40624,7591337
40178,27307,2919695
40189,39587,7331448
40190,38691,7250112
40193,25018,2397364;33584,5501534
40197,33940,5509237
40198,20044,85373
40200,32521,5435059
40202,42424,7844683
40206,25785,2843752;44295,8100958
40220,43471,7936718
40223,24419,2230315
40229,24604,2230714
40230,36898,6279791
40241,37363,7063398
40247,26208,2844933
40249,21074,639225;32763,5498560;33794,5508809
40250,38726,7250195
40259,43580,7941872
40265,20122,85573
40280,32930,5499314
40282,32043,5076891
40288,26396,2845444;41354,7753695;43400,7936512
40289,32412,5434786
40290,27486,3109986
40302,22379,1098158;33987,5509390
40303,21429,670629
40314,21195,639577;42813,7853829
40321,-19,4391503
40323,28302,3112236
40328,40210,7589258
40344,21514,670883;28274,3112169;35761,5515723
40346,41577,7840225
40350,34483,5511779
40352,29104,4299253
40359,24666,2231468;38243,7248732
40363,22904,1283624
40367,32216,5397547
40370,21975,751266;29853,4553158
40373,39215,7254014
40375,32313,5433002
40376,42788,7853775
40378,27645,3110442
40380,33939,5509235
40386,22966,1283786
40391,25651,2841045;27361,2919908;42533,7845304
40392,27331,2919798
40393,28053,3111523
40400,22333,1097952
40401,32806,5498715;35494,5515099
40410,33771,5504098
40411,22995,1283854
40420,33309,5500660
40422,32940,5499409
40423,29518,4300278
40427,23022,1283923
40428,28422,3112619
40435,30462,4649430
40438,27758,3110715
40461,44125,8100413
40464,33826,5508894
40477,26650,2846153
40491,41282,7676228
40496,30124,4644784;42448,7844735
40507,42220,7844185
40518,31805,4918070
40520,38631,7249698
40523,24841,2396932;40109,7380769
40535,35872,5516003;42801,7853806
40543,34465,5511740
40544,23267,1370888;43996,8014729
40546,23655,1888759
40563,23468,1801895;36705,6135752
40565,36259,5771453
40566,24305,2229937;39972,7380456
40569,22059,751470
40577,41474,7839996
40580,39691,7332168
40586,42174,7843399
40591,23067,1370296;26444,2845580;43211,7935407
40594,24585,2230673
40595,32150,5332361
40608,36206,5771321
40610,26764,2846466
40611,35530,5515176;41970,7841928
40613,24807,2396833;25734,2841251
40614,26140,2844722;30407,4649277
40615,32149,5332359;35591,5515326
40622,29574,4300414
40629,32698,5435573
40635,26403,2845481;44612,8101974
40637,20343,86087
40639,36325,5771910
40640,32701,5435583
40646,21212,639623
40654,21146,639428
40657,29369,4299932
40659,38070,7248114
40660,22663,1099682
40662,28811,3618052
40664,44060,8100258
40676,33120,5499973
40677,31978,5076633
40681,20441,86292
40683,40864,7667502
40685,42937,7934369
40700,25710,2841173;29141,4299350
40707,44559,8101853
40711,31049,4750212
40715,42271,7844303
40716,39683,7332152;44447,8101508
40721,38284,7248826;40977,7667883
40734,36457,5772291
40740,37711,7064357
40741,28999,3703481
40743,29949,4643824
40755,30588,4649789
40764,28411,3112582
40767,26585,2845978
40771,42406,7844644
40772,36545,5925009
40774,19870,65001;43394,7936497
40780,41197,7669169
40793,38097,7248172
40794,27470,3109946
40799,35315,5513896
40815,31641,4827748
40821,27545,3110194
40830,35033,5513133
40831,32078,5077003
40833,30653,4652470
40836,29165,4299418;43607,8012634
40837,36927,6564952;41201,7669181
40838,36099,5771059
40839,23860,2062490;41588,7840254
40843,30285,4648271;36971,6565076
40847,35339,5514640
40849,24103,2137986;28583,3254586
40854,34586,5512012
40863,25918,2844091;40075,7380692
40874,41821,7841143
40877,43151,7935271
40878,34273,5511087
40884,33879,5509058
40889,20035,69778
40894,20435,86279
40895,27253,2919355
40899,25469,2515500
40900,37335,6891195
40903,34398,5511582
40911,21329,670341
40915,28478,3112764;28963,3703337
40916,32811,5498728
40920,29512,4300266
40929,34435,5511663;44520,8101679
40931,22275,1097753
40936,27027,2918145
40938,28525,3112888
40941,29716,4391767
40942,23046,1284008
40945,42814,7853831
40949,41509,7840072
40958,40827,7667274
40970,22684,1099743
40971,23078,1370324
40972,43560,7938156
40976,35753,5515703
40977,44310,8100996
40981,22430,1098333;35306,5513872
40987,22762,1099985
40988,29737,4391831;32829,5498801
40989,20431,86259
40990,39220,7254024
40995,41771,7841024
40997,23418,1633468
40998,34931,5512870
41001,32737,5498448;35891,5516050
41002,41112,7668951
41003,24508,2230516;38211,7248659
41005,26294,2845165;40361,7589974;44441,8101491
41006,38534,7249428;39912,7380314
41008,31877,5076155
41009,43349,7936395
41010,31352,4816166
41011,39257,7254192
41012,29318,4299781;34345,5511422
41014,34419,5511628
41015,22244,1097653
41017,37995,7247909
41019,34213,5510957;44191,8100693
41022,29839,4466582
41026,34707,5512300
41030,26173,2844848
41031,22744,1099933
41033,33519,5501337
41041,22546,1099297
41042,39316,7254380
41043,43667,8013935
41044,38997,7251248
41046,32466,5434906
41048,23382,1633343;39426,7330991;43569,7938175
41056,27296,2919637
41061,30476,4649458
41062,32945,5499425
41066,24820,2396878;25658,2841060
41067,29094,4299227
41075,28221,3112032;41162,7669095
41083,37501,7063736
41084,35592,5515328
41089,27410,2920076
41091,25085,2397518
41093,30732,4652686
41097,29513,4300268;38699,7250128
41100,34932,5512872
41104,38236,7248712
41106,39006,7251270
41107,43027,7934629
41109,25139,2397656
41113,37613,7064120
41114,36354,5771992
41117,22201,1097470;23992,2085910
41125,24745,2320979
41126,37845,7235720;44027,8014813
41128,32465,5434904
41129,43082,7934892
41130,22776,1100022;43655,8013902
41131,42820,7853851
41133,29136,4299334
41137,38347,7248992
41150,25735,2841255;36308,5771863
41151,32935,5499331
41156,34163,5510663
41157,20571,86565
41158,24354,2230096
41161,39533,7331315
41163,22470,1098486
41169,35868,5515995
41171,42248,7844253;43147,7935263
41172,22147,1097265;39413,7308494
41179,28595,3254659
41184,42793,7853786
41186,34393,5511572
41190,22777,1100025
41207,21563,678170
41211,40541,7591157
41223,39736,7332265
41224,25548,2685783;33355,5500831
41229,36437,5772236
41238,38346,7248990
41244,34305,5511215;41396,7753791
41251,38798,7250753
41253,24196,2151435;31392,4816259
41254,30510,4649542
41255,21035,604965
41256,34868,5512709;44220,8100763
41259,26312,2845214
41260,41124,7669008
41262,30201,4648057
41269,24300,2229914
41274,33932,5509184
41275,21108,639325;25276,2416678
41280,20553,86525
41281,27172,2919138
41282,25032,2397396
41289,21175,639518
41299,27105,2918747
41300,32364,5434652
41311,34089,5509658
41315,28686,3521883
41332,39481,7331175
41333,37735,7064409
41340,19779,62752;34265,5511071
41344,29945,4643811
41357,29206,4299513;37774,7064867
41358,41638,7840394
41364,40904,7667607
41366,29052,3703673;40072,7380686
41368,36359,5772004
41370,21758,750664
41382,22892,1283593
41392,21589,678258;27599,3110317;30398,4649098
41394,21622,678350;26484,2845677
41398,38693,7250116
41404,33392,5500977
41406,26682,2846236
41409,20927,602105
41413,32790,5498662
41436,27437,3109846;28045,3111506
41440,21209,639616
41447,22540,1099279;36503,5924865
41456,34537,5511894
41458,28443,3112670
41462,20104,85535;29427,4300071
41466,26380,2845404
41471,29753,4391881;37062,6565324
41475,32825,5498788
41480,25001,2397328;33784,5508788
41486,43913,8014508
41488,29828,4466561
41495,26441,2845573
41500,39663,7332108
41501,35107,5513318;39197,7252038
41502,41266,7676192
41507,21557,671024;41809,7841115
41516,32376,5434676
41528,31117,4750364
41529,32171,5332417
41530,41025,7668009
41539,38782,7250720
41540,32599,5435276
41541,25534,2685745
41543,30464,4649434
41545,40250,7589350
41558,27830,3110920
41562,27764,3110761
41569,41936,7841691
41570,21135,639391
41576,19792,62949
41577,29398,4299999
41579,27502,3110050;28669,3354771
41580,38576,7249535
41585,31424,4816335;44373,8101326
41590,40669,7591435
41602,24333,2230040
41613,33798,5508816
41615,20131,85594
41616,33233,5500381
41617,19721,1;33357,5500835
41622,38221,7248684
41624,21546,670998
41633,21756,750657
41640,33027,5499673;36235,5771388
41646,39129,7251871;39424,7330987
41651,41800,7841097
41657,21483,670801
41663,21466,670718
41676,29133,4299325
41677,40127,7426569
41679,39875,7333595
41687,21250,639742;40671,7591440
41688,30527,4649640
41689,30549,4649684
41697,29332,4299814;32328,5433956
41699,40171,7589158
41700,27419,2920240;31953,5076376
41702,36408,5772158
41703,42324,7844424
41706,33229,5500368
41708,32104,5243830
41713,34272,5511085
41717,25932,2844157;35326,5513946
41736,36770,6136092
41743,33833,5508907
41744,26255,2845042
41753,39389,7308437
41755,25763,2843699;29845,4553140;41376,7753743
41757,22524,1099218
41758,25864,2843950
41795,44405,8101412
41800,41946,7841714
41801,29222,4299551;43053,7934772
41805,23888,2085636;26979,2917802
41813,28966,3703347
41814,25608,2840939
41816,34405,5511600;38508,7249358
41817,32170,5332414
41818,32320,5433016
41820,36402,5772143
41823,-19,4391469
41832,43024,7934620
41837,38621,7249637
41843,28095,3111730
41851,23204,1370717
41855,34375,5511496
41859,28229,3112052
41870,35362,5514773;42977,7934463
41875,19813,64506
41877,24819,2396875
41878,30209,4648075;38904,7251034
41879,37588,7064067
41881,25398,2515341;29235,4299580;39670,7332122;40792,7667155
41882,27175,2919163;38014,7247956
41885,32871,5498991
41893,21792,750765;35421,5514907;42891,7854797
41895,33706,5503859
41906,26259,2845051
41907,28034,3111481
41926,21472,670768
41937,37855,7235752
41938,20071,85467;35475,5515047
41951,28689,3521896
41954,21714,678570
41955,21667,678461;24769,2396710
41957,37549,7063982
41971,20469,86346
41972,35939,5591341
41973,22582,1099424
41974,41580,7840234
41975,35963,5598256
41977,24975,2397269
41978,38400,7249106;38424,7249161
41979,38656,7250025;43748,8014127
41980,30213,4648086
41990,22779,1100031;27322,2919778
42000,23164,1370581;32261,5432891;38439,7249191
42001,43636,8013861
42007,21553,671016;27833,3110926;38544,7249451
42008,39845,7333448
42011,41066,7668138
42013,21451,670680
42014,22150,1097273
42028,26237,2844999
42044,28648,3342156
42051,42547,7846735
42063,20066,85456
42069,39557,7331376
42070,29170,4299431;30893,4749752
42074,35752,5515701
42079,38513,7249372
42088,27270,2919428;36707,6135756
42094,38287,7248832
42104,21104,639317
42106,37901,7247693
42108,27731,3110642
42112,28978,3703379
42121,31794,4918032
42135,21373,670461
42145,29526,4300300;32815,5498744
42147,26267,2845077
42151,37602,7064098
42153,40821,7667256
42155,33636,5501677
42157,28614,3254710;32816,5498756
42162,29193,4299483
42165,39867,7333558
42170,20171,85684;41044,7668051
42171,23336,1469751
42176,43452,7936643
42178,20115,85558
42180,39012,7251283
42181,25075,2397496
42182,24317,2229986;27449,3109886
42190,31646,4827758
42192,20627,86722;33297,5500611
42204,42539,7845325
42209,27821,3110890
42220,28029,3111421
42225,24341,2230062;28981,3703397;33238,5500395
42227,34896,5512774
42228,28307,3112248
42235,44593,8101928
42241,32194,5397500;42671,7853283
42248,38839,7250883
42255,38650,7249971;41252,7676160
42261,26449,2845590
42262,34534,5511888
42268,26896,2917486
42269,22484,1099022
42270,36796,6136156
42275,27194,2919208
42279,25916,2844086
42282,32604,5435309
42283,38597,7249581
42286,25512,2685686
42289,22243,1097648;38037,7248036;40354,7589957
42297,21177,639527
42306,38743,7250233
42308,41050,7668063
42309,40677,7591452
42315,22965,1283784
42316,19835,64552;22395,1098216;22649,1099641;24139,2149739
42320,23539,1812148;26439,2845565
42324,28559,3112963;31659,4827784
42332,34150,5509838;40741,7667041
42342,24009,2085954
42348,19901,69295;25741,2841274;38421,7249156
42350,39514,7331268
42358,22409,1098266
42359,35089,5513272
42360,21049,639137;34841,5512626
42362,37662,7064240
42373,29073,3725636
42375,30158,4645231
42383,22673,1099707
42384,23865,2062502;30931,4749839
42385,32379,5434682
42390,38461,7249244
42396,39029,7251321
42412,31732,4917837
42415,30762,4747535
42416,44229,8100781
42419,22619,1099556;27474,3109954
42421,27559,3110222;30343,4648516
42423,40708,7592689
42424,31629,4824965
42426,21528,670917
42435,20284,85968;34002,5509450
42439,30063,4644344
42441,40866,7667506
42445,42197,7844133
42448,35401,5514858
42450,36182,5771260
42452,31653,4827771
42453,23371,1543077
42465,36088,5771035
42466,24919,2397143
42468,27593,3110306
42478,21981,751284
42490,21236,639698;36748,6136018
42491,43170,7935312
42492,30413,4649291
42493,27921,3111136
42497,27789,3110818;40883,7667555
42503,24598,2230698
42504,37098,6890570
42514,26865,2917308;35154,5513508
42516,27913,3111117
42521,28374,3112478
42522,36078,5771012
42523,23575,1888528;44183,8100676
42524,26729,2846364;44020,8014797
42526,21652,678426
42530,29970,4643882;35173,5513549;37569,7064025;44388,8101360
42537,24299,2229907;29298,4299735
42541,24481,2230459;40590,7591262
42544,39629,7331620;42907,7854878
42554,42471,7844799
42556,38955,7251143
42566,21632,678376
42573,36850,6196528
42581,40559,7591193
42587,29281,4299698
42591,31198,4750601
42592,36633,6135512
42597,32814,5498742
42598,38354,7249006
42599,22787,1189951;44436,8101481
42602,33689,5503729;42326,7844428
42616,38655,7250014
42617,40707,7592687
42625,39804,7333313
42627,36747,6136016
42632,22874,1283544;40491,7590658
42639,42172,7843395
42644,34013,5509473
42646,21754,750652;25248,2416607
42651,25146,2397728;26968,2917778
42652,27523,3110112;42928,7934351
42654,20043,85371
42658,24469,2230427;37183,6890753;43782,8014207
42666,31886,5076177
42674,39814,7333346
42675,30548,4649682
42678,23592,1888576
42682,30234,4648136
42683,20903,602053;43904,8014490
42688,20310,86017;24509,2230518
42692,44057,8100252
42693,27332,2919800;36831,6196478
42695,29023,3703583
42705,27623,3110396
42720,20905,602057
42722,21202,639600
42733,20209,85796;40623,7591335
42735,40802,7667195
42741,20566,86554
42742,21249,639740;36261,5771466
42751,21085,639255;29339,4299833
42760,34268,5511077
42763,20505,86419;41227,7676090
42764,30586,4649783;41620,7840340
42767,33298,5500616
42770,21041,639117
42773,44398,8101388
42775,30026,4644244
42776,19801,62987;39664,7332110
42777,24038,2086045
42784,21820,750830;27774,3110783;35521,5515160
42785,35308,5513876
42786,30950,4749881;39505,7331245;43701,8014016
42787,35273,5513771
42790,33247,5500439
42792,26612,2846054
42793,43301,7936272
42801,34390,5511566
42814,39760,7332326
42817,38082,7248142
42819,27814,3110871
42822,28817,3618065;32099,5166555
42824,34867,5512707
42830,29767,4391918
42834,42330,7844436
42838,22796,1189977;38327,7248944
42846,41652,7840427
42857,23740,1888963
42859,24042,2086063
42860,37312,6891147
42864,40763,7667089
42868,31220,4750668
42871,23383,1633345
42873,31614,4816840
42878,32795,5498682;44282,8100916
42879,21699,678538
42884,20865,497177;42446,7844731
42898,21167,639500
42899,43477,7937960
42905,39182,7252007
42914,28283,3112194
42923,31485,4816473
42924,38159,7248429
42928,31223,4750682
42929,25251,2416613;27038,2918169;39328,7254419
42933,27819,3110882
42936,37957,7247818
42941,27004,2917983
42943,25684,2841118
42956,34247,5511032
42957,42430,7844696
42963,20636,86740
42967,29401,4300008;34086,5509651
42970,37254,6891004
42971,43976,8014663
42980,29668,4391624
42996,43274,7935959
43003,42407,7844646
43006,22817,1190026
43008,24294,2229894
43010,23820,2031628
43013,20501,86411
43023,21467,670728
43025,21040,604975;39080,7251434
43032,22446,1098404
43034,35927,5591311
43042,42222,7844192
43048,36780,6136119
43056,36193,5771294
43061,24687,2231519
43062,27280,2919450
43063,35381,5514809
43064,34249,5511036
43068,34494,5511801
43069,29760,4391896
43070,41840,7841420
43077,24830,2396903;40139,7428354
43085,27956,3111218
43091,33312,5500667
43092,42115,7843260
43096,24407,2230229
43098,23055,1284033;35228,5513670
43099,20379,86155
43110,25572,2840852;31942,5076346;37661,7064239;44137,8100441
43119,44437,8101483
43120,22338,1097965;41530,7840118
43122,33743,5504016
43129,32773,5498597
43134,20576,86574
43139,28568,3182008
43160,43509,7938032
43162,44257,8100862
43167,21491,670826;34311,5511231;36027,5770906
43170,30860,4749667
43178,40342,7589933
43179,28427,3112630
43184,23899,2085662
43198,21536,670934
43199,36846,6196517
43200,34889,5512755;38040,7248042
43202,31350,4816161
43205,20604,86675
43206,23054,1284030
43213,35790,5515789
43218,34922,5512852
43251,41214,7669212
43255,21958,751217;26709,2846316
43259,26428,2845541
43263,31432,4816352
43271,43677,8013960
43292,30531,4649648
43295,38044,7248053
43299,21332,670349;37102,6890582
43309,24905,2397116
43310,42584,7853034
43312,30015,4644210;40480,7590564
43323,22951,1283749
43328,31465,4816430;36622,6135489
43329,23031,1283943;31267,4815933
43330,31671,4902884
43331,38603,7249596
43337,26819,2846603;38101,7248185
43338,21871,750998
43348,34457,5511716
43359,22232,1097607;37135,6890650
43361,22782,1189939
43366,27583,3110285
43371,23937,2085745
43373,24793,2396768
43376,28830,3618093
43383,36562,6001711
43384,20635,86737;24096,2137918
43388,21839,750871;22229,1097599
43389,42664,7853264
43390,28506,3112844
43401,36277,5771517
43414,23235,1370803;38968,7251178
43422,27420,2920242
43423,22625,1099572
43424,36520,5924927
43427,24115,2138027
43429,24656,2231439
43430,37260,6891020
43434,24978,2397275
43435,21762,750674
43442,24750,2320989;33408,5501036
43452,27663,3110482
43469,34815,5512560
43473,40017,7380566
43474,24934,2397177
43483,26744,2846423;37438,7063568
43484,29745,4391860
43493,23788,1987358
43508,29194,4299485
43510,38056,7248083;39131,7251875
43516,25428,2515408;27767,3110768
43518,32032,5076828
43542,26953,2917715;34261,5511064;42378,7844576
43549,26683,2846240
43551,37402,7063493
43556,20434,86270
43560,20123,85575
43568,28099,3111738
43570,32488,5434969
43577,29380,4299955
43579,26673,2846208
43580,40196,7589227
43583,27781,3110801;30135,4644816
43585,19958,69468
43586,22286,1097793
43587,23359,1543047
43619,26895,2917484
43621,42261,7844284
43622,41061,7668128
43627,20199,85752;32108,5243844
43628,36851,6196530
43631,25294,2515104
43650,31342,4816145
43658,23370,1543074;41871,7841545
43664,20476,86359;41419,7839870
43668,19984,69651
43671,38481,7249295
43683,26575,2845948
43684,26258,2845048;43885,8014448
43689,33313,5500669
43690,33978,5509350
43691,26924,2917557;43258,7935919
43693,37220,6890835
43700,32441,5434850;33227,5500363;36122,5771120
43712,23546,1879872
43714,30470,4649446
43716,21569,678182
43717,22989,1283839
43722,37231,6890861;41078,7668167
43727,24749,2320987
43732,30699,4652598
43740,32419,5434801
43744,22459,1098451
43745,35093,5513280
43746,21201,639599
43747,21539,670946
43753,33171,5500146
43754,40015,7380562
43757,22716,1099850
43758,37666,7064248
43763,37211,6890818
43766,33119,5499965;33651,5501730
43767,24918,2397141;43548,7938127
43773,25103,2397578
43776,23109,1370434
43779,37494,7063717
43786,23843,2062428
43788,23983,2085891
43789,19928,69385
43796,20197,85748;24767,2396707
43800,30208,4648073
43805,39379,7256287
43807,43189,7935360
43810,22294,1097818
43817,44618,8101995
43819,19945,69436;27728,3110636
43821,28776,3586946
43830,34005,5509457;41615,7840324
43845,27600,3110319
43847,34542,5511908
43853,34940,5512894
43858,24778,2396729;43654,8013900
43859,25240,2416589
43867,44489,8101609
43872,21341,670374
43877,35029,5513124;42795,7853790
43881,31360,4816192;39075,7251424
43882,27828,3110915;35645,5515449;38831,7250867
43888,35075,5513241
43890,21142,639420
43896,27499,3110042;37214,6890823;37921,7247737
43902,36664,6135633
43908,42125,7843283
43910,27093,2918719;35966,5598263
43920,25111,2397595
43923,32789,5498657
43931,40382,7590049
43935,27381,2919966
43941,44442,8101498
43946,25119,2397615;40836,7667301
43950,24623,2230762
43951,28268,3112157
43952,20495,86396;38495,7249322
43956,28940,3703259
43976,34958,5512933
43980,24863,2396998
43983,25561,2840832;43673,8013947
43988,35448,5514988
43989,41458,7839961
43994,37703,7064341
43998,27356,2919892
44011,21725,678598
44023,35163,5513529
44027,22423,1098313
44041,35981,5656723
44044,-19,4391487
44049,39626,7331614
44050,21584,678248
44052,27167,2919073
44055,19859,64950;26003,2844360
44056,35231,5513676
44058,23528,1812119;44433,8101472
44059,21348,670388
44063,24514,2230527;26847,2917270
44066,34331,5511386
44069,23618,1888660;41073,7668152
44070,23861,2062495;39134,7251881
44078,34271,5511083
44079,41879,7841564
44084,35105,5513314
44085,20166,85675;33560,5501457
44088,34322,5511264
44091,26843,2917262;38496,7249324
44103,33732,5503926
44116,26778,2846497;31895,5076201;39039,7251341
44120,23175,1370628;30797,4749507
44121,37432,7063556
44122,39418,7308504
44127,37780,7064983
44152,27158,2919011
44157,29702,4391726
44158,30453,4649410
44160,28948,3703287
44164,20264,85930;25565,2840839;40628,7591345;43431,7936593
44165,28711,3521940
44167,35856,5515968
44185,19786,62933
44186,34608,5512059
44188,22683,1099740;30618,4652379;31200,4750605
44189,23519,1802017;29901,4643651
44190,21121,639363;35596,5515339
44201,32516,5435045
44202,37005,6565183
44203,32316,5433008
44204,22804,1189997
44206,36293,5771608
44208,27698,3110565;40011,7380554
44209,24737,2231625
44211,39880,7380248
44215,31608,4816829
44216,24733,2231617;37210,6890816
44220,29292,4299722
44224,22186,1097406
44225,24135,2149723
44228,32252,5432091
44244,35937,5591337
44252,20247,85884
44256,43745,8014121
44257,22060,751472
44260,29863,4643490;43026,7934626
44261,26724,2846352
44265,23700,1888867
44270,27802,3110846;39438,7331061
44271,40986,7667909
44272,39361,7256255
44275,19857,64946;29240,4299591
44276,41100,7668924
44287,29199,4299496
44309,29525,4300298
44315,26398,2845449;37242,6890882
44317,21383,670483;34941,5512900
44333,19933,69400
44335,24962,2397240
44338,28026,3111381
44343,29984,4643923
44344,27372,2919947;37873,7247580
44346,34126,5509748
44353,35680,5515523
44358,33749,5504040
44360,29893,4643621
44368,23956,2085818
44371,37400,7063486
44373,41334,7753651
44378,26481,2845671;29387,4299974;39325,7254414
44379,34413,5511616
44388,34146,5509831
44391,32352,5434627
44392,30175,4645287
44407,23305,1469668
44409,33264,5500488
44410,28038,3111489
44413,34573,5511982
44417,20891,602016;30030,4644255;40961,7667768
44423,30937,4749852
44431,28124,3111802
44439,42133,7843303
44441,31721,4917808
44442,34250,5511038
44446,20144,85622;23652,1888753;32664,5435482
44447,24396,2230200
44450,22983,1283826
44453,22627,1099578
44455,31804,4918067
44456,22614,1099543
44457,28673,3354785
44462,20357,86112;41511,7840076
44463,22862,1283510;42947,7934394
44465,23052,1284026
44466,40607,7591300;42449,7844737;43680,8013966;43940,8014578
44474,29138,4299339
44475,38793,7250743;44343,8101069
44477,31692,4902932;36637,6135521
44486,33125,5499993;39311,7254369
44487,33582,5501530
44496,38696,7250122
44497,38107,7248195
44498,23849,2062439
44503,22440,1098382
44505,26826,2917222
44506,28442,3112667
44508,22462,1098464;24932,2397172
44509,34436,5511665
44511,30172,4645271
44512,30373,4649045
44514,31772,4917972
44520,22369,1098128
44530,24344,2230076
44535,31120,4750370;31851,4918208
44541,26112,2844653
44545,36104,5771073
44550,25444,2515440
44554,22785,1189946
44557,25612,2840948
44558,25456,2515464
44567,35918,5516108
44570,30703,4652615;41855,7841504
44575,43625,8012679
44590,43524,7938066
44591,37571,7064029
44599,20138,85609
44600,25958,2844219
44601,21580,678209;35514,5515141;40733,7627623
44602,28602,3254680
44604,21150,639460
44607,29366,4299926
44612,26282,2845132
44615,38141,7248394
44620,39828,7333393
44631,38676,7250074
44632,21219,639643;43187,7935355
44633,21945,751181
44643,39400,7308469
44658,25455,2515462;43441,7936621
44659,36998,6565161
44660,34526,5511872
44669,30606,4652348
44670,22019,751378
44671,36577,6001776
44676,25286,2515085;33385,5500953
44678,29829,4466563
44680,24326,2230024;39266,7254221
44683,33701,5503848;38195,7248623;39566,7331398
44688,29461,4300147
44693,35085,5513264
44699,24067,2086128;43021,7934611
44701,39130,7251873
44710,30033,4644263
44715,27949,3111203
44718,36428,5772215
44721,32263,5432893
44727,37946,7247789
44737,28551,3112948
44745,36071,5770998
44746,40475,7590518
44767,36470,5830697
44768,20900,602035
44777,31160,4750507
44778,31543,4816698;34741,5512394
44783,31619,4816850
44785,29075,3725640
44789,27516,3110081
44798,22536,1099267
44800,21816,750823
44807,30596,4649808
44811,34075,5509616
44812,31611,4816835
44813,32202,5397520
44821,22261,1097712;25210,2398085;30127,4644795
44825,25968,2844244;26491,2845692
44832,22858,1283496
44838,42946,7934391
44840,35283,5513814
44841,31061,4750240
44842,37225,6890849
44843,37002,6565174
44846,42674,7853289
44859,27433,3109814
44862,39551,7331364
44863,30289,4648280;41763,7841007
44868,42253,7844263
44880,27622,3110394
44887,24939,2397188
44888,29045,3703652;42421,7844679
44895,36817,6196406
44902,23572,1888522;31481,4816466
44908,35031,5513129
44913,23007,1283888
44914,39457,7331108
44939,27877,3111031
44940,25680,2841107
44971,41212,7669208
44974,29050,3703667
44975,32399,5434753
44977,44547,8101824
44981,23875,2062532
44982,27848,3110961
44988,26419,2845518
44990,32485,5434963
44991,24518,2230535;32081,5166467
44992,42361,7844543
44993,27975,3111259;31488,4816480;36808,6196353
44994,37813,7235627
44999,44113,8100380
45003,19980,69526
45014,42609,7853108
45019,39280,7254279
45024,33440,5501124
45037,41539,7840141;42094,7843217
45038,41040,7668044
45041,38636,7249896
45042,33622,5501641
45047,32239,5432061
45055,24797,2396780
45061,28123,3111800
45066,37166,6890722
45067,22729,1099890
45072,21428,670627;42537,7845321
45074,27163,2919023
45083,40279,7589412
45087,38462,7249244
45088,44172,8100514
45091,30013,4644205;34031,5509514
45097,28282,3112192;38792,7250741
45101,44322,8101023
45115,30637,4652430
45123,29100,4299240
45127,28458,3112723;29405,4300018
45134,26494,2845698
45148,29410,4300030
45151,24718,2231584;40856,7667476
45155,37358,6891240
45161,29694,4391697;39579,7331425
45162,35120,5513344
45167,25143,2397723;36615,6135472
45171,28609,3254697
45182,30733,4652688
45184,31779,4917993
45189,32747,5498487
45199,23032,1283946
45200,24889,2397068
45208,31857,4918225
45214,-19,4391448
45220,30778,4748175;31537,4816687
45223,32878,5499008
45227,32917,5499258
45229,21462,670708;40895,7667584
45236,25365,2515264
45238,44350,8101083
45249,37308,6891139
45253,33089,5499867
45257,26065,2844520
45258,25219,2398102;31703,4917762
45264,24393,2230194
45267,37525,7063928
45269,27405,2920040
45275,31807,4918074
45278,33964,5509321
45279,31459,4816413
45280,27365,2919916;36183,5771262
45281,25521,2685716;38572,7249527
45284,32704,5435586;36535,5924973
45291,42433,7844702
45302,31111,4750352
45303,21656,678434
45310,23460,1801877;27664,3110484
45312,25291,2515097
45314,25051,2397447;43865,8014405
45315,36059,5770973
45319,20562,86546
45322,30584,4649780
45323,23280,1370921;26897,2917488
45335,38862,7250936;42601,7853087
45340,26378,2845395
45350,38761,7250613
45351,28930,3703232
45360,27028,2918147
45361,27745,3110689
45362,35381,5514829
45367,27427,3109720
45369,27565,3110236
45372,37815,7235630
45377,34997,5513049
45385,40932,7667682
45387,27084,2918699;42936,7934367
45389,44188,8100686
45390,24462,2230411
45405,21375,670464;32933,5499321
45415,22020,751380
45418,22924,1283681;24896,2397085;33349,5500801
45421,42858,7854699
45423,33320,5500688
45429,37399,7063484
45430,35381,5514806;40298,7589454
45431,22188,1097412
45435,37212,6890820
45436,20232,85852
45441,20318,86032;30975,4749938
45460,41096,7668906
45463,31729,4917830
45465,27009,2917993
45471,29092,4299209;36601,6135444
45477,22155,1097288
45483,29925,4643757
45484,27746,3110691
45487,26686,2846247
45488,21810,750807
45500,39541,7331344
45504,19750,62661
45508,38151,7248413
45510,43473,7936724
45537,27776,3110787;35989,5656737
45540,29819,4446600
45552,33337,5500754
45553,26930,2917579;43527,7938072
45554,23241,1370823
45555,24424,2230327
45556,30945,4749870
45574,22330,1097944
45588,28793,3617987
45593,41758,7840994
45595,29999,4643961
45597,29208,4299517;36128,5771130
45601,34463,5511731
45605,34755,5512420
45609,25730,2841242
45613,23608,1888619;39356,7254495
45615,27176,2919165;31008,4750117
45619,26861,2917301;28876,3703082;39662,7332106
45626,31672,4902886
45627,31391,4816257
45638,23501,1801968;30029,4644251
45648,28718,3521953
45649,41081,7668177
45655,25273,2416671;32062,5076961
45659,43864,8014403;44254,8100849
45661,42085,7843177
45670,23996,2085923;30835,4749612;34011,5509469
45676,31146,4750453
45678,25098,2397564
45684,22823,1283413
45688,27042,2918179
45696,34736,5512370
45702,43640,8013867
45725,30100,4644689
45728,32638,5435424
45729,37877,7247588
45730,23662,1888776
45741,41395,7753789
45742,21635,678383;36471,5830700
45749,32956,5499451
45753,31983,5076648
45754,34837,5512613
45756,34847,5512641
45763,35217,5513644
45768,21559,671031
45785,28722,3521961
45790,36592,6001824
45793,26609,2846047
45808,33892,5509096
45809,24579,2230658
45810,34474,5511758
45814,21109,639327;23275,1370909
45818,30306,4648319;35041,5513154
45821,43102,7934946
45831,21233,639691
45832,41325,7753633
45838,26413,2845503
45839,30532,4649650
45841,43844,8014359
45847,30363,4649025;43456,7936679
45863,33152,5500084
45869,31955,5076381
45872,24675,2231490
45877,44000,8014741
45879,24105,2138005
45882,40992,7667926
45884,27735,3110651
45894,27912,3111115
45895,42757,7853702
45896,36865,6214735;43558,7938151
45898,23932,2085735
45901,26472,2845649
45904,30519,4649620;31754,4917903
45905,38464,7249248
45906,22476,1098511;43571,7938179
45907,44318,8101015
45913,33194,5500225
45918,27177,2919167;30619,4652382
45935,31724,4917815;42343,7844465
45937,23441,1801838;28408,3112556
45941,33623,5501643
45942,21448,670674
45951,32631,5435410
45953,39770,7332345;42669,7853279
45954,43604,8012626
45957,22078,751512;31640,4825082
45960,23658,1888766
45964,29277,4299683;38087,7248152
45971,40268,7589390
45973,38803,7250764
45981,24160,2151329;33937,5509231;39776,7332357
45983,22893,1283595
45987,23648,1888743;43127,7935159
45989,33695,5503825
45990,21371,670457
45991,31697,4902943;41574,7840219
45992,19880,65033
45993,23348,1543023
46005,38633,7249756
46012,25331,2515189
46013,36639,6135525
46015,22570,1099375
46019,21276,670211
46022,37150,6890682;39093,7251464
46023,43344,7936380
46026,27422,3109706
46028,23244,1370829
46030,35490,5515091
46043,28544,3112932
46050,28781,3617935g
46058,30654,4652472
46061,22604,1099517;26798,2846553
46064,20921,602092
46066,33321,5500698
46071,20294,85985;26339,2845279;38024,7247984
46072,29848,4553147
46079,30447,4649397
46089,25334,2515195
46090,22517,1099195
46096,22720,1099866
46098,23659,1888768
46099,38187,7248602
46103,22233,1097610
46104,33507,5501306
46107,40107,7380765
46115,36569,6001736
46116,28853,3703009
46122,28187,3111953;30254,4648193
46129,27416,2920234
46136,39086,7251450
46146,22386,1098181
46151,23218,1370751
46155,21352,670397
46157,43984,8014678
46159,24744,2320977;37732,7064403
46164,23689,1888839;39243,7254149
46165,30115,4644751;30229,4648125
46166,40170,7589156;42744,7853670
46174,25324,2515173
46177,32035,5076837
46178,36529,5924958
46184,26522,2845764
46186,37933,7247760
46187,25553,2685794
46189,24278,2227282;43987,8014684
46190,25429,2515410;34802,5512534
46199,43632,8012693
46200,23563,1888502
46201,35548,5515221
46213,27680,3110516;41729,7840708
46219,26813,2846590
46234,28052,3111521
46241,24322,2230010;26592,2845994;32528,5435073
46251,19829,64540;25283,2515076
46252,29571,4300408
46253,28567,3182004
46255,40517,7590917;43662,8013920
46257,35401,5514876;37336,6891198
46258,38590,7249567;40626,7591341
46262,26712,2846323
46263,20154,85642
46265,32877,5499005
46266,41632,7840377
46267,32509,5435019
46276,42939,7934373
46284,34714,5512315
46293,31343,4816147
46296,23225,1370776
46301,22506,1099165
46302,36335,5771937
46307,42773,7853742
46308,22314,1097889
46311,30891,4749748;43332,7936342
46314,22783,1189941;24447,2230379;38358,7249014;40717,7592707
46316,37340,6891205;44429,8101464
46330,31114,4750358;38382,7249070
46332,40070,7380682
46333,41400,7753978
46335,26137,2844716
46340,35721,5515636
46353,22851,1283480;32560,5435140
46359,44572,8101882
46361,24683,2231510
46363,20040,69789;37972,7247852
46374,26157,2844784
46378,39270,7254229
46381,32565,5435152;40458,7590463
46385,26039,2844450
46398,41429,7839889
46403,29549,4300358
46404,42296,7844356
46405,22618,1099554;43253,7935536
46406,26928,2917566;32896,5499054
46419,33256,5500465
46431,41199,7669178
46432,27765,3110764;31601,4816818
46442,26260,2845054
46444,20958,602196;40846,7667454
46449,31045,4750204
46455,28148,3111856
46460,21802,750790;23213,1370740
46463,21248,639737
46466,35540,5515196
46474,28758,3586900;36195,5771298
46494,25585,2840884
46495,38796,7250749
46496,43125,7935134
46508,35361,5514762;39644,7331653
46514,21860,750975
46515,29792,4391977
46518,34253,5511044
46521,26379,2845397
46525,35051,5513189
46528,30520,4649624
46529,24972,2397262;32433,5434832
46534,22694,1099769
46538,36265,5771475
46548,25821,2843843
46550,21292,670248;44276,8100904
46551,35421,5514895
46554,39144,7251910
46562,32591,5435260
46563,26110,2844649;36267,5771491
46564,44126,8100415
46568,44138,8100442
46577,37158,6890698
46582,20949,602176;38371,7249044;39283,7254297
46583,22857,1283493;27330,2919796
46584,31615,4816842
46586,21480,670791
46605,21192,639571
46606,25295,2515106
46611,31272,4815947;44010,8014762
46620,33241,5500410;41259,7676179
46621,22183,1097396
46627,34959,5512935
46632,39635,7331632
46635,26761,2846460
46640,31909,5076238
46645,36396,5772128
46646,28649,3342159
46652,28165,3111902;34651,5512159
46656,34688,5512253
46658,40041,7380621
46681,21684,678504
46682,27987,3111286
46685,37650,7064213
46690,19889,69265
46693,31499,4816501
46697,26599,2846018;26741,2846409
46702,33620,5501634
46713,32693,5435562;36624,6135493
46718,19950,69453;29315,4299773
46722,37817,7235636
46731,44080,8100304
46739,35859,5515974;39464,7331125
46740,26646,2846144
46744,43191,7935364
46745,36332,5771931
46751,28906,3703159;40908,7667621;42210,7844165
46753,20409,86218
46754,33083,5499850;38854,7250917
46763,29672,4391634
46765,37568,7064023
46766,24691,2231528
46778,36843,6196510
46783,21985,751293
46787,37172,6890733
46790,26252,2845035;38816,7250800
46793,38764,7250621
46794,30125,4644786
46798,28030,3111423
46811,27413,2920228
46813,25047,2397430
46818,21697,678533
46823,26411,2845499
46826,39764,7332333
46827,37977,7247862
46829,33294,5500604
46830,37317,6891157
46831,31927,5076297
46850,20220,85817
46851,41854,7841502
46854,40252,7589354
46857,30693,4652586
46859,22773,1100013;37458,7063639
46866,19746,62654
46867,26730,2846369;31539,4816691
46876,26172,2844845;30731,4652684
46881,24649,2231425
46883,32431,5434828
46889,20300,85996
46891,20189,85734
46895,32694,5435564
46896,35549,5515223
46900,43757,8014149
46901,36238,5771397
46903,25110,2397593
46904,37761,7064626
46905,21171,639509
46907,22972,1283799;37609,7064112
46909,37078,6565372
46912,29428,4300073
46920,32469,5434928
46973,32785,5498649;44198,8100710
46974,25999,2844339
46977,22646,1099634
46982,25775,2843728
46994,36752,6136027
46998,19816,64512;28827,3618088
46999,42130,7843294
47000,27796,3110832;35948,5598185
47001,29409,4300027
47007,24868,2397008;41427,7839885
47016,42155,7843357
47021,29648,4391580;30196,4648043;38229,7248698
47024,38867,7250946
47033,24043,2086065
47034,22569,1099372;22984,1283828
47047,34853,5512653
47048,21603,678303;39148,7251918
47052,36048,5770951
47056,42535,7845317
47064,23476,1801911;41366,7753723
47066,25642,2841020
47086,40704,7592677
47087,35331,5513956
47088,24097,2137921
47090,38334,7248958
47093,21244,639728
47100,30922,4749820
47101,36009,5656792
47105,44265,8100877
47113,26478,2845662;28331,3112328;31240,4750747
47114,34125,5509746
47123,38311,7248909
47128,28016,3111359
47133,34578,5511992
47134,23489,1801939
47135,31004,4750042;42001,7842069
47136,42561,7852975;42599,7853074
47137,21358,670410
47138,43998,8014737
47139,20004,69706
47142,30142,4644836
47147,33815,5508850
47150,36585,6001801
47154,25786,2843754;27442,3109863
47158,20943,602138
47162,34543,5511910
47168,36809,6196355
47172,21960,751225
47186,19753,62668;29149,4299367
47187,21742,750623
47190,39271,7254231
47197,32129,5243899;35493,5515097
47198,32536,5435089
47202,32923,5499282
47207,27335,2919807
47208,44496,8101627
47211,38804,7250766
47213,24386,2230179
47216,33949,5509281
47219,25649,2841041
47221,27834,3110928;38685,7250095
47226,22376,1098148
47227,26009,2844373
47233,28837,3618106
47234,23056,1284035
47235,34504,5511825;44382,8101348
47236,27542,3110187;41093,7668897
47240,27269,2919426
47242,24242,2151563;36874,6267504
47248,31649,4827763;41791,7841076
47253,41954,7841730
47256,40573,7591225
47266,27862,3110999
47271,26524,2845820;32334,5433994
47276,26750,2846436
47282,23361,1543054
47284,41164,7669099;42735,7853649
47285,27408,2920072;34024,5509499
47289,37830,7235669
47290,33085,5499855
47291,33598,5501587
47298,26624,2846090
47301,21444,670663;23846,2062434;34197,5510899
47303,31390,4816255;44600,8101950
47309,19887,69262;25447,2515446;43438,7936615;43989,8014689
47315,35070,5513231;43392,7936493
47316,28033,3111478;37818,7235639
47317,40535,7591142
47336,23626,1888686
47339,32044,5076894
47343,19951,69455
47345,33804,5508829
47349,32954,5499446
47350,32396,5434746
47357,40295,7589448
47359,43714,8014043;44585,8101911
47368,41035,7668029
47371,29164,4299416;30842,4749629
47374,28310,3112255
47375,38885,7250993
47377,42291,7844346
47378,34122,5509740
47389,22553,1099319
47398,42958,7934421
47426,26498,2845709;39304,7254349
47430,26063,2844516
47436,33621,5501641
47437,41250,7676156
47445,28550,3112946
47446,-19,4391464
47448,39054,7251374
47449,22755,1099962;39607,7331568
47452,40652,7591397
47454,29660,4391605
47460,29768,4391920;43379,7936467
47465,24879,2397044
47473,33788,5508796
47475,20496,86398;29683,4391662
47485,28051,3111519
47488,28107,3111758;34406,5511602
47493,39874,7333593;43051,7934756
47495,27034,2918159
47499,23444,1801843
47502,35728,5515649
47505,44624,8102007
47507,34938,5512889
47510,26067,2844525;43778,8014199
47515,32290,5432951
47517,40154,7481183;42502,7845228
47518,22791,1189964;30041,4644285;36829,6196468
47519,23064,1370166;32648,5435447
47527,35302,5513864
47530,24223,2151516
47542,35723,5515639
47548,21872,751000
47552,23010,1283894;38966,7251174;41657,7840437
47564,25803,2843797
47567,34699,5512275
47568,30661,4652492
47570,26311,2845211;43378,7936465
47571,34280,5511106
47573,39714,7332217;42750,7853682
47576,37152,6890687
47582,25481,2515530
47584,34325,5511374;42088,7843183
47588,31089,4750306
47604,34819,5512569
47613,21979,751276
47615,26600,2846021
47617,30741,4652710;38128,7248246
47623,28822,3618077
47629,23239,1370816
47638,37999,7247917
47650,34557,5511938
47651,41374,7753739
47652,25364,2515262;44594,8101934
47653,23039,1283975
47654,26085,2844570
47656,32585,5435196
47662,31822,4918119;42760,7853708
47668,19809,64499;40706,7592684
47669,30466,4649438
47677,26271,2845098
47679,32069,5076984
47682,39615,7331584
47686,22204,1097479;33429,5501093
47688,26474,2845653
47700,22855,1283489;24643,2231410;38043,7248051;42623,7853154
47714,35133,5513373
47715,29646,4391576
47720,34551,5511926
47742,24444,2230373
47743,44370,8101320
47744,38886,7250995
47746,38635,7249825
47754,41008,7667967
47757,20956,602192
47763,38368,7249038
47765,23881,2085620
47766,31449,4816389;44617,8101993
47767,35892,5516052
47776,41268,7676196
47777,24436,2230354
47781,29555,4300371;43204,7935393
47789,40116,7380788
47790,34672,5512218;37762,7064627
47793,31380,4816233;36546,5925011;40264,7589382
47807,28091,3111722
47813,23354,1543037;39798,7332421
47815,29010,3703542
47818,23909,2085686
47819,23424,1633484
47823,35110,5513324
47835,31401,4816279
47837,42703,7853354
47848,21966,751241;32736,5498446;36994,6565151
47854,31273,4815948
47855,38157,7248425
47873,32797,5498687
47875,28766,3586921
47884,43629,8012687
47885,41794,7841082
47888,25194,2397888
47890,32914,5499183;43889,8014456
47899,23947,2085775
47900,38116,7248213
47908,21408,670574;27310,2919705
47909,25688,2841125
47910,28936,3703248
47911,30159,4645233
47912,40199,7589233
47930,41149,7669065
47931,30400,4649102;36292,5771606
47937,34376,5511503
47938,24499,2230495
47940,37730,7064399
47951,40119,7380794
47956,32402,5434766
47963,35855,5515966
47965,38472,7249272
47967,35977,5598288
47970,27653,3110459;33063,5499784
47981,33285,5500569
47983,25859,2843936;41762,7841005
47985,32420,5434803
47987,35325,5513944
47992,43767,8014169
47993,28591,3254615;30477,4649460
47998,38817,7250802;42506,7845236
47999,42892,7854800
48006,40173,7589162
48009,24282,2229857;40588,7591258
48012,26952,2917713
48013,33709,5503866
48014,30660,4652486
48015,26418,2845516;26919,2917538
48020,43304,7936278
48022,24833,2396909
48023,43501,7938016
48024,35618,5515383
48029,31778,4917991
48032,30613,4652364
48034,38341,7248981
48043,24930,2397168
48044,28794,3617989
48061,30590,4649797;36867,6267488
48063,20019,69740;32367,5434658
48065,30082,4644386
48077,44031,8014822
48084,27032,2918155
48088,40004,7380540
48091,24854,2396959;29054,3703682
48092,23691,1888844;35478,5515056
48097,23349,1543027
48115,41357,7753701
48118,29761,4391904
48119,41225,7676086
48122,21499,670849;34759,5512428;41549,7840159
48127,28643,3342143
48128,24512,2230524;26845,2917266;44498,8101631
48137,21039,604973
48151,22552,1099317
48158,43011,7934573
48164,27580,3110277;44134,8100431
48167,37140,6890661
48169,26077,2844548
48171,21654,678430;32783,5498644
48172,35422,5514916
48174,28539,3112920;30999,4750005
48184,22768,1100001;28655,3342172;44409,8101420
48193,39931,7380360
48202,27254,2919358
48206,30525,4649636;43895,8014468
48207,19862,64984
48208,38175,7248576
48211,42989,7934494
48217,25016,2397360
48233,32589,5435256
48245,40725,7627608
48251,31325,4816107
48256,37706,7064347
48257,29738,4391833
48258,28320,3112295;39098,7251474
48260,27812,3110866
48261,28915,3703182
48264,22970,1283795
48266,32643,5435437
48267,28989,3703436
48268,41534,7840126
48270,35473,5515041
48273,27563,3110232;28184,3111946;41512,7840078;44102,8100358
48285,20479,86364;30421,4649317
48294,34115,5509711
48295,42451,7844741
48297,23606,1888615
48298,28796,3617998
48300,37228,6890855
48312,23171,1370619
48313,42855,7854693
48323,23339,1469759
48340,29659,4391603
48341,25420,2515389
48358,36907,6564889
48359,35362,5514782
48360,23829,2052204
48362,37628,7064160
48367,21790,750761;29778,4391941
48368,35681,5515534
48370,21772,750697
48371,35441,5514948
48374,27528,3110123
48375,24098,2137925
48377,39184,7252011
48379,27201,2919227
48380,32084,5166472;37994,7247907
48384,21826,750846
48394,32498,5434989
48405,30361,4649022
48406,22434,1098357;33246,5500436
48415,34704,5512289
48422,27207,2919243;32173,5332422
48427,21691,678520;39742,7332280
48434,19854,64939
48435,38670,7250062
48457,24880,2397046
48458,34617,5512077;43690,8013991
48460,37500,7063730
48462,41961,7841910
48464,27742,3110683
48472,40515,7590896
48474,20134,85600
48476,25930,2844152
48477,35157,5513514
48479,33735,5503932;40690,7592546
48492,27899,3111078
48497,19910,69315
48499,37108,6890594
48501,20411,86221;34988,5513028
48502,31935,5076321
48508,29996,4643954
48520,30061,4644341;41880,7841566
48523,22975,1283806
48537,24037,2086042
48542,42065,7843137
48545,35402,5514891
48557,24141,2149747
48558,24732,2231615
48567,23560,1879903
48570,41264,7676188
48572,30330,4648420;36165,5771217
48575,26473,2845651
48580,43199,7935383
48583,33022,5499662;37054,6565305
48586,31607,4816827
48589,34794,5512515
48590,20276,85952
48598,36398,5772132
48604,35054,5513195
48609,34016,5509480
48610,42082,7843171
48615,29556,4300374
48627,29382,4299962
48628,23311,1469682
48633,22973,1283801
48656,24516,2230531
48658,33628,5501655
48660,32738,5498451;43726,8014075
48673,36364,5772022
48675,34227,5510988
48684,26507,2845732
48688,42316,7844405
48692,43794,8014231
48696,28832,3618097
48702,34961,5512944
48703,31971,5076612;41494,7840039
48709,37851,7235735
48711,22612,1099538
48718,42456,7844758
48721,26324,2845243
48726,40686,7592538
48727,27829,3110917
48741,25825,2843852
48743,31412,4816299
48746,21846,750892
48750,43357,7936414
48756,35134,5513375;43872,8014419
48769,26276,2845110
48771,24063,2086119;38476,7249281
48785,30191,4647856
48789,40809,7667216
48791,36778,6136113
48792,26218,2844955;40026,7380587;40065,7380672
48808,22495,1099111;41966,7841920
48818,44538,8101806
48823,43257,7935917
48825,26584,2845974;33927,5509174
48827,42797,7853794
48830,32848,5498928
48833,25445,2515442
48834,25984,2844306
48837,32764,5498563
48840,37660,7064233
48843,39802,7333307
48844,21336,670358;25153,2397745
48852,30345,4648519
48855,29781,4391950
48856,19894,69279
48857,28821,3618076;36547,5925014
48858,28356,3112417
48862,29973,4643890
48867,-19,4391484
48873,36404,5772150
48878,28235,3112066;35967,5598265
48879,22956,1283762
48882,33971,5509335
48884,22012,751361
48886,24931,2397170
48888,24987,2397297
48889,37222,6890844
48895,40304,7589469
48897,22463,1098467
48918,24235,2151545;37121,6890624;38950,7251133
48933,38613,7249616;39766,7332337
48935,26145,2844740
48941,28875,3703079;33396,5501001
48948,35112,5513328
48967,28000,3111323
48974,20382,86162;24952,2397217
48981,39796,7332415
48983,28300,3112230
48985,42276,7844313
48986,22452,1098430
48987,40743,7667045
48989,32165,5332400;34162,5510661;39163,7251961
48990,22971,1283797;28523,3112883;38261,7248772
48991,26095,2844590
48993,23644,1888735
48994,22406,1098257
48996,27569,3110245;30387,4649074;33919,5509156
48997,32739,5498453;35295,5513847;41018,7667987
48999,27098,2918731
49005,19772,62738
49008,20886,602000
49009,29376,4299947
49021,24372,2230135
49022,42857,7854697
49024,31961,5076576;38018,7247964
49031,37634,7064177
49035,23059,1284041;40448,7590433
49042,40337,7589911
49046,34360,5511458
49047,24264,2227251
49049,19923,69370
49052,21290,670244
49060,20906,602059;36645,6135544
49063,26253,2845037
49070,25190,2397880
49073,40735,7627628
49077,43295,7936002
49078,32100,5166556
49081,22587,1099438;34694,5512265
49083,21608,678314
49088,41239,7676128
49097,32750,5498496
49098,22925,1283683
49103,40875,7667526;41558,7840184
49104,38413,7249136
49110,40916,7667642
49120,26025,2844413
49121,33782,5508784
49126,26954,2917717;33759,5504064
49131,39358,7254499
49132,28100,3111740
49134,37775,7064893
49140,24871,2397019
49150,34324,5511372
49152,38029,7247994
49163,36586,6001805
49165,37631,7064171
49168,34481,5511777
49177,26041,2844457;44474,8101581
49184,27312,2919709
49188,24999,2397322
49195,21751,750644;27892,3111064;39784,7332379
49200,37491,7063711
49209,40390,7590142
49213,29359,4299908
49219,30707,4652628
49220,27614,3110348
49222,19978,69516;40022,7380579
49223,23309,1469677
49224,34472,5511754
49228,36813,6196398
49232,43183,7935347
49242,35956,5598238
49252,41718,7840581
49257,22266,1097726
49263,21651,678424
49265,44164,8100498
49266,29495,4300227
49267,22685,1099746
49274,29036,3703623
49275,32381,5434718;36285,5771566
49277,24583,2230670;32541,5435102
49279,29321,4299790
49281,36679,6135678
49284,37447,7063611
49285,23574,1888526
49305,30739,4652702
49306,30674,4652524
49316,35808,5515843
49319,22834,1283440
49320,32458,5434887
49322,37061,6565324
49325,30954,4749889
49331,37075,6565360
49332,24964,2397245
49333,31259,4750802
49335,35421,5514905
49337,27245,2919338
49338,30790,4749484
49339,31156,4750497;35914,5516100
49347,32144,5332347
49348,38561,7249496
49354,32330,5433960
49366,32024,5076808;41793,7841080
49370,39066,7251406
49373,41244,7676144
49374,27070,2918665
49376,35286,5513822
49377,30546,4649678
49379,26521,2845762
49394,25754,2841298
49411,40118,7380792
49412,37241,6890881
49418,23438,1633520;30746,4652720;34120,5509733
49426,38072,7248118
49427,25789,2843762
49428,39082,7251442;44376,8101336
49431,39249,7254161
49433,21903,751084;41293,7676255
49434,34448,5511692
49435,40734,7627625
49442,25752,2841295
49445,27655,3110464
49455,29330,4299810
49459,36438,5772238
49465,20003,69704;23211,1370736
49470,32893,5499048
49472,37574,7064035
49477,28665,3354755
49480,31203,4750622
49481,24913,2397132
49485,28020,3111367;31683,4902915
49497,26216,2844951
49504,30223,4648109
49505,30067,4644353;44311,8100998
49507,37701,7064339;41432,7839895
49508,24232,2151539
49509,35600,5515347
49510,39213,7254010
49517,38058,7248087
49521,27325,2919785
49522,44130,8100423
49533,30332,4648491
49534,22471,1098488
49539,31948,5076361
49540,40589,7591260
49541,42337,7844450
49544,27977,3111263
49545,20124,85577
49548,25586,2840886
49550,41919,7841651
49551,30263,4648216
49557,33790,5508800
49558,32447,5434861
49561,31624,4824954;40650,7591393
49564,27513,3110075
49565,39773,7332351
49567,36604,6135449
49575,22425,1098317
49586,38562,7249496
49590,34524,5511868
49591,42714,7853377
49598,44378,8101340
49599,31294,4816035;43405,7936523
49602,29207,4299515
49604,29944,4643809;39432,7331003
49606,43380,7936469
49613,37974,7247856;40479,7590547
49617,42803,7853809
49618,39454,7331102
49619,37705,7064345;44580,8101902
49620,25577,2840863;27943,3111191;37514,7063761
49624,35655,5515469
49641,26918,2917535
49646,42377,7844574
49647,19970,69499;32438,5434842
49653,39097,7251472
49657,42250,7844257
49659,27737,3110655
49669,43977,8014664
49670,21053,639148;24085,2137841
49675,25994,2844328;37433,7063558
49676,42258,7844273
49679,23409,1633448;40197,7589229
49682,22921,1283675;29704,4391732;36087,5771033
49683,30055,4644316
49694,33907,5509131
49695,28253,3112111
49698,20180,85701;34328,5511380
49701,35194,5513595
49707,25414,2515376
49708,21875,751005;23107,1370429
49710,28914,3703180;35211,5513632
49713,36962,6565047
49714,22039,751425
49719,30473,4649452
49727,32230,5432033
49728,20238,85864
49734,30538,4649661
49735,33658,5501747;42520,7845269
49738,37484,7063697;41689,7840514
49742,26273,2845103
49753,25766,2843707
49754,38166,7248558
49761,41115,7668957
49769,31305,4816060
49772,29291,4299720
49774,43480,7937966
49785,26050,2844480;31797,4918039;43050,7934753
49788,38398,7249102;40679,7591456
49791,23506,1801978;28343,3112361;40456,7590457
49795,37221,6890842
49796,38822,7250849
49797,29742,4391849
49798,36237,5771394
49809,35729,5515651;38048,7248066
49810,34234,5511002
49814,29198,4299494;40471,7590506
49816,25022,2397377;43939,8014576
49817,25415,2515378
49818,43289,7935990
49822,27235,2919309
49825,26296,2845171
49826,30567,4649721
49827,43067,7934841
49828,27349,2919877
49831,42262,7844284
49833,35014,5513091
49834,24616,2230738
49840,39598,7331473
49849,21092,639270
49850,21132,639385
49851,42636,7853193
49864,21596,678281
49869,37736,7064411;39180,7252000
49872,32054,5076933;43370,7936445
49879,26006,2844367;33539,5501398
49880,35116,5513336
49882,30902,4749773
49892,20978,602243
49893,25829,2843861
49897,35783,5515770
49906,33770,5504096
49909,43343,7936378
49916,25213,2398091;35183,5513573
49918,38941,7251117
49929,20142,85618;27081,2918694
49932,32097,5166550
49933,33182,5500180;41488,7840027
49943,31497,4816498
49944,31873,5076145;32678,5435517;38767,7250629
49945,43429,7936589
49946,30122,4644775
49948,30393,4649087
49949,23822,2050922
49955,35441,5514958
49960,22248,1097667
49964,40954,7667743
49970,24090,2137907;29337,4299828;42769,7853734
49976,39403,7308473
49980,28008,3111342;39015,7251289
49981,35442,5514968
49982,41705,7840549;43969,8014645
49983,33450,5501152
49986,20899,602032;30646,4652453
49996,42119,7843268;42255,7844267
50001,29871,4643509
50004,29528,4300304
50009,27959,3111224
50011,40965,7667797
50012,28120,3111787;32003,5076716;40143,7481164
50022,26972,2917786
50024,36479,5830718;37019,6565216
50026,43350,7936397
50029,36070,5770996
50030,29684,4391664
50033,31647,4827760
50036,39973,7380457
50039,28659,3342180
50048,33745,5504020
50049,43550,7938131
50052,41881,7841568
50056,34937,5512887
50062,44328,8101036
50066,21083,639250
50077,19725,59;29870,4643506
50080,41409,7753996
50086,27157,2919009
50088,24602,2230710
50089,27481,3109970;31194,4750593
50094,22854,1283487;27054,2918203
50096,21778,750709
50105,31996,5076690
50107,26361,2845345;37889,7247659
50120,36986,6565126
50121,32564,5435150
50127,33477,5501222
50133,26965,2917773
50140,25681,2841112;39037,7251337
50141,25579,2840868
50142,27521,3110108
50155,20920,602088
50158,31802,4918061
50170,26766,2846470
50173,33972,5509337;34499,5511811
50175,25555,2685798
50177,37290,6891100
50180,26855,2917286
50187,30074,4644367
50188,38634,7249786
50195,-19,4391497
50197,27815,3110874
50198,20355,86108
50206,31679,4902901
50207,28360,3112425
50210,22025,751392
50219,30633,4652421
50220,28067,3111561
50227,32517,5435047
50228,36145,5771168
50231,26886,2917423;42198,7844135
50240,31102,4750334
50242,24417,2230311
50243,23595,1888586
50244,20346,86093;33065,5499789
50245,30817,4749551
50252,26678,2846226
50254,35670,5515503
50256,24036,2086040
50258,44085,8100314
50265,27109,2918755
50270,32908,5499094;42675,7853291
50271,25937,2844169;35516,5515145
50272,35196,5513599
50275,38739,7250221
50276,24271,2227266
50279,43122,7935099
50284,26540,2845858;29975,4643895
50292,27446,3109878
50294,39510,7331260
50298,28013,3111354
50314,20366,86132
50318,25037,2397407
50321,21509,670873;42898,7854818
50323,30692,4652583
50327,27676,3110508
50329,41797,7841088
50334,35160,5513520
50352,37080,6565380
50362,20145,85625
50364,39041,7251349
50368,21628,678367
50374,30923,4749822
50381,37911,7247712
50382,32542,5435103
50384,28400,3112538
50396,32033,5076830;32491,5434974;37922,7247738
50401,26921,2917545
50405,36441,5772250;42436,7844708
50406,38355,7249008
50413,21465,670716;35823,5515900
50418,24325,2230022
50421,23565,1888507
50429,27370,2919943
50431,39073,7251420
50434,39111,7251503
50441,20150,85634;32080,5077007
50442,41041,7668045
50443,29499,4300235
50446,37411,7063511
50447,38845,7250899
50449,31674,4902890;42915,7854894;44291,8100946
50462,43593,7941899
50471,20945,602168
50472,20898,602030;33880,5509060
50477,37982,7247883;38127,7248244
50479,36442,5772255
50480,23377,1543091;29717,4391770
50481,20960,602202;37355,6891235;38988,7251230;42329,7844434
50482,29077,3725644
50484,24431,2230343
50490,31828,4918136
50493,42041,7843082
50501,34485,5511783
50502,22608,1099529;40039,7380614
50504,31460,4816415
50507,43966,8014639
50508,36021,5770896
50510,23132,1370494;31418,4816311;42816,7853835
50515,34169,5510684
50526,43546,7938123
50528,31341,4816144;37653,7064219;39699,7332184;41616,7840326
50540,43366,7936437
50548,24892,2397076;39430,7330999
50549,19770,62719;43783,8014209
50550,34774,5512467
50558,24990,2397303
50560,39954,7380416
50578,28413,3112586
50584,28616,3254714
50591,36718,6135779
50595,22245,1097657
50610,28198,3111978
50612,40870,7667516
50613,32120,5243875
50622,24245,2151570;37570,7064027
50631,23238,1370811
50641,32070,5076986
50649,26433,2845552
50657,22212,1097539
50658,32385,5434724
50660,27562,3110231;32850,5498932
50663,26818,2846600
50666,22508,1099170
50667,30682,4652548
50680,31357,4816175
50692,38103,7248187
50694,33452,5501157
50716,25813,2843821
50717,33876,5509052
50718,23734,1888951
50720,36029,5770910
50732,31837,4918159
50773,41457,7839959
50774,41685,7840506
50776,40178,7589177
50777,34560,5511953
50807,27487,3109991;32454,5434879
50810,42681,7853308
50834,29457,4300137;32885,5499027
50841,30804,4749524
50855,24011,2085959
50865,28256,3112125
50866,37927,7247748
50883,24950,2397211;40086,7380717
50886,28608,3254694
50898,27477,3109960
50903,43054,7934774
50905,21747,750635
50914,22421,1098306;39925,7380343
50915,35973,5598278
50920,22740,1099921;25573,2840854;34874,5512721
50928,40254,7589358
50932,39982,7380493
50943,20181,85706;40993,7667928
50951,27920,3111131
50953,20054,85414;39610,7331574;43801,8014248
50954,39421,7330981
50957,36795,6136154
50958,22580,1099416
50960,42218,7844181
50970,38147,7248405
50971,37870,7247332
50972,27082,2918696
50977,28477,3112762
50978,24142,2149752;37675,7064271;43154,7935277
50979,38129,7248248
50988,31681,4902912;39318,7254385
50995,31931,5076308
51001,34836,5512611;41358,7753703
51007,28292,3112212
51015,36226,5771366
51025,43945,8014588
51033,42021,7842204
51045,30248,4648173
51046,32124,5243888
51056,21020,602368
51058,40732,7627621
51064,31965,5076598;42058,7843117
51065,29357,4299904;35606,5515359
51073,32001,5076713
51079,35184,5513575
51085,44090,8100331
51091,41229,7676095
51093,35709,5515607
51094,26366,2845366;41677,7840486
51097,37117,6890610
51103,40351,7589951
51107,27129,2918943
51113,23374,1543084;37436,7063564
51133,33483,5501242
51156,27198,2919216
51171,25403,2515353;31512,4816533;36369,5772038
51174,32961,5499469;38012,7247952
51176,38667,7250055;40219,7589277;44227,8100777
51187,24453,2230391;33147,5500071
51196,30274,4648239;31509,4816527
51198,38728,7250199
51202,28106,3111756
51208,39401,7308469
51220,23112,1370441
51223,27803,3110848
51227,39687,7332160
51234,30235,4648138;34689,5512255
51245,41905,7841620
51247,25795,2843777
51288,23148,1370538
51289,44009,8014760
51297,41547,7840155
51298,38417,7249144
51308,34579,5511994
51324,26080,2844556;32716,5435617;40132,7426578
51332,42379,7844578
51354,20416,86231
51358,21611,678323;32672,5435498
51365,29485,4300201
51378,39428,7330995
51380,27837,3110936
51381,22274,1097750
51385,23924,2085720;36531,5924964
51404,28823,3618080;43185,7935351
51405,25423,2515398;40379,7590036
51406,37485,7063699
51408,32473,5434936
51409,19751,62663;36491,5830751
51411,38281,7248821
51418,33470,5501204
51421,22268,1097733;26822,2917215
51425,29316,4299777
51428,20600,86662;35077,5513245
51432,27249,2919346
51433,43974,8014655
51440,21884,751026;40436,7590398
51441,34700,5512277
51443,34051,5509563;36349,5771982
51453,21521,670904
51454,25634,2841001;38038,7248038
51455,19734,78;28421,3112617
51459,34791,5512509;38807,7250777
51461,38487,7249306
51472,32002,5076714
51474,29786,4391962
51476,35497,5515105
51481,36317,5771885
51482,37576,7064040
51484,32167,5332407
51486,38365,7249032
51492,29882,4643579
51506,33884,5509080;43909,8014500
51510,39772,7332349
51519,31097,4750322
51521,32183,5397475
51525,25142,2397721;35210,5513630
51528,27056,2918207
51530,26192,2844894
51535,39718,7332225
51538,31132,4750406
51545,20021,69749
51549,24356,2230100;25289,2515092;37200,6890797;44451,8101516
51550,39331,7254426
51551,26721,2846346
51555,34262,5511065
51560,44283,8100918
51563,38903,7251032
51564,22265,1097723
51565,42979,7934467
51574,28288,3112203
51579,25792,2843771
51580,23083,1370338
51581,43402,7936517
51585,39377,7256283
51597,-19,4391543
51603,26692,2846260;30428,4649333
51609,34445,5511686
51614,23853,2062476
51616,22490,1099062;36434,5772230
51617,24788,2396752;37876,7247586
51623,27132,2918950
51626,29111,4299271
51636,21797,750775;30097,4644680
51638,36859,6196549;42435,7844706
51642,29416,4300042
51647,29657,4391599;32158,5332383;34461,5511728
51649,22745,1099935;31952,5076374
51655,30294,4648291
51658,34199,5510903;40290,7589437
51676,30489,4649495;38196,7248625
51682,36541,5924999
51685,42583,7853032
51686,26934,2917589
51687,29883,4643582
51700,40889,7667570;43735,8014098
51701,24653,2231433;38989,7251232;44527,8101693
51708,19991,69664;29941,4643803
51710,21522,670905
51711,28746,3586874
51713,28537,3112915
51716,38273,7248795
51721,38172,7248570
51729,25660,2841064;38979,7251201
51738,40682,7591470
51739,29160,4299405
51750,37193,6890771
51755,24243,2151565
51772,20349,86098;28430,3112637
51773,32744,5498481;40103,7380757
51783,22456,1098442
51788,31285,4816016
51789,27076,2918678
51791,29260,4299639;41351,7753689
51811,41109,7668945
51812,24663,2231462;40565,7591209
51813,28233,3112061;30432,4649343
51814,40120,7426559
51817,34530,5511880
51837,36323,5771906;43972,8014651
51842,20262,85927
51844,41972,7841933
51848,24920,2397145;33975,5509344
51849,28260,3112139
51854,20312,86020
51856,24541,2230585;42074,7843155
51857,32911,5499100
51859,26905,2917507
51860,33292,5500596
51865,41943,7841708
51867,38583,7249553
51868,35320,5513906;41790,7841074
51871,23026,1283932
51872,23858,2062486;40919,7667648
51875,40665,7591427
51877,40851,7667464
51880,32968,5499494;37770,7064783
51881,41593,7840264
51889,42721,7853622
51895,36254,5771438
51899,32257,5432101
51901,23617,1888657;34192,5510889;37779,7064968
51902,20274,85948;29647,4391578;44280,8100912
51914,43886,8014450
51915,42833,7853894
51918,29273,4299674
51929,27203,2919233;31757,4917911
51930,29902,4643651
51934,24708,2231564
51947,21193,639573;32958,5499455
51951,32145,5332350;32524,5435065
51961,27984,3111281
51969,32125,5243890
51972,29309,4299760;36170,5771227
51980,26791,2846538;32066,5076971
51988,21412,670581;33170,5500144;36327,5771921
51989,25164,2397770;32652,5435455
52000,37016,6565208
52002,34669,5512212
52006,30898,4749762
52009,38074,7248122
52011,31670,4902882
52022,28880,3703090;36726,6135966
52026,29059,3703696
52031,40653,7591399
52034,38975,7251192;43633,8012695
52035,26627,2846097;36223,5771360
52038,39168,7251971
52045,25411,2515369
52046,20640,86748;33803,5508828
52048,22013,751363
52066,23279,1370919
52067,28267,3112155
52069,27101,2918740
52071,33188,5500204
52078,22076,751508
52082,31301,4816054
52083,31945,5076354
52084,28141,3111842
52087,38934,7251098
52096,26645,2846141
52098,26302,2845187;39414,7308496
52113,27166,2919071
52121,28491,3112810
52134,32676,5435513
52143,42526,7845290
52144,30457,4649418
52146,37652,7064217
52149,32659,5435469;39159,7251950
52152,38200,7248633
52157,31079,4750278;34053,5509567;37119,6890615;41851,7841496
52159,20628,86724
52161,38945,7251123
52164,44414,8101435
52168,20633,86734
52170,33534,5501376
52171,24441,2230367
52179,36979,6565100
52190,24826,2396894
52197,31257,4750798
52200,39582,7331434
52201,19927,69383;37270,6891052
52204,38139,7248386
52206,29900,4643643
52208,38077,7248128
52215,37499,7063728
52225,31070,4750254;39051,7251368
52228,25127,2397633
52238,19907,69309;35421,5514892
52280,35402,5514886
52290,32616,5435335;35092,5513278;43236,7935503
52292,24586,2230675
52295,41624,7840358
52297,35057,5513201
52300,23005,1283881;34564,5511964
52302,36037,5770929
52306,36074,5771004
52308,28351,3112386
52328,21669,678465
52335,20997,602313
52343,35881,5516031
52348,29191,4299478
52350,39364,7256260
52353,36236,5771390
52355,35907,5516086
52361,33409,5501039;34193,5510891
52363,27108,2918753
52365,23162,1370576
52366,31654,4827773
52369,24700,2231546
52375,41005,7667961
52395,31157,4750499
52414,21787,750754
52415,41846,7841486
52421,37139,6890660
52422,37416,7063521
52423,32931,5499316
52425,42935,7934365
52429,21367,670450
52430,39165,7251965
52433,20244,85877;39894,7380275
52434,22065,751484
52435,20481,86370
52439,34442,5511681
52441,22169,1097340;36406,5772154
52453,29940,4643797
52454,40833,7667292
52455,25081,2397511
52459,28867,3703059;39303,7254347
52464,40778,7667119
52474,29229,4299568
52475,21238,639705;32515,5435042;37615,7064124;43390,7936489
52477,24641,2231406;26903,2917503
52478,43938,8014574
52480,25910,2844069
52481,24893,2397078;43687,8013985
52482,25216,2398096
52485,25019,2397366
52486,31690,4902928
52487,28710,3521938
52494,40008,7380548
52496,27544,3110191
52498,26058,2844497;37758,7064599
52515,42114,7843258
52516,31726,4917822;40751,7667061
52519,35063,5513217
52524,38164,7248554;39404,7308475
52526,38190,7248613
52537,36082,5771021
52551,40274,7589402
52558,24714,2231576
52564,38220,7248677
52567,22829,1283428;43585,7941883
52570,33128,5500000
52571,30953,4749887
52572,23394,1633370
52573,27149,2918988
52579,28888,3703116
52589,28372,3112475;41070,7668146
52598,22576,1099396
52609,33220,5500337
52622,24254,2151589;44620,8101999
52623,22949,1283745
52629,21822,750837
52646,33851,5508960
52647,21587,678253;42091,7843189
52651,40591,7591264
52655,35271,5513767
52656,42966,7934441
52657,28500,3112829
52667,40716,7592705
52675,21648,678417
52680,20058,85440
52684,25168,2397778
52688,28329,3112323;29178,4299448
52689,21830,750853;38917,7251060
52704,36957,6565034
52715,44110,8100374
52716,28611,3254704;40550,7591175
52718,26214,2844946;36904,6564883
52722,42452,7844743
52723,43184,7935349
52726,26564,2845923
52727,21678,678488
52735,22831,1283433;29857,4553166
52736,27243,2919334
52740,33755,5504055
52743,26202,2844921
52746,28704,3521926
52748,39595,7331467
52749,40593,7591268
52750,22605,1099519
52751,31009,4750119
52752,25035,2397402;37611,7064116
52754,40357,7589963
52756,39084,7251446
52762,27213,2919255
52771,33471,5501206
52772,30119,4644764
52774,37171,6890731;43613,8012652
52785,23236,1370806;28955,3703303;36989,6565140
52791,23400,1633392
52793,25701,2841156
52806,34354,5511445
52807,21812,750811
52816,31664,4902869
52820,42534,7845306
52824,29383,4299964;41742,7840952
52825,29344,4299875
52851,38075,7248124
52859,32994,5499580
52861,24916,2397137
52866,43460,7936686
52870,25531,2685738;31746,4917881;32270,5432907
52871,24203,2151452
52873,20556,86532
52875,32324,5433938
52876,20599,86660
52880,30448,4649399;33045,5499720
52883,22703,1099819
52892,40523,7591112
52897,20073,85470;21200,639593
52902,34553,5511930;40131,7426576
52904,30737,4652697
52905,28872,3703072;40611,7591308
52913,28799,3618006
52917,39543,7331348
52923,25820,2843838
52927,22239,1097626;43653,8013898
52928,31558,4816726
52932,41745,7840958
52938,23852,2062474
52950,29748,4391872
52952,36652,6135560
52956,21753,750649
52960,21303,670278;32012,5076747
52962,34531,5511882;37802,7235602
52971,34566,5511968
52974,24639,2231399
52975,19739,87
52977,32372,5434669
52979,37437,7063566
52983,42753,7853689
52988,30651,4652465;39431,7331001
52991,23645,1888737
52992,26128,2844695
52998,22398,1098224
53001,24148,2149767
53005,34627,5512100
53006,33888,5509088
53014,31397,4816268
53016,23326,1469721;33278,5500541
53017,27806,3110853;41773,7841028
53018,35690,5515561
53020,21399,670518
53023,27450,3109888
53024,33179,5500169
53031,39392,7308443;40602,7591290
53032,32601,5435284;41761,7841003
53037,30071,4644361;33883,5509078
53040,40113,7380777
53041,42405,7844642
53044,34768,5512450
53046,22845,1283467
53056,24355,2230098;43037,7934687
53058,37105,6890587
53066,34369,5511484
53073,21183,639542
53074,36725,6135963
53075,28202,3111988
53080,26017,2844393
53089,37422,7063536
53090,44357,8101294
53105,31103,4750336
53106,23894,2085650
53108,21050,639139
53115,41834,7841335
53116,25187,2397874;26308,2845203
53121,26499,2845711;33367,5500880
53122,32006,5076733
53125,30889,4749743
53131,42063,7843133
53134,28781,3617960
53136,33151,5500080;41170,7669111
53141,33068,5499799
53144,40306,7589473
53145,29782,4391952
53152,32662,5435478
53163,26304,2845192;40217,7589273
53164,23713,1888900
53167,21878,751011
53170,39176,7251987
53171,29889,4643611
53184,33387,5500961
53188,44524,8101687
53191,20119,85566
53197,27432,3109780;36588,6001809
53200,33136,5500029
53202,43395,7936499
53206,40826,7667271;42632,7853181
53207,24338,2230051
53209,29364,4299920
53216,38982,7251218
53218,30018,4644217
53220,31276,4815983
53224,30522,4649630
53232,43529,7938076
53233,43843,8014357
53237,27876,3111029
53238,19855,64942
53240,30913,4749798
53241,23545,1879870;41265,7676190
53242,35123,5513353
53245,30259,4648205
53246,37820,7235643
53249,21512,670879;40713,7592699
53250,27849,3110963;32475,5434941
53251,41042,7668047
53252,38473,7249275
53254,42067,7843141
53260,39024,7251311
53262,32235,5432045;40232,7589306
53270,24155,2149799
53272,33185,5500191
53273,34277,5511095
53274,24795,2396776;31206,4750636
53277,34139,5509816
53280,36700,6135733
53281,30491,4649500
53283,38486,7249304
53291,41812,7841121
53294,29090,4299205
53296,37266,6891043
53298,33442,5501131
53304,34505,5511827
53307,20607,86681
53330,33992,5509400
53339,25737,2841258
53344,34223,5510980
53346,22512,1099179
53351,41944,7841710
53354,37757,7064595
53355,39105,7251491
53356,21897,751070;26945,2917619
53359,24517,2230533
53360,34793,5512513;43159,7935290
53362,34230,5510994
53364,34321,5511263
53366,39924,7380341
53371,30162,4645243
53373,42784,7853767
53377,23166,1370585
53378,35599,5515345
53381,30164,4645252
53382,33186,5500198;36771,6136094
53384,42736,7853651
53385,27047,2918188;44123,8100403
53386,22210,1097530
53388,29498,4300233;41030,7668019
53390,25147,2397731
53397,32027,5076815
53398,32500,5434993
53399,23075,1370318
53403,42715,7853379
53404,29966,4643872
53408,28365,3112460;29652,4391589;34343,5511418;38336,7248962
53409,22443,1098394
53413,26777,2846493
53416,37057,6565310;38887,7250997
53421,25716,2841199
53424,41416,7754009
53427,34456,5511714
53430,26753,2846442
53439,24802,2396813
53445,30964,4749914
53447,42654,7853236
53448,27468,3109936
53449,28137,3111831
53450,31557,4816724
53458,43008,7934564
53467,21593,678272;43432,7936596
53468,42298,7844360
53469,35026,5513118
53470,27798,3110836
53474,27905,3111101;32952,5499441
53475,28380,3112491
53476,26462,2845627;36833,6196484
53480,31253,4750787;33503,5501295
53483,21242,639724
53492,29256,4299629
53493,31179,4750555
53498,34712,5512311;43750,8014131
53502,20087,85501
53507,23693,1888848
53513,30065,4644349;42700,7853345
53516,20534,86486
53522,34729,5512356
53527,21703,678548;28272,3112165
53529,37528,7063937;39741,7332278
53532,32506,5435008;40564,7591207
53536,41010,7667971;41912,7841634
53537,30145,4645197
53539,32823,5498784
53551,20550,86519;22763,1099988
53553,21813,750816
53554,34109,5509699
53556,43469,7936712
53559,36387,5772089
53561,26842,2917260;27835,3110932
53563,21690,678517;25443,2515439;28543,3112930;31210,4750645
53572,28064,3111552
53582,29456,4300134
53583,30401,4649108
53585,24597,2230695;34037,5509526
53588,34946,5512909
53591,43414,7936543
53592,26323,2845241;43581,7941874
53593,43425,7936578
53596,23003,1283876;28778,3586951;37975,7247858
53598,21534,670930
53601,30144,4645194
53602,36732,6135977
53608,31545,4816703
53609,36119,5771113
53612,26178,2844859
53613,31452,4816395;32711,5435605
53614,38460,7249237
53617,35541,5515208
53627,32017,5076762;35804,5515835;41887,7841580
53655,26168,2844837;37337,6891200
53656,36033,5770918
53657,20517,86450;20583,86591
53658,44410,8101422
53673,21689,678515;34286,5511153
53676,28498,3112824
53684,31353,4816168
53691,23024,1283927;27783,3110805
53692,21122,639364
53694,19787,62938
53695,32351,5434625
53703,30562,4649711
53704,23754,1888998
53707,32941,5499418
53710,43810,8014271
53712,27918,3111128
53717,29197,4299492
53720,19963,69479
53723,25917,2844089;28027,3111383
53724,22982,1283823
53725,29251,4299619
53762,36618,6135478;39526,7331301;41296,7676261
53764,24259,2151600
53773,24747,2320983;30775,4748168
53774,35884,5516036
53798,32771,5498590
53801,25209,2398083;33985,5509386
53802,21416,670589;37939,7247772
53808,23601,1888601
53810,23350,1543029
53811,27642,3110436
53813,43824,8014311
53817,44631,8102021
53819,19790,62945
53832,32246,5432079;40111,7380773
53833,35637,5515428
53843,34845,5512637
53844,35314,5513888
53847,24221,2151512
53852,41565,7840201
53861,31812,4918092
53863,24261,2227246
53871,34777,5512473
53875,40526,7591118
53877,27832,3110924
53880,26490,2845690
53882,33934,5509225
53896,36330,5771927
53911,43264,7935938
53916,41743,7840954
53928,24611,2230728
53930,21021,604936;42473,7844805
53939,24438,2230358
53940,26669,2846200
53941,30992,4749978
53942,41104,7668931
53950,38637,7249899
53956,43118,7935050
53960,35165,5513533
53969,30799,4749512
53970,38108,7248197
53973,23023,1283925;28933,3703239
53977,40896,7667586
53981,27267,2919422;42373,7844566
53982,27718,3110607
54000,34572,5511980
54004,21578,678204
54008,28770,3586931
54012,39636,7331634
54020,33747,5504036
54031,27286,2919476
54035,38588,7249563
54038,40547,7591169
54040,25657,2841058
54041,35972,5598275;36937,6564979
54047,30887,4749739;32884,5499025
54049,39746,7332288;42046,7843093
54056,24403,2230220
54060,21288,670238;43268,7935947
54061,25304,2515129
54063,26274,2845106
54071,19911,69317
54080,27085,2918701
54082,25477,2515519
54084,21959,751220
54088,29537,4300326;31306,4816062;42051,7843103
54090,28486,3112789;43119,7935063
54117,41090,7668888
54121,22914,1283657
54122,37854,7235749
54127,32802,5498706
54135,27910,3111111;44554,8101844
54136,24903,2397112
54140,39126,7251865
54144,25244,2416599
54147,24192,2151419
54152,24881,2397051;32109,5243847
54162,29439,4300097;36241,5771412
54163,44308,8100992
54165,44458,8101534
54167,24843,2396936
54168,20884,601995;41169,7669109
54170,36478,5830716
54171,20402,86205
54172,27170,2919133
54178,36605,6135451
54181,26318,2845227
54187,38819,7250806;42193,7844125
54188,36476,5830711
54195,38964,7251170
54198,38468,7249260;40598,7591278
54199,26743,2846421
54201,28468,3112744;31716,4917792;32428,5434821
54204,22833,1283438
54211,21223,639655;38283,7248824
54212,41431,7839893
54217,22586,1099435;34897,5512776
54222,29464,4300153;42530,7845298
54224,29099,4299238
54227,39720,7332234
54237,19902,69297
54248,39056,7251378
54252,31221,4750675
54260,25263,2416639;33093,5499891
54264,22050,751452
54265,30901,4749773;44444,8101502
54271,39450,7331094
54272,26199,2844914
54276,24366,2230122
54282,38510,7249364
54298,40474,7590515
54299,20176,85693;36684,6135695
54306,26438,2845563;31929,5076303
54308,36345,5771972
54309,31351,4816163;44092,8100335
54310,27387,2919979
54317,35861,5515983;42569,7852990
54320,29022,3703581
54329,44274,8100895
54339,43484,7937974
54342,21479,670788;23169,1370613
54343,26803,2846568;36229,5771377
54350,26862,2917302;38173,7248572
54353,20391,86183
54358,38748,7250243
54361,42597,7853068
54374,43219,7935427
54387,38407,7249123
54388,34021,5509495;43963,8014633
54389,43789,8014221
54393,30946,4749872
54400,30570,4649726
54409,21243,639726
54410,28308,3112251
54411,27981,3111275
54413,27079,2918688
54417,34189,5510775
54429,20606,86679
54436,23016,1283907
54442,34753,5512416
54459,23302,1469661
54465,26381,2845408
54470,31303,4816057
54471,28700,3521916;33164,5500128
54479,20967,602218
54481,19877,65023
54484,20170,85682
54489,38784,7250724
54492,43059,7934790
54494,25854,2843923
54496,27552,3110208
54499,30683,4652552
54500,20010,69718;32047,5076914
54502,25072,2397490;36724,6135961
54503,31077,4750271
54505,19876,65021;41330,7753643
54506,43536,7938095
54507,29806,4446560;31845,4918191
54508,24983,2397289
54509,28814,3618059
54512,31761,4917924
54515,43958,8014622
54517,37530,7063941
54520,30109,4644737;40675,7591448
54521,39287,7254306
54522,35913,5516098
54528,20006,69710;33943,5509269;41146,7669057
54531,41430,7839891
54532,24214,2151494;26689,2846254
54538,21101,639303
54540,32389,5434732
54542,25640,2841014;31290,4816025
54550,22635,1099599
54569,43719,8014056
54576,31101,4750334
54580,36697,6135727
54581,26182,2844871;36400,5772137
54582,20542,86503;44462,8101542
54589,37562,7064011
54590,36650,6135556
54593,32661,5435477
54598,32912,5499178;40657,7591407
54604,42002,7842080
54605,29162,4299411
54610,39118,7251517
54613,33206,5500286
54621,25814,2843824
54632,36407,5772156
54633,26794,2846545
54638,26936,2917593
54640,42515,7845259
54642,44602,8101954
54659,36040,5770934
54664,20359,86117
54671,31843,4918181
54674,34625,5512096;41342,7753670;42281,7844327
54682,41019,7667994
54683,24791,2396761
54703,43835,8014333
54707,23455,1801868
54710,30113,4644746
54714,22629,1099584;27000,2917972
54717,43763,8014161
54718,25700,2841151
54730,36458,5772294
54731,28870,3703068
54734,43092,7934912
54738,29478,4300184
54749,34765,5512444
54750,28954,3703301
54751,34093,5509665
54756,26833,2917236;40165,7589146
54759,38881,7250986
54768,29175,4299442;37572,7064031;43326,7936330
54774,41601,7840289
54781,43149,7935267
54782,22298,1097829;36320,5771892
54787,20070,85464;38471,7249269
54797,29185,4299465;43397,7936506
54800,23556,1879894;44583,8101907
54801,37047,6565288
54805,27944,3111193
54806,31591,4816795
54808,26207,2844931
54813,44484,8101599
54820,28518,3112869
54829,40110,7380771
54830,29841,4553134
54833,25635,2841004
54834,30212,4648085
54840,40595,7591272
54841,41024,7668007
54842,28980,3703389
54846,31889,5076186
54851,34571,5511978
54869,33272,5500517
54870,26373,2845384
54883,23976,2085870
54884,20940,602131;23739,1888961
54890,25934,2844162;37481,7063692
54895,25856,2843928
54903,19841,64908;38185,7248598
54904,24852,2396955
54912,21511,670877;23919,2085709;36262,5771467
54917,36055,5770965
54919,31589,4816790
54920,37163,6890715
54921,32071,5076988
54922,22954,1283758
54937,40302,7589465
54939,26205,2844927;31977,5076631
54954,21252,639749;21582,678244
54955,30020,4644224;36993,6565148;41202,7669183;44367,8101314
54962,22156,1097291;30664,4652502
54966,30485,4649487
54967,21009,602342
54977,28375,3112481
54981,32883,5499022;39025,7251313
54983,26916,2917530
54986,41143,7669049
54989,24895,2397082
54997,28631,3342113
55003,40175,7589166
55008,29669,4391627
55012,33808,5508836;40184,7589203;43240,7935510
55017,26652,2846158;33559,5501455
55028,36949,6565014;43031,7934641
55030,28820,3618071
55032,38429,7249171
55037,23290,1370946
55040,25378,2515290
55048,29666,4391620
55052,21282,670227;32095,5166546
55053,26654,2846163;42971,7934451
55054,41655,7840433
55056,34431,5511655;44418,8101442
55057,30917,4749806
55063,28122,3111798
55079,36495,5830770
55080,36153,5771185
55082,27354,2919887;-19,4391539
55083,22942,1283730
55089,29557,4300376
55093,32553,5435126
55095,23398,1633382;31925,5076288
55096,29824,4466552
55102,21247,639734;28001,3111328
55103,37649,7064211;44519,8101677
55105,37671,7064263
55113,23728,1888939;24861,2396994;36129,5771133
55121,26638,2846122
55129,27395,2920007
55131,29128,4299313
55146,20609,86685
55149,33657,5501745
55151,26913,2917523
55153,26109,2844645
55154,29462,4300149
55155,24901,2397108;28069,3111565
55166,37099,6890572;39218,7254020
55168,38093,7248164
55170,24502,2230504
55173,38899,7251021
55177,23395,1633372;37575,7064037
55182,35675,5515513
55183,21540,670981
55186,27935,3111171
55189,19936,69411;41171,7669113
55190,21605,678307
55191,23712,1888898
55192,24224,2151518
55196,22859,1283498
55199,22591,1099450
55200,32869,5498986;38011,7247950
55205,38422,7249157
55206,42087,7843181
55211,27577,3110272
55212,25446,2515444
55213,24095,2137916
55217,28323,3112303;40676,7591450
55221,24287,2229873;30789,4749482
55222,21577,678202
55224,25172,2397808
55226,43946,8014595
55227,41180,7669134
55230,42711,7853370
55232,29313,4299769;39157,7251940
55236,30357,4648549
55239,40958,7667756
55249,36728,6135969
55251,27454,3109896;36662,6135627;41495,7840041
55253,40037,7380610
55264,29125,4299305
55266,25093,2397535;39679,7332140
55278,27839,3110941;43652,8013896
55279,24130,2149671;40953,7667740
55282,27628,3110405;36654,6135563
55286,34306,5511217
55288,26468,2845640
55291,23313,1469686
55293,32870,5498989;42691,7853327
55295,37320,6891163
55296,24191,2151417;33965,5509323
55308,36290,5771602
55311,23448,1801852
55312,25613,2840949
55314,23100,1370410;36973,6565082;40897,7667588
55321,25489,2515547
55331,21680,678492;36826,6196451
55339,38240,7248722
55349,22885,1283576;35161,5513527
55352,30160,4645235
55353,26246,2845022
55355,24515,2230529
55363,44148,8100463
55373,26911,2917519;42927,7934349
55381,24244,2151568
55389,35401,5514880
55390,23049,1284016
55395,32550,5435119
55397,21954,751205;33986,5509388
55398,25279,2416683;26604,2846037
55399,31668,4902877
55402,24866,2397004;41756,7840990
55403,25773,2843722;34628,5512102
55405,34348,5511433;37566,7064019
55411,24783,2396742
55412,40634,7591357
55414,25880,2843994;40785,7667136
55415,39427,7330993;39998,7380525
55427,35813,5515857
55433,25099,2397566;30978,4749946
55436,43288,7935988
55440,36948,6565012
55442,35278,5513781
55445,27347,2919873
55447,41550,7840161
55455,22678,1099719;26186,2844880
55458,30600,4649831
55460,33213,5500314
55461,33617,5501628
55463,24034,2086033
55475,34287,5511155
55479,44560,8101855
55487,27999,3111321
55488,24954,2397221
55491,27315,2919716
55516,44169,8100508
55517,20994,602291
55519,34812,5512554
55526,27886,3111052
55528,27174,2919161
55538,27554,3110212
55539,27282,2919466;28490,3112808
55541,37392,7063470
55544,31426,4816340
55552,26546,2845875
55553,27717,3110606
55560,30825,4749573;43803,8014252
55561,25702,2841157
55568,22936,1283711
55569,44419,8101444
55570,41012,7667975
55571,29718,4391772
55579,20042,85369;38971,7251184
55582,22565,1099355
55584,43338,7936363
55587,24926,2397157;27777,3110789
55599,24540,2230580
55600,26554,2845895
55605,36736,6135985
55608,27586,3110292
55612,33722,5503900
55619,44154,8100475
55627,24286,2229871;33467,5501195;39125,7251863
55628,36337,5771946
55636,30221,4648106
55638,24530,2230562
55639,41842,7841462
55640,40363,7589978
55648,33688,5503726
55649,29031,3703609;39938,7380375
55652,24258,2151597
55658,23573,1888524
55663,30183,4647839
55665,33287,5500574;37445,7063607
55666,37059,6565315;37997,7247913
55670,21154,639468
55676,28426,3112628;33799,5508817
55677,25559,2685807
55682,31701,4917759
55688,20436,86281;39346,7254471
55692,21463,670710;33492,5501262
55696,34316,5511245;43797,8014240
55705,25898,2844037
55707,27021,2918121;35020,5513103
55710,23836,2052231
55723,37547,7063978
55741,28533,3112907
55748,23697,1888860
55763,21287,670236
55785,23686,1888833;31108,4750346
55788,30308,4648354;37190,6890766
55789,31613,4816838
55793,37622,7064148
55794,33608,5501610;33922,5509165
55796,24816,2396870;26882,2917415;35423,5514939;40081,7380707;43126,7935146
55805,41894,7841594
55813,34974,5512985
55815,40202,7589242
55832,44627,8102013
55843,34097,5509673
55844,34098,5509675
55855,25275,2416676
55864,21612,678325
55866,35351,5514738
55874,19782,62926;38858,7250925;43590,7941893
55876,43567,7938171
55882,20975,602234
55885,19865,64990
55886,20871,497198;29487,4300205
55888,28904,3703155;31723,4917812
55905,24400,2230210
55906,37093,6806251
55912,34094,5509667
55913,33850,5508956
55930,38065,7248104
55933,28494,3112816
55958,42273,7844307
55959,40843,7667448
55961,21298,670261;39453,7331100
55966,32523,5435063
55971,25761,2843696
55973,22029,751400;31323,4816102
55984,28605,3254686
55996,23529,1812121
55999,20390,86178
56007,25777,2843732
56013,41942,7841706
56023,24190,2151415
56032,39509,7331257
56033,27378,2919958;27448,3109884
56034,42656,7853245
56037,32079,5077005
56040,25126,2397631;30279,4648252
56052,34359,5511455
56056,22825,1283417
56061,38835,7250875
56062,33995,5509406
56071,35755,5515707
56079,33579,5501521
56083,34161,5510661
56086,25078,2397502
56091,43482,7937970
56097,42076,7843159
56101,29942,4643804
56102,20183,85718
56103,24988,2397299
56119,26332,2845263
56121,28065,3111554
56122,43033,7934649
56125,29237,4299584;36199,5771305
56127,29287,4299711
56129,43250,7935530
56130,31995,5076686
56131,29801,4446526
56133,21519,670896
56136,27438,3109847
56137,31492,4816487
56138,29980,4643909;30189,4647852;34956,5512929
56139,27649,3110450
56140,37041,6565270
56146,29200,4299499
56148,21883,751023
56150,21474,670772
56157,31238,4750734
56159,22165,1097326
56162,35042,5513154
56163,43294,7936000
56164,39887,7380260
56167,33131,5500015;41604,7840296
56168,31142,4750444;33645,5501711
56174,37712,7064360
56180,25678,2841103
56183,40260,7589375
56184,30468,4649442;35401,5514862
56186,33464,5501188;41475,7839998
56189,27258,2919366;27532,3110153;29407,4300022
56190,35994,5656749;42080,7843167
56199,41798,7841090
56205,40638,7591365
56211,19789,62943;39136,7251885
56219,25343,2515215;31922,5076282
56221,34574,5511984
56222,39492,7331201
56227,21905,751088
56235,44157,8100484
56256,28895,3703132
56258,39962,7380435
56261,21902,751082;23912,2085692
56265,36595,6001845
56268,25841,2843892
56272,19733,76;39293,7254323;42840,7853918
56274,32060,5076950
56280,33872,5509041
56282,29708,4391743
56287,21647,678414
56291,42001,7842073
56292,19916,69350
56297,28164,3111900
56304,43481,7937968
56324,38278,7248805;39620,7331604;39624,7331610
56330,40138,7428351;41667,7840461
56339,25426,2515404
56341,20221,85833
56343,27463,3109916
56346,35822,5515897
56349,39752,7332305
56350,26425,2845534
56353,29304,4299750
56357,33500,5501284;43422,7936569
56358,28725,3521967
56359,42834,7853897
56383,33878,5509056
56385,27720,3110617
56389,38788,7250733
56397,23780,1987341
56402,38638,7249902
56418,26099,2844601;27561,3110229
56428,27810,3110862
56436,25909,2844068
56438,34019,5509489
56468,40356,7589961
56473,38594,7249575;40468,7590497
56474,33140,5500042
56475,36414,5772173
56476,30831,4749588
56478,38554,7249477
56479,27679,3110514;29643,4391569
56483,42893,7854803
56492,38521,7249397
56495,19986,69656
56497,29015,3703555;37493,7063715
56506,28757,3586898;42970,7934449
56516,23786,1987354
56518,30102,4644700
56525,39443,7331080
56526,22545,1099294
56528,35611,5515369
56543,34144,5509827
56544,22840,1283453
56548,21917,751114
56555,41769,7841020
56558,19972,69503;44251,8100838
56572,22747,1099940
56578,36849,6196524;42437,7844710
56579,38208,7248652
56584,27787,3110814
56585,31705,4917767
56587,32314,5433004
56588,34008,5509463
56590,27230,2919299
56594,44525,8101689
56598,22963,1283780
56605,24957,2397227
56611,33334,5500746;43589,7941891
56614,40313,7589487;40419,7590343
56627,38721,7250186;42588,7853042
56628,20325,86047;27225,2919286
56634,37096,6890565
56635,20973,602230
56639,39034,7251331
56640,20957,602194;36814,6196400
56643,44389,8101362
56651,19874,65016;39803,7333310
56654,30450,4649404
56655,20094,85514;24443,2230371
56662,20934,602118;21203,639602
56667,35048,5513179
56668,38826,7250857
56674,30268,4648227;35965,5598261
56675,20107,85541
56676,43925,8014542
56700,24288,2229876
56702,21964,751237
56705,39722,7332237
56708,23033,1283948;28153,3111868
56709,21898,751072;35970,5598271
56711,38453,7249223
56712,28911,3703175
56713,22871,1283537
56735,28250,3112105;34064,5509593
56736,22538,1099274
56739,26167,2844835
56743,42053,7843107
56747,23174,1370626
56750,24120,2138050
56754,28730,3521977;41029,7668017
56759,26195,2844901
56760,27020,2918116
56774,33683,5503715
56775,25449,2515451
56776,42782,7853763
56782,37168,6890725
56787,32501,5434999
56790,28831,3618095;38763,7250619
56791,42021,7842204
56797,30069,4644357;42126,7843285
56802,28015,3111358;36215,5771340
56803,25278,2416681
56807,31855,4918220
56808,36464,5830685;36689,6135708
56815,25629,2840991;34913,5512815
56823,43445,7936629
56825,21279,670217
56843,36316,5771884
56850,19814,64508
56852,30131,4644807
56859,30496,4649511
56865,42685,7853314
56870,35266,5513757
56879,30871,4749693;33640,5501699
56886,24763,2396697
56889,37692,7064316
56891,38370,7249042
56893,37750,7064572
56894,30924,4749824;34292,5511169;41725,7840623
56905,38076,7248126
56908,21340,670369
56911,23000,1283867;32778,5498621;32977,5499515
56916,28604,3254684;37370,7063417
56920,43200,7935385
56921,31867,5076129
56926,30874,4749700
56935,30070,4644359
56948,39166,7251967
56959,31814,4918096;40516,7590906
56963,35220,5513650;35627,5515408
56969,26153,2844775
56976,38753,7250288
56988,33112,5499949
57004,22467,1098477;43595,7941902
57011,23961,2085834;34891,5512761
57013,44159,8100488
57014,28134,3111825
57018,34783,5512488
57020,26981,2917895g
57050,26393,2845438
57055,28985,3703427
57056,34365,5511476
57094,27942,3111187;35703,5515587
57097,22557,1099328;30591,4649799
57100,23306,1469670;34491,5511795
57113,33419,5501068
57126,26825,2917220
57132,30176,4645295;39889,7380264
57141,32357,5434636;36610,6135460
57145,36494,5830765
57158,41774,7841030
57171,39654,7331674
57175,23621,1888669;34718,5512323
57176,41686,7840508
57183,21944,751178
57199,26902,2917501
57201,26568,2845931
57215,22931,1283696
57225,41462,7839972
57230,35327,5513948
57241,40787,7667144
57244,39910,7380310
57249,19803,62993
57270,26648,2846148;27327,2919789;37028,6565239
57272,22402,1098242
57277,24350,2230087
57280,21702,678546
57283,25669,2841086
57287,39451,7331096;44549,8101829
57289,22681,1099736
57290,39964,7380439;40404,7590188
57306,24781,2396737
57308,29390,4299981;32617,5435337
57338,39460,7331119
57339,40569,7591217;44287,8100928
57352,41205,7669189
57360,34274,5511089
57361,35402,5514884;42486,7844942
57373,26087,2844574
57374,44192,8100694
57380,25954,2844210
57381,33929,5509178
57383,40684,7592534
57388,37487,7063703;38960,7251154;40193,7589221
57395,41472,7839992;44033,8014827
57401,33455,5501165
57415,35668,5515499;36212,5771333
57427,33175,5500155
57433,21556,671022;31686,4902921
57437,41483,7840017
57440,27695,3110559
57447,23467,1801892;26139,2844720;33200,5500242;36838,6196495
57454,24321,2230004;36301,5771846
57455,20560,86540
57462,30089,4644644
57466,28833,3618099
57467,43656,8013909
57476,39010,7251279
57477,24391,2230189
57479,22061,751476
57488,31296,4816039
57492,23543,1879867
57493,27951,3111207
57497,25191,2397882;30552,4649689
57498,30123,4644777
57510,35683,5515542
57511,35333,5513960
57515,22593,1099455;27155,2919005
57516,37668,7064252
57527,41277,7676214
57531,31256,4750796
57533,23425,1633486;30153,4645216
57560,37908,7247706
57566,24114,2138025
57567,27226,2919288
57570,25052,2397449
57574,42090,7843187
57575,42930,7934355
57580,33838,5508918
57600,32519,5435051
57608,27965,3111238
57613,28672,3354783
57618,34811,5512552;42687,7853318
57622,26367,2845369;42901,7854867;43337,7936361
57623,24377,2230154
57625,21801,750788
57627,41895,7841596
57657,38944,7251121
57659,23803,2031591
57663,24647,2231418
57689,21453,670684;28818,3618067
57690,39089,7251456
57693,42624,7853157
57700,42234,7844222
57703,19742,62337
57704,28670,3354777
57708,39735,7332263
57713,44059,8100256
57726,23628,1888690;43376,7936462
57736,24915,2397136
57745,28014,3111356;40330,7589897
57749,21178,639529
57751,30792,4749488
57766,20293,85984
57778,41350,7753688
57786,21438,670648
57795,23355,1543039;29404,4300014
57801,23352,1543033;41939,7841700
57805,21372,670459
57811,28236,3112067
57813,30409,4649281
57827,38855,7250919
57830,21804,750795;38695,7250120;40152,7481180
57836,24411,2230238
57838,38488,7249308
57852,31282,4815998
57861,43512,7938038
57869,35260,5513742
57871,34810,5512550
57872,36836,6196490;42819,7853848
57880,19949,69451
57881,26621,2846081;36375,5772053
57882,39018,7251295
57885,30607,4652350
57887,32186,5397481
57898,24012,2085961;28561,3181993;34549,5511922;38105,7248191
57901,41047,7668057
57902,32169,5332411
57906,35720,5515629
57911,38922,7251074
57913,27934,3111169;43276,7935965
57920,30918,4749808
57921,41951,7841724
57925,29452,4300126
57961,34364,5511474;34978,5512996;37685,7064302
57964,22863,1283514
57967,30045,4644294
57970,23120,1370461
57972,21498,670846
57982,35793,5515809
57993,22187,1097409
57998,20548,86514
57999,38062,7248098
58000,24707,2231562;31708,4917773
58004,33572,5501504
58012,41819,7841140
58015,32946,5499428;34421,5511636
58018,27550,3110204
58019,30178,4645299
58029,34181,5510731g
58031,19845,64918;30056,4644318
58032,38130,7248250
58035,36207,5771323
58040,39651,7331668
58041,30141,4644836
58062,34769,5512452
58066,39860,7333500
58071,19743,62338;43483,7937972
58076,21888,751033
58080,29794,4391980
58081,21152,639464
58082,34302,5511207;43961,8014628
58084,37360,6891244
58090,20179,85700;39578,7331422;43423,7936572
58093,22023,751388
58096,27080,2918690
58106,20491,86388
58111,19745,62652;25942,2844183;33145,5500065
58114,26636,2846117
58118,21621,678348
58119,28457,3112721;41514,7840083
58120,21992,751314
58121,27350,2919879
58123,33051,5499743
58140,43336,7936360
58145,35572,5515279
58149,25507,2685675;34792,5512511
58151,19810,64501
58155,26574,2845945;29473,4300173;36804,6196339
58156,40265,7589384
58164,44523,8101685
58175,20337,86070;31025,4750157
58185,23654,1888757
58186,32434,5434834
58191,37065,6565333
58193,21789,750758
58197,42877,7854751
58213,25259,2416629
58221,38542,7249447;39423,7330985
58224,36461,5830680
58227,33038,5499700
58234,21666,678458
58236,27572,3110252
58243,43408,7936529
58245,27453,3109894;32298,5432967
58254,21882,751021
58261,41503,7840060
58266,36243,5771415
58267,31096,4750320
58268,23805,2031596
58269,28709,3521936
58272,29917,4643715
58273,28108,3111760
58279,40995,7667932
58300,24486,2230470
58305,34926,5512860
58307,32863,5498972;38905,7251036
58314,34631,5512108
58319,40331,7589899
58324,21807,750801
58327,30948,4749877
58330,20426,86250;22474,1098499
58332,19893,69276;22644,1099625
58339,38774,7250645
58341,40277,7589408
58352,32245,5432077
58355,34136,5509810
58356,20001,69700;39792,7332403
58358,32510,5435020
58361,25462,2515482
58363,39600,7331547;44366,8101312
58375,22889,1283586
58395,31998,5076694;42752,7853687
58399,38579,7249541
58405,31904,5076226
58411,24546,2230594;41932,7841682
58415,21095,639277
58416,20549,86516
58423,44421,8101448
58427,27514,3110077
58430,39319,7254387;41353,7753693
58435,31059,4750232
58436,25580,2840870;42481,7844836
58445,42413,7844658
58447,23229,1370785
58463,35904,5516080
58473,23631,1888696;39862,7333504
58478,26943,2917612
58496,26194,2844899
58497,22670,1099698
58498,36643,6135541
58500,24633,2231386;33303,5500640
58510,40901,7667601
58520,30228,4648122
58545,22290,1097804;26832,2917234;28309,3112253
58547,21484,670804;39207,7253998
58552,26100,2844610
58553,23269,1370895
58579,32436,5434838
58597,39345,7254467
58599,20113,85553;37689,7064310
58600,22668,1099693;24703,2231554;29375,4299945
58601,21002,602326
58607,26054,2844489;44212,8100743
58610,32774,5498602
58611,22485,1099026
58631,42292,7844348
58635,23497,1801959
58656,31029,4750165
58659,33345,5500785;43229,7935452
58662,30675,4652526;35924,5591305
58679,30171,4645269
58697,24387,2230181;32219,5397553
58700,23833,2052218
58710,36385,5772081;42929,7934353
58715,30165,4645254
58720,34186,5510770;35223,5513660;35421,5514902;37136,6890652
58724,27916,3111124;41728,7840684
58731,29503,4300245
58733,25807,2843808
58734,26374,2845386
58735,19741,62335
58764,37036,6565256
58765,30272,4648235
58766,33607,5501608;36837,6196492
58767,38189,7248611
58769,32363,5434650
58773,27958,3111221
58782,26728,2846361
58815,38017,7247962
58817,20460,86326
58831,37630,7064169
58837,32477,5434945
58843,20228,85846;30583,4649777;35542,5515211
58846,29754,4391883;36548,5925017
58847,30608,4652352
58856,25007,2397340
58858,26746,2846428
58866,33652,5501733
58870,28169,3111911
58876,25996,2844332
58880,26181,2844869;37132,6890644
58887,37926,7247746
58888,22827,1283423
58892,29117,4299285
58903,23896,2085655;30316,4648379
58907,27138,2918963;41405,7753988
58917,43143,7935255
58918,27333,2919802;32886,5499029
58921,26867,2917313
58924,26430,2845545
58932,22595,1099461;39878,7333601;41741,7840950
58933,39730,7332253
58949,22184,1097399
58950,30219,4648099
58956,20194,85742;31021,4750150;44162,8100494
58963,28548,3112940
58968,33712,5503874
58976,43010,7934570
58977,27260,2919391;29047,3703657
58995,21258,639763;29729,4391803
59002,29005,3703514
59004,31737,4917848
59009,37446,7063609;42150,7843347
59016,32826,5498790
59019,35422,5514921
59020,39561,7331388
59021,32181,5397468;38981,7251217
59026,27339,2919817
59033,32782,5498643
59034,40089,7380723
59037,26532,2845841
59050,27130,2918945;39811,7333338;42349,7844478
59051,32703,5435585
59055,31028,4750163
59063,22251,1097677;39474,7331152
59069,34624,5512094
59070,38218,7248673
59072,29216,4299536
59073,29709,4391746
59074,44562,8101862
59127,33090,5499875
59141,39850,7333463
59146,26360,2845337;31362,4816198;39852,7333469
59148,27852,3110969;39064,7251402
59161,25822,2843845;27755,3110710
59172,22362,1098108;25118,2397613
59177,41189,7669153
59185,26008,2844371
59201,23002,1283873
59207,37205,6890808
59216,42745,7853672
59224,36064,5770985
59228,23813,2031613
59229,22935,1283709
59231,34403,5511596
59233,23553,1879888
59241,25280,2416685
59246,26658,2846172;42307,7844386
59248,31974,5076618
59274,39469,7331135
59276,29270,4299668
59280,41647,7840417
59281,31642,4827749
59308,21721,678588;30291,4648285
59310,25497,2515569
59315,21054,639150;41648,7840419
59319,21374,670463;43235,7935464
59321,26159,2844789
59324,20417,86233
59325,29976,4643897;40147,7481171;44452,8101518
59326,19925,69377
59336,21630,678372;35517,5515147
59337,43320,7936318
59346,39415,7308498
59364,28471,3112750
59365,21425,670621
59366,29151,4299374
59367,25682,2841113
59370,34166,5510670
59371,35363,5514799
59375,40930,7667678
59382,37455,7063633
59405,19730,69
59406,34284,5511148
59418,37992,7247903
59419,21819,750829
59425,40975,7667879
59432,20081,85489
59433,25644,2841024
59434,36017,5656813
59445,40162,7589140
59447,42069,7843145
59457,23450,1801856;36857,6196544;43020,7934608
59458,21004,602330
59465,22049,751449
59467,29347,4299881;31396,4816266
59468,21015,602357
59472,37734,7064407
59482,42162,7843375
59486,25550,2685787
59493,40432,7590386
59501,24839,2396921;29441,4300103
59502,44005,8014752
59504,39493,7331204
59505,40211,7589260
59512,39353,7254488
59513,30339,4648504;31006,4750113
59527,32752,5498501
59533,38564,7249511
59537,28146,3111852
59542,21571,678186
59543,29532,4300315;37449,7063615
59550,43522,7938062
59553,22561,1099345;28135,3111827
59557,41307,7676291
59569,28941,3703266
59579,25811,2843817
59590,21229,639682
59599,21886,751029;25835,2843875
59602,20393,86187
59607,31473,4816447
59609,42635,7853190
59610,42540,7846716
59612,41878,7841564
59615,22739,1099919
59618,31381,4816238
59621,26948,2917628
59623,23179,1370640
59626,36779,6136117
59627,25065,2397475;35957,5598240
59631,44062,8100265
59634,28753,3586890
59660,26461,2845624
59665,28865,3703054
59667,21423,670617;24510,2230520
59670,35401,5514851
59671,-19,4391509
59676,23160,1370569
59677,26483,2845675;42556,7846765
59684,38098,7248174
59692,39991,7380511
59694,30349,4648529
59714,19966,69486
59716,40056,7380651
59724,21708,678558
59728,44065,8100271
59730,32511,5435022
59732,25628,2840989;28078,3111609
59738,20423,86244
59744,23832,2052216;42986,7934488
59746,21501,670856;34565,5511966
59747,40272,7589398
59748,33807,5508834
59762,32325,5433940
59763,42475,7844811;43935,8014562
59764,23113,1370445;38616,7249622
59766,26217,2844953;35784,5515772
59767,24827,2396896
59768,20971,602226
59771,25336,2515199
59775,23990,2085905
59779,20388,86174;30846,4749637;38031,7247998
59780,33967,5509327
59788,23140,1370517;28317,3112285
59790,25887,2844011;40117,7380790
59793,24010,2085957
59794,38838,7250881;40445,7590424
59818,23474,1801907
59828,20052,85394
59832,43436,7936613
59835,34581,5512003
59846,22883,1283571;31787,4918015
59854,22996,1283857
59862,29431,4300080;31712,4917782
59863,38469,7249263
59864,29290,4299718;40238,7589318
59865,29221,4299549;33626,5501650;41011,7667973
59868,41445,7839929
59871,34921,5512852
59872,26681,2846235;42118,7843266
59881,34497,5511807
59887,26114,2844658
59898,42480,7844826
59904,38624,7249643
59906,22146,1097263
59908,22542,1099287;43409,7936531
59909,43587,7941887
59918,28475,3112758;35136,5513474
59919,31143,4750446
59928,33933,5509224
59931,21599,678287;34739,5512376
59938,33544,5501417
59939,36683,6135693;43166,7935304
59941,28465,3112738
59947,24596,2230693
59949,31568,4816748
59951,24958,2397229
59963,30630,4652414
59965,-19,4391537
59966,26735,2846383
59967,28883,3703101
59981,40317,7589495
59982,33365,5500875
59989,32326,5433942;40832,7667289
59999,22339,1097968
60004,28012,3111352;28925,3703218;36493,5830760
60009,24756,2321001;42474,7844808
60010,33003,5499603;38516,7249378
60012,34975,5512988
60013,38977,7251196
60015,30951,4749883;34228,5510990
60019,22566,1099358
60020,40746,7667051
60021,25155,2397751;38663,7250047
60024,22692,1099764
60034,41369,7753729;41471,7839990
60035,39693,7332172
60036,42659,7853251
60037,42612,7853117
60045,31399,4816272
60046,34880,5512733
60050,34446,5511688;40227,7589296
60052,21931,751147;29035,3703618;39178,7251991;40450,7590439
60064,34279,5511104
60066,27476,3109958
60068,29049,3703664;38117,7248215
60069,36625,6135495;39538,7331330
60070,31134,4750414
60072,31520,4816549
60094,26817,2846598
60097,38309,7248905
60100,20478,86362
60104,30006,4643983
60105,33378,5500920;35381,5514832
60107,37824,7235655
60109,23557,1879896;39907,7380304
60113,20882,601991;30133,4644812;37787,7065026
60115,35117,5513338
60117,29157,4299389
60125,23547,1879875;29861,4643488
60126,26127,2844692;35304,5513868
60128,19881,69246;27391,2919998;27846,3110957;41287,7676238;44459,8101536
60129,31187,4750577
60132,44039,8014842
60136,28626,3342100;42771,7853738
60142,35285,5513819
60144,38183,7248594
60147,27165,2919028
60149,20316,86028
60151,34863,5512699
60152,41188,7669150
60165,23243,1370827
60169,40681,7591467
60171,29025,3703593
60176,24369,2230127
60177,37073,6565350
60181,21097,639282;26048,2844476
60182,32111,5243851
60191,35152,5513504
60192,42742,7853666
60203,25247,2416605
60205,44064,8100269
60210,29325,4299800
60211,32386,5434726
60219,37697,7064326
60223,23910,2085688
60224,42843,7853937
60227,28002,3111330
60234,35445,5514982
60239,23364,1543060
60248,32398,5434750
60249,35777,5515754
60258,38391,7249088
60264,39584,7331439
60265,31118,4750366
60270,32007,5076735
60273,26176,2844854
60274,43697,8014008
60279,37374,7063425
60280,43894,8014466
60291,40918,7667646
60293,25509,2685680
60296,20502,86412
60309,35936,5591335
60311,35749,5515694
60312,21828,750849;32484,5434961
60319,25329,2515184
60321,38915,7251056
60326,22360,1098095;26556,2845900
60339,23368,1543070
60343,22363,1098110
60346,32479,5434949
60366,40917,7667644
60369,41129,7669018
60374,43146,7935261;43916,8014519
60381,22870,1283534
60382,-19,4391550
60383,21172,639511
60384,20079,85483
60387,43942,8014582
60388,44586,8101913
60389,42906,7854876
60391,24471,2230431
60393,23208,1370729
60414,35181,5513571
60422,29912,4643703;40424,7590362
60424,22577,1099408;27044,2918182
60426,35834,5515922
60438,29143,4299354;34248,5511034;36799,6136163
60446,34361,5511464
60448,38923,7251076
60457,32990,5499569
60460,29203,4299507
60467,27352,2919882
60468,20936,602123
60469,44584,8101909
60473,27897,3111074
60474,20078,85481;44142,8100451
60480,24475,2230438
60481,31454,4816399
60492,37448,7063613
60494,44573,8101884
60497,24712,2231572;33143,5500059;37656,7064225
60499,39585,7331442
60521,43533,7938084
60523,39782,7332373
60530,21513,670881;24490,2230477;31347,4816155
60532,44095,8100341
60533,33637,5501679
60540,31985,5076659
60546,21999,751332
60549,43069,7934845
60550,36800,6136166
60552,25177,2397819;37914,7247718
60556,22699,1099784
60558,31618,4816848
60561,26860,2917296
60562,41422,7839875
60571,22373,1098138
60572,23172,1370621;40032,7380599
60574,23001,1283871;40941,7667704;41145,7669054
60579,27008,2917992;41720,7840590
60584,36166,5771219
60586,32700,5435577
60587,23159,1370567
60591,32986,5499541
60593,41397,7753793
60601,25791,2843768
60614,37781,7064987g
60624,25745,2841282
60633,36563,6001713
60635,34592,5512024
60645,26297,2845173;42572,7852996
60671,21934,751155
60675,34131,5509786
60678,20916,602080;39816,7333352
60680,33611,5501617
60682,30161,4645242
60688,20570,86562
60689,43915,8014512
60691,21796,750773
60692,21629,678370
60697,22539,1099276
60701,23576,1888530;38414,7249138
60703,38865,7250942;41308,7676293
60706,36393,5772122
60708,31382,4816239
60711,34140,5509818
60714,28043,3111502
60717,23050,1284019
60722,23205,1370719;27955,3111215
60724,24770,2396712
60726,27581,3110282
60729,24970,2397257
60740,21558,671027
60748,43556,7938148
60749,23465,1801889;31123,4750384
60750,40552,7591179
60751,32197,5397506
60755,22821,1283408;41413,7754003
60761,24928,2397161
60766,32621,5435349
60768,39173,7251981
60799,39863,7333509;43396,7936506
60810,25588,2840890
60821,39499,7331222
60824,35871,5516001
60841,41156,7669080
60846,24794,2396772
60849,24064,2086121
60852,32135,5243912;39188,7252019
60858,26030,2844426;33211,5500307
60866,35290,5513833
60868,24482,2230462;28668,3354766;40251,7589352
60871,24577,2230655
60882,37236,6890870
60895,20374,86145;20929,602109
60898,36257,5771444
60899,33631,5501662
60905,40182,7589199
60907,24274,2227271;38470,7249266;42336,7844448
60920,43827,8014317
60921,40536,7591144
60924,33541,5501409
60925,42844,7853953
60926,29078,3725646
60929,33793,5508807
60935,22969,1283792
60939,41610,7840314
60940,22737,1099911;38575,7249533
60945,26597,2846006
60948,27001,2917977
60962,39133,7251879;44448,8101510
60963,29623,4391556;33619,5501633
60964,27241,2919330
60979,23797,1987377;31704,4917765
60980,28734,3521985;38238,7248716
60982,42096,7843221
60983,44395,8101382
60998,43950,8014603
61019,35603,5515353;42838,7853912
61027,44540,8101810
61034,28907,3703162
61059,25184,2397869
61061,34954,5512925
61068,21600,678295
61071,22987,1283834
61078,35119,5513342
61086,21852,750916
61091,39478,7331164
61093,28683,3521833;37942,7247781
61098,24977,2397273
61109,35235,5513684
61116,28952,3703297
61118,23138,1370512;28420,3112613
61139,41698,7840532
61143,36538,5924979
61146,37314,6891151
61149,22447,1098407
61151,21381,670479
61152,33110,5499943
61156,26829,2917229
61160,19847,64924
61164,27234,2919307
61178,24031,2086023
61179,38517,7249380
61182,26083,2844565
61186,39060,7251391
61189,30458,4649420
61193,43372,7936449
61205,23212,1370738
61219,40701,7592671
61222,23509,1801991;41349,7753686
61252,44355,8101290
61254,20286,85972;41319,7753622
61262,42650,7853228
61263,29167,4299423
61269,21316,670302;35621,5515397;38177,7248580
61270,41853,7841500
61274,31110,4750350
61280,25732,2841246
61294,24234,2151543;28975,3703371
61295,27627,3110403
61307,40136,7428347;40388,7590067
61309,20557,86534
61313,25332,2515190;27113,2918892
61320,30066,4644351
61345,37786,7065023
61358,27010,2917995
61360,34216,5510963
61370,28480,3112767;42668,7853277
61385,20344,86089
61386,21989,751308;30981,4749955
61398,26827,2917224
61399,28074,3111581
61403,36452,5772281
61404,36713,6135769
61406,24293,2229892
61412,28740,3521997
61416,26143,2844733;35733,5515659;35745,5515686
61427,38049,7248068
61429,37673,7064267;40555,7591185
61430,23133,1370497;34034,5509520
61432,21204,639604
61442,20497,86400
61446,44591,8101924
61453,30320,4648387;34386,5511558
61461,31339,4816137
61476,29076,3725642
61478,39957,7380422
61479,31387,4816249
61481,22316,1097896
61483,21228,639675
61484,29297,4299733;42666,7853268
61495,29909,4643697
61504,32993,5499577
61512,30781,4748187
61517,28194,3111969
61536,33007,5499615
61542,44597,8101944
61543,33730,5503922
61544,38444,7249205
61545,35164,5513531
61546,32692,5435560;40025,7380585
61559,44271,8100889
61560,25706,2841165;31242,4750757
61561,27318,2919723
61570,30311,4648368;34259,5511056
61580,19878,65025
61586,25228,2416566;26452,2845597
61589,32414,5434790
61590,28901,3703148
61605,29851,4553153
61610,41120,7668998;42567,7852986
61615,20893,602020
61616,32950,5499437
61622,40114,7380784
61626,27316,2919719;42988,7934492
61632,27666,3110488
61644,25114,2397602;34754,5512418
61651,32532,5435082
61664,38733,7250209
61686,31959,5076390
61697,42990,7934501
61708,44431,8101468
61709,20594,86617
61710,25431,2515414;35328,5513950
61725,43412,7936537
61728,23473,1801905
61731,31122,4750382
61734,32040,5076873
61736,25440,2515431
61738,36501,5924861
61745,35421,5514906
61746,39712,7332213
61747,28538,3112918
61751,22917,1283664;37792,7065035
61762,20099,85524
61763,22654,1099655
61772,33529,5501366
61773,28864,3703052
61781,25002,2397329
61782,36767,6136081
61804,32586,5435198
61832,35897,5516062
61836,42297,7844358
61847,25335,2515197;44439,8101487
61853,23498,1801961;35837,5515928
61863,26992,2917952
61872,38158,7248427
61881,38790,7250737;42546,7846733
61896,28924,3703216
61897,28047,3111511
61905,21384,670484
61910,35590,5515319
61922,21853,750919
61925,32855,5498947
61928,26878,2917404;29743,4391852;35649,5515457
61929,30028,4644249
61934,21744,750629;27646,3110444
61939,37237,6890872;42995,7934516
61940,34641,5512133;36568,6001729
61946,23647,1888741
61957,31085,4750297
61958,31578,4816767;36575,6001757
61967,42128,7843290
61976,38254,7248754
61977,21062,639196;38143,7248397
61995,27291,2919510
61998,34556,5511936
62002,22510,1099175;34149,5509836
62009,32709,5435601;34320,5511254;35289,5513830
62010,43644,8013880
62011,22707,1099828;23247,1370836
62015,36032,5770916;38426,7249165
62019,42001,7842052
62027,40903,7667605
62028,27585,3110289;32713,5435610
62030,23524,1812106
62033,42388,7844599
62034,30216,4648093;37457,7063637
62059,40003,7380538
62078,38593,7249573
62084,21096,639280
62088,41390,7753774
62089,38703,7250145;42943,7934385
62094,35949,5598187
62095,29898,4643636
62110,24640,2231400;25604,2840931;26999,2917966;30347,4648524
62124,21413,670583
62132,34545,5511914
62135,32702,5435583
62136,32052,5076927
62137,37591,7064073
62139,31824,4918124
62142,24053,2086090
62154,38204,7248644;43470,7936715
62169,36810,6196358
62172,24073,2086140;28892,3703125;40218,7589275
62173,36919,6564922
62174,42913,7854890
62180,24461,2230410;36686,6135699
62183,22047,751445
62193,20211,85801
62202,21496,670842;39539,7331332
62209,35044,5513160;39570,7331406
62210,43309,7936288
62211,40021,7380577
62217,30449,4649401
62218,37716,7064368
62229,27968,3111244
62233,25028,2397389
62234,27303,2919686
62237,40418,7590340;44348,8101079
62243,21046,639132;43499,7938012
62255,25764,2843701
62256,23623,1888679
62257,25788,2843759
62260,32710,5435603
62263,20463,86334
62266,25183,2397867
62268,40129,7426573
62269,20373,86143;33223,5500352
62270,34076,5509618
62273,23082,1370335
62286,36160,5771202;40910,7667625
62298,31248,4750773
62299,30139,4644827
62308,32401,5434765;41020,7668000
62318,22214,1097545
62319,21739,678632;21869,750993
62324,40108,7380767
62328,26034,2844436;44074,8100289
62333,31658,4827782
62336,42491,7845105
62343,44455,8101528
62370,24731,2231613
62375,21310,670291
62380,42289,7844342
62390,33698,5503834
62392,36711,6135764
62393,36798,6136161
62396,27100,2918735
62399,24362,2230114
62401,30203,4648060
62423,38706,7250151
62426,30740,4652704;35240,5513699;40338,7589913
62427,21893,751044
62435,41294,7676257
62438,21256,639759;33823,5508888
62442,40408,7590200
62445,33828,5508897
62447,37801,7235600
62448,30968,4749922;41215,7669214;42095,7843219
62453,38288,7248834
62456,28564,3181998
62459,26547,2845879;36185,5771266
62467,23513,1801999;29255,4299627
62470,35786,5515776
62471,28118,3111783;31422,4816332
62473,34289,5511161
62478,32685,5435544
62481,23012,1283898
62498,43046,7934743
62501,22689,1099757;31354,4816170
62508,28712,3521941
62529,29479,4300186
62536,28723,3521963;41746,7840960
62539,29305,4299752;44610,8101970
62554,25797,2843781
62562,30706,4652625
62564,39484,7331181;41144,7669051
62565,43186,7935353
62568,22865,1283523
62576,26047,2844474;27023,2918136
62581,33818,5508877
62588,24695,2231536
62590,36208,5771325
62592,38620,7249630;42021,7842204
62602,23834,2052220
62607,22242,1097645
62609,20395,86191
62613,19727,62;29550,4300360
62616,26915,2917528
62617,39507,7331251
62622,41411,7753999
62638,23591,1888574
62640,44499,8101633
62643,25904,2844057
62646,28970,3703359;37246,6890988
62650,24867,2397006
62653,36774,6136101
62655,22203,1097476
62658,24050,2086084;28070,3111567
62676,28636,3342125
62677,23816,2031620;27602,3110325;28695,3521907;42229,7844206
62682,32574,5435171;42645,7853218
62690,36425,5772207
62693,26408,2845491
62694,38868,7250948
62710,44174,8100519
62716,41467,7839982
62718,35718,5515625;42568,7852988
62730,23342,1543009;36371,5772042
62737,28089,3111717;29952,4643836
62738,43163,7935298
62741,28048,3111513
62755,22706,1099826
62761,24610,2230726
62762,29924,4643755;39976,7380463
62763,32065,5076969
62765,30035,4644267
62771,40392,7590148
62776,20442,86293
62782,30836,4749614
62797,44120,8100397
62798,38167,7248560;44335,8101053
62802,23704,1888878;44240,8100806
62803,34907,5512803
62817,36245,5771419;43962,8014631
62827,23006,1283884
62837,22842,1283460
62848,40879,7667541
62849,27364,2919914
62854,25310,2515141
62877,32190,5397489
62879,22913,1283655
62881,42068,7843143
62883,27845,3110956;42416,7844664
62884,34898,5512779
62885,31113,4750356;44182,8100674
62886,28527,3112892
62888,22419,1098297;37198,6890794
62899,24094,2137914;31086,4750299
62900,24108,2138011
62903,35567,5515269
62906,26951,2917711
62911,37755,7064589
62915,27124,2918931
62919,28197,3111976;31606,4816826
62924,21047,639133
62931,32766,5498573
62932,35532,5515180
62933,40064,7380670
62934,28769,3586928
62937,33913,5509144
62940,36730,6135973
62941,20907,602061;34903,5512795;42462,7844773
62942,22254,1097687;44243,8100812
62947,25867,2843957
62966,43049,7934750
62967,26170,2844841
62971,34022,5509496
62973,-19,4391430
62975,42690,7853325
62978,43319,7936316
62979,41251,7676158
62988,36432,5772226
62989,30260,4648208
62993,41920,7841653
62998,24363,2230116;37454,7063631
63001,35774,5515748
63003,32921,5499279
63015,26131,2844702
63020,21388,670493
63023,28666,3354762
63025,23106,1370427
63027,38326,7248942
63031,23019,1283915;36517,5924918
63058,23079,1370327
63061,27447,3109881
63062,22332,1097949
63067,19940,69419
63070,43144,7935257
63088,32499,5434991
63089,35491,5515093;38926,7251082
63090,37213,6890822;37810,7235621
63091,25893,2844025
63093,24426,2230331;34233,5511000
63094,38437,7249187
63096,24704,2231556
63102,38539,7249438
63104,21757,750660
63117,21426,670623
63124,23933,2085737
63126,39000,7251254
63132,26191,2844892;27306,2919693;38659,7250036;43286,7935983
63141,30303,4648312
63145,31247,4750769;31944,5076352
63148,44067,8100275
63150,41426,7839883
63154,38060,7248091
63157,27083,2918698
63169,26710,2846318;33719,5503891
63177,29225,4299559
63183,21306,670283
63184,23963,2085838
63186,21592,678269;39504,7331242
63188,39027,7251317
63197,43401,7936514
63198,29562,4300389;38416,7249142
63203,25388,2515320;32892,5499046
63206,36895,6279784
63220,30539,4649663
63221,27060,2918232
63228,22220,1097563;36888,6279770
63233,24395,2230198;31997,5076692
63236,24668,2231473;30756,4652740
63238,35850,5515956
63239,35602,5515351;44482,8101595
63240,26739,2846391;42170,7843391;43155,7935279
63241,27629,3110407
63242,38553,7249474;40340,7589930
63251,29564,4300393
63252,38239,7248718
63260,26203,2844923;36594,6001829;43077,7934884
63270,35702,5515585
63271,39020,7251299
63272,27511,3110072
63283,38765,7250623
63285,31637,4824987;41015,7667981
63296,21618,678338
63303,22968,1283790
63313,36934,6564972
63314,31507,4816523;36556,5925037
63315,33224,5500355
63316,25938,2844172;44504,8101643
63322,24385,2230177
63334,38647,7249962
63335,24440,2230362
63339,34701,5512284
63340,37856,7235754
63352,27775,3110785;30327,4648414
63357,28657,3342176
63358,26335,2845270
63361,40291,7589439
63375,41901,7841612
63383,44250,8100836
63386,21500,670851
63390,28960,3703324;29790,4391972;42798,7853796
63392,25062,2397470
63402,23639,1888717
63403,39046,7251358;42595,7853062
63405,43538,7938097
63408,40185,7589205
63417,40057,7380653
63427,21561,678166
63428,29874,4643538
63445,32845,5498920;43583,7941878
63455,36353,5771990
63461,24004,2085941;24738,2231626;27133,2918952;32277,5432921
63462,37311,6891145
63481,21181,639538;21405,670568;23812,2031611;38119,7248219
63483,21056,639159;23977,2085873
63484,41443,7839920
63485,41499,7840054
63493,22191,1097430;27041,2918177
63497,29257,4299632;29797,4391989
63504,39242,7254147;42976,7934461
63507,29437,4300092
63509,24539,2230578;40790,7667151
63512,39614,7331582
63513,44347,8101077
63516,33861,5509020
63519,42876,7854748
63520,25583,2840880;42113,7843255
63525,37377,7063431
63526,26071,2844535;36100,5771061
63542,36049,5770953
63547,23855,2062480
63551,25158,2397756;39063,7251400
63552,42467,7844784
63557,39298,7254334
63558,24500,2230497;29706,4391737;36131,5771138
63559,35811,5515852
63566,31940,5076335
63578,44511,8101658
63589,43582,7941876
63594,37672,7064265
63601,36031,5770914
63604,31030,4750167
63609,22064,751482;35923,5591303
63622,29286,4299709
63624,25624,2840982
63627,23029,1283938
63647,20867,497183
63648,33273,5500519;38376,7249054;43746,8014123
63652,31685,4902919
63658,28393,3112521
63661,35150,5513500
63662,22555,1099323;25852,2843919
63667,20959,602198
63674,28968,3703354;43557,7938149
63679,27394,2920004;28633,3342117
63685,35421,5514901;44630,8102019
63689,38013,7247954
63691,30367,4649032;32620,5435344
63692,27436,3109827
63693,20102,85532;39375,7256280
63702,26840,2917255
63703,24709,2231566
63717,24829,2396901
63718,35227,5513668
63721,36163,5771211
63727,33060,5499764
63733,22651,1099647;35352,5514740;38184,7248596
63734,34598,5512036
63748,41673,7840478
63751,31780,4917996;36105,5771075
63756,29302,4299745
63758,40188,7589211
63773,42447,7844733
63795,-19,4391491
63805,36943,6564998
63806,24864,2396999;31394,4816263
63807,36877,6267513
63810,37083,6806231
63841,42973,7934455
63847,39008,7251274
63848,35677,5515517
63849,25253,2416616;28290,3112207
63852,42523,7845284
63853,44167,8100504
63862,27402,2920032
63864,34489,5511791
63866,25724,2841228;32106,5243837
63882,43142,7935253
63885,28727,3521971
63886,29674,4391638
63899,22999,1283865
63900,37936,7247766
63905,37095,6890563
63907,26890,2917473
63909,27397,2920011;39479,7331167
63912,30896,4749758;33252,5500452
63913,28042,3111499
63915,21894,751046
63918,24145,2149760;37161,6890709
63932,24374,2230148
63934,28006,3111338
63935,22437,1098370;33205,5500283
63938,37590,7064071
63939,27178,2919169
63945,39339,7254443
63947,40327,7589891
63949,30724,4652669
63950,25967,2844242
63952,35189,5513585
63960,34659,5512181
63961,37963,7247834
63968,24982,2397287
63969,24062,2086117;36931,6564961
63971,38297,7248857
63976,25546,2685778
63979,36319,5771890
63983,39631,7331624;40090,7380725
64003,24026,2086007
64012,30621,4652392
64013,28347,3112369
64016,33257,5500467;43559,7938153
64021,24723,2231597
64022,32281,5432932
64024,27135,2918956
64031,26459,2845611
64036,24129,2149663
64044,20581,86586
64058,20586,86597;29098,4299236
64059,21687,678510
64066,43566,7938169
64072,29696,4391704
64073,35298,5513853
64075,24127,2149652
64086,24971,2397259;43884,8014446
64090,36077,5771010
64105,24661,2231459
64112,34362,5511465;42886,7854782
64119,36921,6564933
64122,26755,2846446;31751,4917897
64123,23068,1370299;40383,7590052
64131,42737,7853653;42981,7934477
64136,22875,1283546;32974,5499508
64137,35746,5515688
64142,42470,7844796
64143,25466,2515492
64148,32426,5434817
64152,38842,7250892
64153,20869,497191;41811,7841119
64154,40164,7589144
64158,23076,1370320
64161,36688,6135706;37605,7064104
64163,42740,7853659
64169,35199,5513605
64179,25306,2515133;38811,7250785
64193,34323,5511266
64196,27575,3110267;41873,7841549
64205,43645,8013882
64206,19994,69671
64208,34536,5511892
64225,22368,1098123;42347,7844473
64227,38329,7248948
64229,29336,4299826
64230,39312,7254373
64241,39252,7254167
64243,21182,639540
64244,33549,5501430;40964,7667785
64245,35940,5591343
64265,38428,7249169
64268,40426,7590368
64269,41813,7841123
64274,23685,1888830;38924,7251078
64276,22005,751346;23345,1543017
64281,23818,2031624;28330,3112326
64297,27689,3110547
64304,42372,7844564
64308,41573,7840217
64315,21266,670192;39904,7380298
64318,39733,7332259
64320,32812,5498732;34217,5510965
64321,21424,670619
64326,23459,1801875;24588,2230679
64328,39272,7254233
64339,29721,4391784;38010,7247948;41836,7841341
64348,25096,2397560
64351,32460,5434891
64353,42002,7842078
64354,42517,7845263
64355,25483,2515534
64358,29667,4391622
64359,20157,85648
64366,28072,3111571
64367,36815,6196402
64368,23597,1888590
64369,33232,5500378
64376,36331,5771929
64386,27534,3110157
64391,42863,7854712;43100,7934941
64393,30808,4749532
64394,28090,3111720
64400,31467,4816434
64404,29547,4300354
64405,41161,7669093
64410,22010,751356
64416,29644,4391572
64418,34467,5511744
64420,36282,5771529
64434,40519,7591101
64459,34006,5509459
64480,28056,3111529
64485,38136,7248379
64486,32677,5435515
64488,25029,2397391
64491,27428,3109722
64494,32487,5434967
64495,36435,5772232
64498,30658,4652481
64501,23753,1888995;24003,2085939
64509,27441,3109862;43005,7934555
64511,24850,2396950
64512,38787,7250731
64524,36875,6267506
64529,25355,2515242
64533,34493,5511799;35613,5515373;37055,6565306
64547,34602,5512047
64548,35124,5513355
64553,24008,2085952
64554,27485,3109983;38217,7248671;40893,7667579
64563,42459,7844764
64564,39350,7254480
64565,26235,2844995
64573,21835,750862;42748,7853678
64584,26345,2845294
64586,21485,670806
64587,34202,5510917
64590,24250,2151580;41006,7667963
64598,40010,7380552
64617,41805,7841107
64618,21996,751324
64619,24124,2149617;34878,5512729
64620,40670,7591437
64623,37384,7063448;37625,7064154;40973,7667875
64627,41508,7840070;42191,7844121
64628,38299,7248882
64632,37298,6891115;42494,7845193
64635,37251,6890999
64637,31466,4816432
64654,20875,497209
64659,41263,7676186
64668,22564,1099352
64673,42727,7853633
64677,23738,1888959
64679,23550,1879881;40174,7589164
64694,-19,4391499
64696,27334,2919805
64697,31308,4816066
64698,22271,1097742
64699,24789,2396757
64700,22257,1097695;41837,7841344
64704,22043,751435;31830,4918142;37133,6890646;42275,7844311
64707,42741,7853666
64720,27824,3110900
64729,27367,2919937
64740,24257,2151595;27228,2919293;33633,5501667
64743,29192,4299480;43965,8014637
64747,24248,2151576;35710,5515609
64748,30027,4644247
64752,21946,751183;31036,4750180;42434,7844704
64756,30348,4648526
64757,21679,678490
64762,33481,5501237
64765,20175,85691
64771,30157,4645228
64776,31346,4816153
64777,24582,2230666;-19,4391474
64785,32875,5499000;42305,7844382
64786,23721,1888923
64798,39330,7254424
64801,24101,2137970
64810,34475,5511760
64814,37052,6565300
64816,28721,3521960;29663,4391613
64818,36194,5771296;38305,7248897
64820,42382,7844587
64824,38718,7250176
64831,20296,85988
64833,34606,5512055;41454,7839947
64835,22806,1190001;38961,7251160
64857,26705,2846308
64860,36486,5830737
64864,37018,6565214
64870,37359,6891242
64871,25944,2844187
64886,31709,4917775
64889,20864,497174
64896,32039,5076868;39974,7380459
64902,24487,2230472
64906,22331,1097947;30302,4648308
64913,36342,5771963;41786,7841061
64921,28889,3703118;29065,3725618
64927,35955,5598236
64931,34842,5512626
64933,42512,7845253
64939,41463,7839974
64944,39703,7332195
64950,28816,3618063
64954,43650,8013892
64958,22289,1097801;32502,5434999
64962,37120,6890617;38619,7249628
64965,39727,7332247;41642,7840407
64984,37257,6891010
64987,20873,497203;25587,2840887;30188,4647850
64988,43702,8014018
64989,21887,751031
65005,41492,7840035;41775,7841032
65008,23417,1633466
65009,42236,7844226
65010,38622,7249638;40325,7589887
65018,28862,3703048
65023,32655,5435462
65026,41612,7840318
65027,43608,8012636
65036,26509,2845735
65039,23150,1370545;41752,7840977
65049,42794,7853788
65054,27478,3109962;35246,5513714
65056,31125,4750389
65057,34987,5513026
65058,35833,5515920
65080,23682,1888824;33853,5508969
65082,23650,1888748
65084,42084,7843175
65091,22903,1283622
65102,22148,1097268
65106,-19,4391461
65108,25656,2841055
65115,29451,4300124;41281,7676226
65120,28732,3521981
65129,40467,7590494
65132,26362,2845347
65137,34539,5511898
65143,30760,4652750;40616,7591318
65144,44615,8101984
65145,33384,5500949
65151,22616,1099549
65163,26206,2844929
65167,30253,4648191
65168,23131,1370492
65179,23962,2085836;35564,5515263;41099,7668915;41321,7753625;44457,8101532
65182,22928,1283689
65183,42763,7853717
65195,25562,2840833;28404,3112547
65197,39001,7251261
65198,43430,7936591
65218,40373,7590012;43551,7938133
65220,35916,5516104
65224,23094,1370391
65231,41064,7668134
65232,42047,7843095
65233,33377,5500917
65235,26908,2917513;37201,6890803
65245,26737,2846388
65249,27355,2919890
65254,21194,639575
65255,34516,5511849
65260,37635,7064180
65262,33936,5509229
65269,43598,8012600
65279,38524,7249407
65288,44089,8100329
65304,43323,7936324
65305,22607,1099527
65307,31638,4824989;43273,7935957
65308,32310,5432996
65310,31428,4816344
65316,40825,7667268
65323,31883,5076170
65325,39754,7332309
65354,28240,3112084
65355,40563,7591205
65361,39809,7333333
65366,44611,8101972
65379,32360,5434642
65385,31372,4816218
65386,37463,7063652
65389,27274,2919436
65392,35821,5515897
65393,34172,5510691;41526,7840110
65398,30105,4644708
65400,26448,2845588
65427,22336,1097960
65434,26032,2844431
65435,27909,3111109;29895,4643626
65439,37341,6891211
65442,34563,5511962
65443,33523,5501350
65446,42333,7844442
65449,32727,5498417
65452,26185,2844878
65456,25277,2416679
65460,43331,7936340
65463,36272,5771507
65466,20141,85616;31829,4918138
65481,20632,86732
65483,31448,4816387
65484,42427,7844690
65492,38963,7251163;40747,7667053
65494,26001,2844356;35523,5515162
65496,42890,7854794
65499,23066,1370293
65505,23096,1370396
65509,31841,4918175
65516,32142,5332343
65518,28463,3112734
65521,44386,8101356
65524,38253,7248752
65525,27895,3111070
65527,32514,5435030
65528,32807,5498717;41602,7840291
65532,26950,2917709;37134,6890648
65535,21525,670911
65536,34615,5512073
65540,40805,7667204
65545,35773,5515746;39790,7332397
65551,21494,670837
65559,26976,2917795
65562,24904,2397114;30742,4652711
65566,34450,5511696;44542,8101814
65568,33289,5500582
65569,21560,671034
65570,34972,5512979
65573,25057,2397458;30497,4649513
65574,31696,4902940
65592,33679,5503703
65601,25569,2840846;39191,7252025
65613,20419,86236
65617,38156,7248423
65621,32378,5434680
65623,34996,5513047
65632,38448,7249213
65633,27548,3110200
65645,22792,1189966
65649,37893,7247673
65650,42754,7853691
65663,25231,2416572
65666,30376,4649050;42562,7852976
65668,24489,2230475
65674,32358,5434638
65676,23733,1888949
65707,33641,5501704
65717,23904,2085675
65731,31265,4815928
65772,41446,7839931
65839,20368,86135;34528,5511876;40096,7380739
65844,42880,7854760
65863,33778,5504114;41023,7668005
65881,38377,7249056
65883,28428,3112632
65885,42655,7853238
65914,40857,7667479
65923,29539,4300330
65934,38533,7249425
65937,22227,1097595;33288,5500576
65938,36024,5770901;38567,7249517
65939,21199,639590
65949,-19,4391490
65950,23752,1888992
65960,26581,2845966
66011,28678,3354795
66012,20223,85836
66035,23156,1370559
66036,44521,8101681
66037,28379,3112488;38088,7248154
66040,23069,1370302
66043,44119,8100395
66052,29886,4643605
66062,21119,639355;29420,4300051
66070,23158,1370564
66074,27187,2919192;41335,7753653
66082,32134,5243911
66083,21114,639340
66086,34469,5511748
66087,32238,5432059
66095,21102,639313
66113,34378,5511507
66117,21627,678365
66131,41158,7669084
66134,33662,5503662
66136,22341,1098020
66137,27855,3110975;36152,5771183
66142,39360,7254511
66147,21533,670928
66148,24125,2149619;28252,3112110
66171,37728,7064395
66184,21189,639559
66185,33094,5499893
66187,42764,7853719
66189,33849,5508954
66194,38349,7248996
66202,28969,3703356
66204,39777,7332359
66206,43364,7936433
66207,-19,4391482;33490,5501258
66231,26536,2845849;36657,6135569
66238,42859,7854701
66252,28177,3111928
66262,33036,5499695;41585,7840248
66266,24813,2396857;42670,7853281
66269,22824,1283414
66272,40712,7592697
66274,29228,4299565
66275,31246,4750766
66277,40698,7592569
66278,29445,4300111
66279,34288,5511158
66280,23792,1987367
66283,21437,670645
66284,31126,4750391
66285,40049,7380637
66292,22837,1283446
66305,41211,7669206
66306,33909,5509136
66317,32279,5432925
66323,32206,5397528
66326,27363,2919912
66328,24938,2397185;43708,8014030
66338,22617,1099551;29780,4391946
66339,23521,1812100
66340,30506,4649534;39558,7331378
66362,44369,8101318
66363,43158,7935288
66374,38999,7251252
66392,40812,7667225;43305,7936280
66400,39842,7333439
66411,20914,602076
66417,21692,678521;26996,2917960
66426,26514,2845745
66432,39183,7252009
66441,44337,8101057
66445,28688,3521894;36632,6135510;37708,7064351
66447,20110,85547
66454,36455,5772287;38992,7251238
66460,21867,750989;22151,1097277
66461,33386,5500955
66467,32767,5498575
66472,26287,2845143;39676,7332134
66481,36567,6001726
66513,31569,4816750;39471,7331139
66520,34047,5509555
66522,21910,751099
66523,31808,4918082
66524,41332,7753647
66531,22031,751404
66532,22674,1099710
66540,41780,7841049
66556,21473,670770;30560,4649705
66559,32161,5332394
66561,24367,2230124;41048,7668059;44156,8100484;44379,8101342
66565,41058,7668079;42320,7844413
66569,26225,2844972
66573,23744,1888974
66576,39575,7331416
66591,22241,1097642
66593,25705,2841163
66617,21347,670386
66618,20185,85727
66629,41701,7840541
66643,31229,4750708;43267,7935944
66644,23719,1888915
66646,39527,7331303
66665,27452,3109892;34056,5509574
66666,19778,62750
66668,39671,7332124
66669,30080,4644379
66673,23898,2085659
66677,23384,1633347;42574,7853000
66679,31564,4816740
66681,34476,5511762
66684,27472,3109950
66685,38625,7249646
66690,25130,2397639;33675,5503694
66695,21415,670587;35442,5514968
66696,38665,7250051
66700,41617,7840328
66703,40876,7667528
66708,24853,2396957;41089,7668885
66709,31130,4750402
66713,30360,4649015
66714,23716,1888906;41626,7840363
66715,38475,7249279;39775,7332355
66717,34044,5509545
66739,21641,678400
66743,30271,4648233;34420,5511630;36969,6565068
66744,24175,2151373;25866,2843955;39349,7254477
66745,24347,2230082;33557,5501450
66761,27062,2918630
66767,31135,4750416
66775,23194,1370676
66778,21713,678568
66781,24545,2230592
66785,28760,3586904
66786,33724,5503904
66803,30671,4652517
66809,20537,86492;36667,6135643
66810,38895,7251013
66813,39143,7251908
66815,32480,5434951
66816,27605,3110330
66821,33945,5509273
66825,28364,3112456;43830,8014323
66830,36446,5772269
66832,22856,1283491
66833,27722,3110624
66867,22258,1097699;32494,5434980;38051,7248072
66881,21658,678439
66893,22534,1099261
66894,40413,7590325;40476,7590521
66896,23969,2085851
66903,34821,5512577;34995,5513045
66921,42390,7844608
66926,33048,5499728
66934,43114,7934977
66954,33114,5499954
66955,42554,7846761
66957,32236,5432055
66964,41300,7676277
66983,33737,5503936
66996,23989,2085903
67029,33931,5509182;39482,7331177
67032,26675,2846215;37917,7247724
67033,37865,7247322;41757,7840992
67034,31738,4917852
67035,25637,2841007
67039,41868,7841539
67053,35993,5656747
67058,26035,2844441
67067,42161,7843374
67080,26704,2846306
67081,34368,5511482
67083,26029,2844423
67084,37503,7063739
67085,28472,3112753
67090,37250,6890997
67091,38491,7249314
67092,33099,5499910
67093,31331,4816120
67117,43152,7935273
67119,21750,750641;29570,4300405
67120,28625,3342098
67122,36155,5771189
67139,22789,1189958
67148,40245,7589340
67150,39276,7254271
67152,26183,2844873;33837,5508916
67159,30865,4749679
67160,23532,1812131
67167,21042,639124;39923,7380339
67177,42400,7844628
67191,33538,5501392
67200,22938,1283715;38954,7251141
67207,38958,7251149
67208,21948,751188;35902,5516076;43000,7934543
67212,26390,2845430
67224,29276,4299681
67236,33704,5503854
67238,29262,4299645
67247,44416,8101438
67253,38629,7249663
67255,30244,4648165
67256,31663,4902866
67257,26303,2845190;33733,5503928
67260,38250,7248746
67267,33080,5499839
67284,28756,3586896
67288,29219,4299543
67290,27035,2918161
67297,24886,2397062
67308,25798,2843784
67309,43784,8014211
67314,-19,4391460
67315,30446,4649395
67316,30757,4652742
67317,38677,7250076
67318,22353,1098074
67320,24001,2085935
67325,31969,5076608
67334,35016,5513095;36222,5771358
67344,37955,7247814
67347,21005,602332;36138,5771151;37773,7064844
67348,22209,1097495;37573,7064033;44588,8101917
67363,39547,7331356
67369,37641,7064196;38209,7248654
67373,43621,8012671
67380,21748,750638
67382,40620,7591330
67383,28249,3112104
67388,22493,1099098;30973,4749934;37044,6565280
67390,34124,5509744
67394,40579,7591237;42395,7844618
67407,20282,85964;32276,5432919;43041,7934708
67409,33197,5500232
67411,42796,7853792
67414,21187,639554;36176,5771240
67418,21771,750694
67422,33405,5501029
67425,39274,7254255
67439,39900,7380291
67441,36156,5771192
67442,41228,7676092
67446,31783,4918005
67449,35442,5514970
67450,31038,4750187
67459,37452,7063626
67480,21631,678374;23456,1801870;34301,5511206;36014,5656807
67485,43806,8014258
67498,35310,5513880
67501,44261,8100869
67503,39502,7331236
67512,44109,8100372
67513,26163,2844827
67515,21650,678421
67527,23440,1633524;34600,5512040
67540,38896,7251015
67551,39289,7254315
67553,35214,5513638
67563,25992,2844324
67564,21048,639135
67566,24525,2230551;41331,7753645
67574,34198,5510902
67584,19840,64561;26649,2846150;41437,7839905
67597,37460,7063643
67598,22394,1098213;24420,2230317;43101,7934943
67606,32180,5332438
67607,37045,6565282;37130,6890639
67610,26545,2845873
67621,29803,4446547
67627,27866,3111007
67629,21980,751279;38295,7248848;44040,8014844
67633,21864,750984
67634,25529,2685733;34299,5511195
67639,38210,7248656;39156,7251937
67640,29546,4300352;36656,6135567
67645,38463,7249246
67646,27412,2920226
67650,30551,4649687;34650,5512156;36816,6196404
67658,32630,5435408
67668,32423,5434811
67677,23527,1812117;33915,5509148
67680,31483,4816469
67694,34989,5513030
67697,24787,2396750
67708,39759,7332319
67726,30052,4644310
67729,33012,5499629
67731,25034,2397400
67734,40043,7380625;42724,7853627
67740,33789,5508798
67761,40333,7589903
67765,35805,5515837
67784,32942,5499418;43248,7935526
67789,34846,5512639
67792,40577,7591233
67808,38749,7250245
67809,20187,85730
67810,23665,1888783
67811,40367,7589987
67812,43530,7938078
67813,21293,670250
67821,26013,2844385
67822,35935,5591330
67823,37430,7063552
67825,33562,5501484
67827,24697,2231540;39832,7333405
67843,42862,7854710
67845,19846,64920;25698,2841147;31580,4816770
67846,38560,7249489
67848,27844,3110954
67852,30286,4648273;33398,5501005
67853,23021,1283921
67856,42824,7853867
67861,27112,2918761;30572,4649731
67864,30537,4649659
67865,34686,5512249
67868,35176,5513556
67875,19962,69477;35294,5513845
67881,21333,670351
67897,28517,3112868;33268,5500503;40153,7481181;40385,7590058
67909,25729,2841240;42610,7853111
67912,28178,3111930
67913,21464,670713
67917,27492,3110004
67918,33587,5501541
67928,43188,7935357
67960,37310,6891142
67966,21421,670605
67991,39162,7251959
67994,23953,2085811;24104,2138002
68009,38985,7251224
68023,36551,5925024
68025,36677,6135674
68027,34733,5512364
68030,37085,6806235
68031,34582,5512004
68036,30526,4649638;40429,7590377
68039,35483,5515077
68043,24652,2231431
68045,29658,4391601
68056,27592,3110304
68057,43692,8013995
68062,26971,2917784
68074,44024,8014807
68078,20375,86147
68079,29755,4391885
68097,40963,7667774
68098,43262,7935934
68102,29053,3703676;39045,7251356
68123,39871,7333587
68124,25370,2515274
68132,26022,2844407
68133,25581,2840874
68143,40762,7667087
68144,23971,2085855
68150,31713,4917785
68159,36775,6136103
68160,20020,69742
68161,20471,86350
68163,44301,8100978
68166,39808,7333325
68167,22895,1283600;27795,3110830
68171,44465,8101558
68182,38897,7251017
68188,39563,7331392
68194,28739,3521994
68195,34453,5511702;39695,7332176
68198,28850,3702997
68211,29494,4300224;30722,4652664
68213,29391,4299984;44606,8101962
68216,26107,2844636;44392,8101373
68218,21851,750914;35174,5513551
68219,22358,1098089
68227,27858,3110981
68228,34690,5512257
68238,44219,8100761
68240,22634,1099596
68242,24548,2230598
68247,22154,1097285
68253,22311,1097878
68255,24439,2230361
68262,36197,5771301
68263,41033,7668025
68264,24974,2397266
68279,20335,86066
68280,32522,5435060
68309,26549,2845885
68312,34945,5512907
68324,41278,7676216
68329,25691,2841135
68332,35598,5515343
68335,21780,750733
68336,20623,86714;42171,7843393
68346,21387,670491;34276,5511093
68354,22686,1099749
68362,36445,5772267
68368,36050,5770955
68371,42304,7844380
68374,24409,2230234
68380,20009,69716;27518,3110085;43246,7935522
68397,22780,1100034
68398,21072,639220
68406,22620,1099559
68408,38219,7248675;39939,7380377;42100,7843229
68410,24961,2397238
68412,34363,5511472
68413,35654,5515467
68414,38566,7249515
68430,24573,2230646
68438,30287,4648276
68439,30220,4648101
68443,28163,3111898
68451,22272,1097744;33820,5508880
68453,39442,7331078
68455,30399,4649100
68456,26436,2845558
68459,25060,2397464;34749,5512408
68469,38857,7250923
68471,40012,7380556
68482,40028,7380591
68483,30368,4649034
68490,43058,7934788
68491,25946,2844192;34225,5510984
68492,30257,4648201
68496,42887,7854785
68499,26317,2845224
68508,24947,2397205
68509,35340,5514642
68513,33263,5500484;44614,8101983
68519,21906,751090
68520,20219,85815
68527,25074,2397494;43893,8014464
68533,30577,4649741
68535,25238,2416586
68537,21055,639154;34389,5511564
68538,38102,7248185;42842,7853928
68544,28634,3342120;34654,5512166
68550,24166,2151346;37473,7063672
68556,20885,601998
68561,33831,5508903
68585,29156,4299387
68586,38314,7248915
68591,38304,7248895
68594,36284,5771564
68601,29242,4299597
68603,30505,4649532;30758,4652744
68606,41333,7753649;44193,8100696
68607,42461,7844773
68608,37413,7063515
68609,39944,7380390
68610,29422,4300056;44532,8101703
68618,34839,5512617
68620,35988,5656735
68621,43362,7936424
68622,37364,7063400
68625,35088,5513270;38909,7251044
68629,31268,4815935
68631,28806,3618042;37091,6806247
68642,23091,1370384;31514,4816538
68647,36401,5772143
68648,39915,7380320
68649,31378,4816229;34540,5511900
68651,34495,5511803;40023,7380581
68653,40329,7589895
68657,22906,1283638;41923,7841659
68658,39410,7308487
68659,30559,4649703
68667,39858,7333487
68676,37371,7063419
68681,32545,5435109
68682,28772,3586936
68683,42049,7843099
68684,42918,7854900
68686,38345,7248988
68702,36300,5771622
68714,30829,4749582
68717,29140,4299343
68730,34319,5511252
68731,20892,602018;28774,3586941
68738,22215,1097548
68747,27261,2919396;42442,7844723
68750,21637,678387
68753,30202,4648057;39258,7254194
68757,37197,6890789
68762,35577,5515289
68765,42900,7854861
68781,28717,3521951
68783,32464,5434902
68785,37471,7063668
68791,37952,7247801;38124,7248233;43515,7938044;43988,8014686
68797,41669,7840470
68803,32827,5498793
68814,38690,7250105
68815,34951,5512919
68822,20174,85690;31908,5076235
68828,23277,1370914
68830,35079,5513249
68843,35128,5513363
68844,32670,5435495
68845,31480,4816460
68856,29378,4299951
68871,33159,5500110
68886,29892,4643618
68895,22712,1099840;36085,5771029
68902,41101,7668925
68905,33214,5500317;39827,7333390
68906,37768,7064742
68907,37118,6890612
68910,23711,1888896
68911,33659,5501748;37293,6891106
68914,28201,3111986
68925,36167,5771221
68929,39540,7331339;40055,7380649
68932,36154,5771187;37594,7064079
68939,28409,3112570
68965,37956,7247816
68966,35880,5516024
68976,41938,7841699
68980,34719,5512325
68986,32838,5498895
68995,25351,2515231;37637,7064184
69000,43818,8014299
69019,43691,8013993
69020,24237,2151550
69026,20216,85810;37938,7247770
69027,25607,2840937;26024,2844411
69028,23869,2062519
69031,41151,7669070
69032,40328,7589893
69040,24840,2396926
69042,29661,4391610
69054,30802,4749520;41031,7668021
69056,35890,5516048
69065,32540,5435097
69074,22015,751367
69075,37466,7063658
69085,19934,69401
69099,31321,4816099
69101,35919,5516110;44338,8101059
69108,19944,69434
69113,23389,1633359
69114,25480,2515525;26850,2917275
69120,20308,86013;30182,4647837;39822,7333375
69124,34570,5511976;42359,7844498
69127,41224,7676084
69129,20540,86498
69139,28438,3112653
69141,21926,751135
69148,42196,7844131
69151,20992,602285
69158,19968,69494;25567,2840842
69160,28023,3111375;41890,7841586
69162,35682,5515537
69169,42323,7844422
69175,29130,4299317
69176,28784,3617965;37645,7064203
69177,26086,2844572
69183,29538,4300328
69185,43389,7936487
69186,28617,3254716
69190,22974,1283804
69196,33472,5501208
69207,38134,7248376;44007,8014756
69209,26718,2846335
69210,27940,3111181
69216,27134,2918954;35896,5516060
69217,36228,5771373
69228,32383,5434720
69236,37682,7064296;37883,7247605
69239,25049,2397443
69244,19849,64929
69245,41195,7669165
69248,34743,5512396;43649,8013890
69253,37624,7064152
69255,35300,5513857
69257,35443,5514978
69259,19989,69661;37516,7063765
69261,20908,602063
69262,24973,2397264
69266,32160,5332387
69268,33660,5501757
69275,25405,2515357
69281,31616,4816844;34858,5512663
69295,35363,5514803
69297,27160,2919015
69318,23620,1888664
69319,38709,7250157;44146,8100459
69320,25226,2416563;40960,7667767
69328,20111,85549
69333,39198,7252040
69340,20077,85479
69343,22621,1099563;43283,7935977
69345,27594,3110308;40617,7591320
69353,38332,7248954;43087,7934902
69377,32846,5498923
69380,33854,5508971
69382,32057,5076940
69383,22323,1097927;25045,2397425;40655,7591403
69394,37929,7247752;38252,7248750
69395,38936,7251102
69396,26970,2917782
69423,36739,6135992
69436,32924,5499286
69442,22873,1283542
69446,38752,7250254
69458,43920,8014530
69461,39835,7333414
69463,27707,3110586
69468,32909,5499096
69470,28910,3703169;40058,7380655
69480,22264,1097720
69490,35270,5513765
69503,21124,639368;27488,3109994;41371,7753733
69509,38343,7248984
69520,23439,1633522
69521,33310,5500662
69534,35168,5513539
69535,32881,5499019
69537,39495,7331210
69541,39534,7331317
69547,41067,7668140
69551,24858,2396985;39675,7332132
69566,21389,670495
69589,42853,7854689
69590,38066,7248106
69592,33960,5509310
69600,33680,5503705
69601,21468,670731
69604,37216,6890827
69608,44361,8101302
69610,20462,86332;22348,1098058;35358,5514752
69611,25808,2843810
69615,37348,6891222
69618,31510,4816529
69620,24375,2230150
69621,30092,4644671;43777,8014197
69624,28466,3112740
69627,24093,2137913
69634,35261,5513749
69636,36840,6196500
69642,35471,5515035
69654,30417,4649299
69661,34170,5510686
69676,41414,7754005
69688,25073,2397491;42866,7854718
69691,42195,7844129
69693,28532,3112905
69695,26391,2845433
69703,19863,64986
69707,36221,5771357
69708,36013,5656805;39668,7332118
69723,27025,2918139;29264,4299649
69724,27221,2919276;28174,3111922
69729,33581,5501529
69733,27220,2919272
69736,19959,69470
69744,24086,2137871
69747,20177,85695
69748,28894,3703130
69749,38559,7249487
69753,24711,2231570
69765,25844,2843899
69766,39580,7331432
69767,26626,2846095
69772,21586,678251
69773,31406,4816288
69785,21585,678249
69789,24163,2151339
69790,36985,6565124
69804,29833,4466570
69805,32176,5332429
69819,22202,1097473
69826,41077,7668165
69847,23717,1888908
69848,34338,5511400
69860,28303,3112239
69881,41897,7841601
69896,23273,1370904
69897,35487,5515085
69898,28656,3342174;34680,5512234;37888,7247657;44171,8100512
69901,33569,5501498
69903,42249,7844255
69912,28992,3703448;42398,7844624
69935,30883,4749730
69938,27328,2919792
69943,30910,4749792
69952,34033,5509518
69961,43933,8014558
69963,32658,5435468
69974,24836,2396915
69982,30788,4749480;33894,5509100;34430,5511653
70006,31311,4816073;34647,5512148
70010,32048,5076916;42712,7853372
70012,23885,2085631
70018,25983,2844279;32409,5434781
70019,40239,7589320
70020,28994,3703460;39829,7333396;41955,7841732
70024,40780,7667127
70026,20614,86694;32362,5434648
70027,39854,7333475
70034,21675,678479;39914,7380318
70046,35697,5515575
70058,38978,7251198;39971,7380453
70070,36321,5771898
70075,19997,69681;41676,7840484
70079,36453,5772283;41136,7669032
70081,36912,6564902
70082,35357,5514750
70083,30925,4749826
70089,31138,4750425;40576,7591231
70102,43754,8014139
70104,26479,2845664
70107,38275,7248799
70119,34799,5512525
70121,42362,7844543;44435,8101479
70123,37068,6565340
70124,21817,750825
70141,42563,7852978
70146,26874,2917396
70159,31361,4816198
70160,42111,7843251
70173,29998,4643958
70176,34734,5512366;43437,7936613
70185,23333,1469744
70191,43707,8014028
70206,37885,7247651
70208,32321,5433933
70216,44531,8101701
70217,32624,5435396
70218,26920,2917540
70219,41918,7841651
70224,26696,2846269;26944,2917615
70225,42719,7853392
70226,30961,4749911
70227,27309,2919700
70231,22236,1097618;32566,5435154
70241,42021,7842205
70246,38604,7249598
70250,35064,5513219
70257,31882,5076168
70262,30043,4644289;42808,7853819
70263,23584,1888555
70273,23048,1284013
70275,26142,2844731
70279,30053,4644311
70291,31665,4902871
70295,21417,670591
70298,33536,5501388
70319,39149,7251920
70320,28843,3702981;31439,4816367;39016,7251291
70322,41148,7669062
70323,22234,1097613
70328,32375,5434674;40263,7589380;43265,7935940
70332,20953,602186
70333,31104,4750338
70334,21873,751002;38078,7248130
70335,21445,670665;33275,5500528
70336,21722,678590;-19,4391493
70341,20902,602051;27656,3110466;32803,5498708;42200,7844141
70345,21785,750750
70349,21832,750856
70351,39892,7380271
70359,30479,4649465
70364,24392,2230191
70366,21284,670231
70367,36555,5925033
70374,33354,5500829
70407,31660,4827786
70408,36801,6196321
70412,20045,85375;44377,8101338
70416,31275,4815980;41451,7839941
70420,38132,7248254
70422,36191,5771285
70428,37737,7064413;40396,7590160
70432,29978,4643903
70440,21410,670578;23176,1370631
70449,27404,2920038
70454,22759,1099972
70456,27936,3111173
70474,36889,6279772
70477,21929,751143
70478,24614,2230735
70479,36023,5770899
70480,34730,5512358
70484,33193,5500218;42952,7934404
70489,28573,3182028
70494,24177,2151378;24228,2151527
70495,22461,1098461;36202,5771314;43602,8012618
70505,43190,7935362
70512,38549,7249461
70514,44530,8101700
70515,23392,1633365
70517,40031,7380597
70527,35126,5513359
70530,22754,1099959
70538,21766,750684
70540,44222,8100767
70544,38645,7249956
70548,22860,1283504
70554,34480,5511770;42607,7853102
70556,40645,7591382
70560,33672,5503687
70571,35100,5513298
70574,35814,5515860;38353,7249004
70585,21295,670254
70601,44252,8100845
70602,22868,1283530
70606,43779,8014201
70614,38467,7249257
70620,21971,751257
70627,37536,7063953
70653,34103,5509687;42356,7844492
70659,40605,7591296
70662,20932,602115;35276,5513777
70665,35280,5513797
70676,20237,85863
70678,38910,7251046
70685,30834,4749610
70707,43472,7936721
70711,34203,5510919
70716,22992,1283846
70750,30943,4749866
70771,38993,7251240
70772,31905,5076228
70781,22509,1099172;30500,4649519;32415,5434792
70795,40819,7667246
70816,43744,8014119
70828,19808,64487
70832,23605,1888613
70834,30558,4649701
70835,36280,5771523
70846,23469,1801896;41292,7676253
70848,38482,7249296
70855,30104,4644706
70856,28103,3111748
70877,41257,7676170
70882,21763,750675;30963,4749913;35053,5513193
70884,20518,86452
70885,29534,4300320
70888,29673,4391636
70889,25639,2841012
70901,22599,1099473;23180,1370642
70904,34856,5512659
70910,41516,7840087
70929,31269,4815940
70932,24771,2396714;32262,5432891
70966,26716,2846331
70980,28440,3112661
70983,23431,1633499
71015,22934,1283707
71016,25873,2843976
71028,27467,3109924
71029,41693,7840522
71030,41403,7753984
71047,36803,6196337
71056,41365,7753721
71065,28204,3111992;30837,4749616
71076,31312,4816075
71079,30921,4749819
71081,39326,7254416
71084,39883,7380252
71090,28373,3112476;38122,7248229
71096,34834,5512607;40283,7589423
71101,24946,2397203
71102,29285,4299706
71107,22688,1099753
71116,31630,4824967
71120,37389,7063464
71129,38628,7249660
71140,24503,2230505
71144,29096,4299232
71156,21378,670471
71164,40148,7481173
71176,20535,86488
71177,40074,7380690
71178,21737,678623
71179,33773,5504104
71186,42135,7843314;44284,8100922
71190,26209,2844935;28318,3112287
71197,24721,2231593
71202,38412,7249134
71214,31962,5076592
71219,38262,7248773
71223,37868,7247328;43339,7936365
71233,21986,751302
71236,23903,2085673;44165,8100500
71237,34096,5509671;38300,7248883
71239,40158,7481190
71240,24082,2137767;29960,4643856;31468,4816436
71241,36571,6001742
71242,25831,2843865
71249,42339,7844454
71250,23472,1801903;38707,7250153
71251,32948,5499432
71255,22571,1099377
71260,20255,85900
71267,28487,3112801
71274,44235,8100793
71306,32822,5498781
71316,22513,1099183;33588,5501543
71319,31954,5076378
71343,24260,2151603
71344,30379,4649056
71353,35767,5515734;38193,7248619
71360,34041,5509539
71364,27469,3109938
71368,27567,3110241;37739,7064417
71369,43929,8014550
71373,28890,3703120
71375,34705,5512291
71377,25712,2841176
71378,41675,7840482
71380,26763,2846464;40465,7590488
71381,31159,4750504;44604,8101958
71384,19839,64559;25863,2843948
71385,31172,4750540
71390,22731,1099895
71397,19802,62991;40642,7591376
71419,37968,7247844
71428,32123,5243885
71430,24210,2151476;33599,5501588
71441,42903,7854870
71442,26613,2846056
71444,36527,5924948
71455,29707,4391739;36924,6564946
71482,39055,7251376
71484,28902,3703150;29066,3725620
71496,26348,2845301;38245,7248736
71498,40804,7667201;40823,7667262
71499,21139,639402;30340,4648506
71500,30114,4644748
71501,19815,64510
71503,39169,7251973
71504,24522,2230545
71513,35899,5516066
71514,26238,2845001
71521,37255,6891006
71522,29361,4299915
71530,33605,5501604
71541,26691,2846258
71553,19728,64
71554,20536,86490
71559,39853,7333472
71562,24676,2231492
71572,21915,751110;21937,751160;33057,5499756
71584,35249,5513720
71585,21740,678635
71591,43866,8014407
71593,25610,2840944
71598,19884,69253
71601,38795,7250747
71603,28786,3617974
71604,29314,4299771
71605,39935,7380368;44269,8100885
71615,36139,5771153
71618,39729,7332251
71627,35185,5513577
71633,25806,2843805;34708,5512302;42566,7852984
71637,44035,8014831
71642,20072,85469
71645,33668,5503676
71646,24280,2227296
71647,38432,7249177
71649,42984,7934484
71653,35182,5513571
71655,34210,5510951
71662,26823,2917217
71675,35441,5514943
71681,42189,7844117
71690,25069,2397483;32309,5432994
71694,39571,7331408
71695,38419,7249148
71698,23201,1370710
71703,20151,85637
71717,23964,2085840
71718,38035,7248032
71720,25416,2515380
71729,22418,1098294
71732,32346,5434615
71734,31918,5076270
71742,27285,2919474
71744,37386,7063457
71745,23422,1633480
71746,37243,6890883
71748,31171,4750538
71749,21079,639236
71753,21978,751274
71762,29430,4300077
71767,22377,1098152
71771,22315,1097893;22849,1283476
71785,20281,85963
71786,43591,7941895
71787,42701,7853352
71788,34886,5512748
71796,32756,5498523
71802,43355,7936407
71805,40625,7591339
71809,27741,3110681
71817,28728,3521973
71818,40981,7667894
71824,35461,5515009
71828,21112,639335;25406,2515360
71834,22815,1190021;33319,5500685
71839,27482,3109975
71843,25589,2840892;30331,4648422
71844,29454,4300130
71849,27343,2919865
71852,29146,4299360;41517,7840089
71859,25978,2844265
71863,43871,8014417
71869,44275,8100904
71882,33127,5499998;43742,8014115
71889,25382,2515304
71890,35785,5515774
71897,36370,5772040;41421,7839873
71899,20919,602087
71906,22583,1099427
71910,26576,2845951
71915,36164,5771214
71916,22549,1099310;41337,7753657
71920,30451,4649406
71928,21881,751020
71932,27371,2919945
71934,36872,6267499
71946,32821,5498780
71947,38259,7248764
71948,28058,3111533
71956,40721,7627600
71958,20506,86420
71963,42237,7844228
71967,23449,1801854
71974,24091,2137908;33716,5503883
71977,31176,4750549
71989,43790,8014223
71991,37828,7235664
71993,43675,8013951
71994,21036,604967;21646,678412
71996,36488,5830741
72001,27885,3111050;32606,5435313
72005,21700,678540
72008,36036,5770927
72010,30635,4652426
72015,29953,4643839;44242,8100810
72026,29144,4299355;38390,7249086
72029,21454,670686
72030,32247,5432081
72035,38028,7247992
72042,37909,7247708
72049,20601,86670
72050,44209,8100737
72058,28819,3618069
72061,42850,7854683
72075,40527,7591120
72079,36884,6279762
72086,21105,639320
72092,34107,5509695
72093,33488,5501254
72094,23911,2085690
72098,29063,3725614
72102,41406,7753990
72103,20977,602238
72104,25359,2515251;38064,7248102
72105,40513,7590876
72115,29370,4299934
72118,27792,3110823;33864,5509025;43479,7937964
72122,44324,8101028
72126,37040,6565264
72136,35232,5513678
72145,23412,1633455
72149,35015,5513093
72150,36977,6565096
72151,23038,1283973;37967,7247842
72162,22250,1097674
72185,35248,5513718;40446,7590427
72188,33325,5500707
72189,24425,2230329
72190,24717,2231582
72198,26064,2844518;39787,7332388
72203,35037,5513141
72204,31359,4816189
72207,20512,86431;25782,2843746;33796,5508813
72208,34148,5509835
72219,40773,7667109
72231,20888,602010;42077,7843161
72235,34964,5512955;36682,6135688;41386,7753766
72236,38020,7247968
72239,29438,4300095
72240,31728,4917827
72244,34143,5509825;38374,7249050
72246,33638,5501686
72247,21264,670186;24780,2396733;40121,7426559
72253,27184,2919186
72258,34380,5511523
72261,37461,7063649
72263,30807,4749530
72280,23487,1801935;41060,7668127;42825,7853870
72285,37518,7063769
72294,36670,6135650
72303,44380,8101344
72322,30927,4749830
72326,31230,4750710;43006,7934558
72329,33362,5500860
72347,39317,7254382
72351,24483,2230464;35000,5513055;43454,7936647
72352,21861,750979
72353,43881,8014440
72357,33420,5501070
72360,30516,4649615
72361,39206,7253996
72371,26146,2844743
72372,23230,1370788
72373,39286,7254304
72377,42706,7853360
72380,24933,2397174
72391,37796,7065042
72396,21784,750748
72397,28851,3703000
72399,30888,4749741
72401,44129,8100421
72407,42267,7844294
72410,28502,3112835
72411,37333,6891191
72412,26164,2844829
72416,39179,7251998
72418,23330,1469730
72430,27180,2919175
72439,25117,2397609
72441,28216,3112018;41237,7676111
72443,35597,5515341
72451,37519,7063771
72467,34218,5510967
72498,36630,6135506;38493,7249318
72509,34761,5512437
72516,26415,2845508
72522,38772,7250641
72525,26731,2846371
72527,22648,1099639
72537,32865,5498976
72540,39652,7331670
72541,40320,7589506;41748,7840964
72550,40231,7589304
72556,43890,8014458
72562,20164,85672;43528,7938074
72563,29712,4391758
72576,30663,4652499
72577,33425,5501084
72581,37103,6890583
72593,43842,8014355
72596,24283,2229863
72607,41246,7676148;44590,8101921
72614,21346,670384
72617,38186,7248600
72618,29698,4391708
72620,36687,6135701;44105,8100364
72622,31541,4816696
72625,39795,7332412
72626,29689,4391677
72637,29779,4391943
72638,24099,2137934;31821,4918118
72663,20625,86718;35664,5515491
72666,20493,86392
72711,41949,7841720;42909,7854882
72713,43704,8014022
72716,23004,1283878;39709,7332207
72717,25975,2844259
72718,23420,1633473
72734,28297,3112224
72737,22036,751417;36819,6196429
72764,32847,5498925
72765,35180,5513564
72766,28287,3112202
72776,20911,602069
72777,37164,6890717
72778,25404,2515355
72781,32555,5435130
72782,31984,5076651
72795,35086,5513266
72799,28243,3112092
72810,20140,85612
72813,42592,7853053
72814,24410,2230236;39999,7380527
72825,35022,5513110
72839,24855,2396970
72841,30190,4647854
72842,23234,1370801
72844,26386,2845420
72846,28476,3112760;34088,5509656
72852,35442,5514963
72858,29567,4300399
72871,36484,5830731
72880,27059,2918225
72893,28632,3342115
72894,37944,7247785
72897,39884,7380254
72898,20254,85898;38884,7250990
72926,32578,5435179
72927,33401,5501016
72928,36053,5770962
72938,44628,8102015
72943,26463,2845629
72945,40639,7591367
72955,22034,751411
72959,40387,7590064
72967,36249,5771427;38802,7250762
72975,37717,7064370
72978,20626,86720;43592,7941897
72986,32971,5499501
72987,24618,2230742
72992,33266,5500497
72993,28912,3703176;35090,5513274
73000,28835,3618103
73001,27480,3109966
73004,34818,5512566
73009,23671,1888797
73016,43860,8014395
73024,32353,5434629
73031,21591,678263
73034,30143,4644838
73066,31573,4816758;39734,7332261
73082,21890,751037
73093,30509,4649539
73101,31632,4824971;41556,7840173
73104,29159,4299394
73106,27074,2918674
73109,34488,5511789
73126,31878,5076157;41927,7841667
73127,23879,2085611;44051,8014866
73133,29021,3703580;40831,7667286
73141,35221,5513657;43682,8013975
73151,37309,6891140
73155,37658,7064229
73159,28160,3111885
73162,40718,7592709
73163,37534,7063949
73166,32348,5434619
73180,37532,7063945
73182,34681,5512240
73199,29042,3703643
73200,28084,3111708;31277,4815984
73204,27111,2918759
73215,41130,7669020
73223,37067,6565336
73226,21791,750763
73239,29055,3703686
73240,31866,5076108
73249,30475,4649456
73255,22176,1097364;24358,2230104
73266,35030,5513126
73267,24273,2227269;27329,2919794;31304,4816059
73268,28284,3112196;28386,3112507;42342,7844463;43516,7938051
73269,33195,5500227
73270,21029,604953;42677,7853295
73274,20990,602281
73278,35757,5515711
73284,20401,86203;27037,2918167;34310,5511228;40862,7667496
73295,42485,7844910
73296,19729,68
73306,24857,2396983;39613,7331580
73308,42910,7854884;43385,7936479
73309,24670,2231477
73315,30934,4749845;44288,8100935
73329,32916,5499255
73331,27340,2919856
73340,39422,7330983
73362,31416,4816308
73366,34346,5511429
73397,40189,7589213
73398,26523,2845819;41737,7840865
73399,23310,1469679
73400,37541,7063968
73415,22198,1097455;34209,5510949
73416,44390,8101369
73418,24684,2231513;36281,5771528
73419,24014,2085968
73421,37754,7064586
73422,26250,2845031;32058,5076942
73423,32960,5499460
73433,23874,2062529;39647,7331660;43148,7935265
73434,39523,7331295;43373,7936451
73452,32439,5434843;36447,5772270
73457,34927,5512862
73463,25861,2843945
73471,23582,1888551;24924,2397153
73473,33751,5504045
73475,29101,4299245
73476,33029,5499678;43517,7938052
73486,20578,86578;21255,639757
73497,25383,2515310
73499,37345,6891217
73502,37482,7063693
73534,25965,2844237;34933,5512874
73538,24365,2230120;38290,7248838;42787,7853773
73545,42870,7854731
73547,28979,3703383
73550,44570,8101878
73560,20266,85933;42260,7844277
73574,26446,2845584
73575,35118,5513340
73578,33977,5509348
73598,34443,5511682;37515,7063763
73605,31992,5076678;41935,7841689
73606,22554,1099321;33476,5501220
73607,25180,2397826;25963,2844232;44468,8101564
73618,30021,4644233;37007,6565187
73628,36239,5771399
73641,28671,3354781
73650,30278,4648248
73659,24746,2320981
73660,38834,7250873
73661,24360,2230108
73671,28663,3354751;33614,5501622
73684,20093,85512;32837,5498893
73685,26333,2845265;36409,5772160
73690,35147,5513494
73691,35539,5515194
73694,32086,5166502;35423,5514930
73695,41399,7753978
73714,21409,670576;32824,5498786
73718,43851,8014374
73725,27120,2918915
73726,23743,1888972
73738,28097,3111734;41176,7669123
73744,23907,2085681
73745,43651,8013894
73753,33101,5499919
73760,23134,1370501
73778,30556,4649698
73779,33300,5500629
73781,36822,6196439
73787,21218,639640
73804,26713,2846324
73817,22636,1099601
73820,32377,5434678
73824,41712,7840568
73830,29323,4299794
73835,37691,7064314
73850,23614,1888650
73864,43932,8014556
73868,23915,2085699
73877,21017,602361
73879,42141,7843331
73881,20331,86059
73882,36842,6196508
73891,34906,5512801
73898,22748,1099943;23434,1633506
73929,22659,1099670;35127,5513361
73931,33746,5504034
73935,28623,3342094;38420,7249150
73943,29288,4299713
73945,35601,5515351
73952,25522,2685717;34050,5509561
73962,33468,5501197;37209,6890814
73963,29816,4446590;40972,7667873
73968,19738,86
73972,42964,7934437
73974,44469,8101566
73996,39115,7251511
73997,34522,5511864
73999,41608,7840308
74000,29033,3703613
74018,27415,2920232;36835,6196488
74032,39836,7333417
74034,42524,7845286
74045,33130,5500012
74047,28576,3182035;43367,7936439
74053,28826,3618086;31173,4750542;33881,5509075;42165,7843381
74072,22575,1099393;35167,5513537
74073,36162,5771209
74074,27190,2919199
74075,29877,4643562
74083,25530,2685735;35442,5514970
74087,38213,7248663
74102,35265,5513755;36004,5656783
74103,24368,2230126;43036,7934672
74106,38929,7251088
74113,23072,1370310;35106,5513316
74115,43449,7936637
74124,34184,5510766
74126,24268,2227259
74140,26162,2844824
74141,23562,1888498
74165,32980,5499523;42002,7842173
74167,27336,2919809
74169,34780,5512479
74176,21550,671009;38270,7248789;40697,7592566
74190,30389,4649078;41589,7840256
74219,30780,4748182
74238,24337,2230048;38632,7249726
74239,20024,69756;43017,7934591
74240,19856,64944
74258,27578,3110274
74262,31680,4902906
74266,30942,4749864
74279,27398,2920013
74294,30427,4649331
74297,23301,1469659
74299,22953,1283756;32531,5435080
74301,23902,2085671;34976,5512991
74309,41304,7676285
74310,24726,2231603;41338,7753659
74311,23093,1370389;30689,4652576;41759,7841001;42465,7844779
74314,21932,751150;39369,7256270
74319,25105,2397582
74320,19904,69302;39386,7308426
74322,20152,85638
74334,21523,670907;24117,2138032
74335,31078,4750274
74336,23182,1370648;42402,7844636
74343,28363,3112433
74349,24134,2149720
74353,23356,1543041
74392,41889,7841584
74398,21220,639645
74399,21497,670844
74400,23045,1284006
74405,19890,69268
74425,34015,5509477
74427,28726,3521969;42603,7853090
74452,25551,2685789;26956,2917753
74453,26125,2844687
74454,24233,2151541;26497,2845707;43435,7936605
74461,20487,86381;32889,5499036
74464,39882,7380250;42884,7854776
74479,22676,1099714
74504,43271,7935953
74505,39161,7251958
74507,24474,2230436;36169,5771225
74543,20394,86189;24751,2320991
74544,41245,7676146
74553,21879,751013
74556,22200,1097461
74574,21323,670320
74580,44141,8100449
74594,20474,86355
74595,32446,5434859
74596,29334,4299819
74603,25377,2515288;41181,7669136
74618,30614,4652366
74634,29303,4299748
74640,24965,2397246;34438,5511669
74644,24603,2230712
74645,33891,5509093
74651,19831,64545
74658,23683,1888826;34341,5511416
74681,21065,639202
74682,32504,5435003
74683,39669,7332120
74687,40887,7667566
74688,40499,7590738
74689,28381,3112495;34110,5509701
74693,30231,4648128
74695,39715,7332219
74696,41415,7754007
74701,25655,2841053
74706,33134,5500022
74730,30314,4648374
74731,38339,7248968
74732,39429,7330997
74737,22279,1097770
74742,42391,7844610
74748,22918,1283666
74752,23127,1370480;25708,2841169
74753,41749,7840966
74775,21173,639514
74776,21947,751186
74777,22281,1097780;37766,7064702
74785,38878,7250968
74786,40098,7380743
74796,35528,5515172
74807,25692,2841136
74822,37795,7065040
74823,24632,2231384
74829,27192,2919203
74830,24910,2397125
74836,28132,3111821;40257,7589365;43716,8014051
74840,32387,5434728
74841,40998,7667938
74848,33343,5500779;37595,7064081;40702,7592673
74851,44563,8101864
74861,41823,7841147
74864,30512,4649607
74870,25915,2844083
74877,25818,2843834;42854,7854691
74888,40999,7667940
74891,35401,5514853
74899,21277,670213
74907,24872,2397022
74908,43953,8014609
74913,44553,8101837
74914,34215,5510961
74915,20619,86703
74922,43849,8014370
74924,20926,602103
74925,25540,2685759
74936,29491,4300216
74946,24809,2396847
74957,32166,5332405;33191,5500211;34675,5512224
74960,34577,5511990
75006,20539,86496
75011,30324,4648405;38320,7248927
75054,19918,69354
75058,29411,4300032;37842,7235708
75068,40714,7592701
75095,42107,7843243
75099,25514,2685692;37793,7065036
75101,28234,3112063
75105,19731,71
75107,39385,7308423
75112,43826,8014315
75153,31151,4750470;43659,8013914
75171,20345,86091;25192,2397884
75172,34575,5511986
75173,22249,1097671
75177,20278,85955;25132,2397643;40420,7590352
75179,43547,7938125
75181,39260,7254204
75182,22267,1097730
75198,36466,5830689
75202,43361,7936422
75213,41922,7841657
75214,36097,5771054
75217,43307,7936284
75220,22533,1099256
75233,24416,2230294
75240,33625,5501647
75241,25076,2397498
75243,40332,7589901
75244,39135,7251883
75245,31364,4816202
75248,39788,7332391;42086,7843179
75259,35594,5515335
75262,22922,1283676
75264,33834,5508909
75269,30725,4652672
75290,21508,670872
75291,28927,3703223
75295,27612,3110344;40880,7667548;41965,7841918
75302,41814,7841125
75303,34336,5511396
75305,29888,4643609
75306,29840,4466584;37932,7247758
75313,34720,5512327
75314,20314,86024;25014,2397356
75315,29859,4553170
75318,27779,3110795;43683,8013977
75328,19861,64982;37836,7235688
75329,22160,1097302;37288,6891096
75331,29523,4300294
75337,30524,4649634
75364,21733,678615
75368,26200,2844916
75374,24713,2231574;25778,2843734
75399,29367,4299928
75406,43956,8014620
75421,26642,2846136
75429,29982,4643918;43975,8014657
75431,25296,2515109
75441,22952,1283752;40551,7591177
75442,40808,7667213
75449,31211,4750649
75451,35756,5515709
75458,23457,1801872
75459,42657,7853247
75462,22038,751421
75465,44316,8101011
75466,27606,3110332
75472,34167,5510672
75473,25830,2843863
75486,28429,3112635
75513,40163,7589142
75539,35268,5513761
75552,40840,7667442
75567,23116,1370452
75574,21543,670990
75575,32213,5397542;42619,7853138
75576,25686,2841121;31040,4750191
75589,20421,86241
75592,20931,602113
75605,30412,4649289
75615,31012,4750124
75640,44536,8101802
75642,35809,5515846;36305,5771857
75649,34063,5509591;44522,8101683
75654,32207,5397530
75655,39409,7308485
75673,31688,4902924;42827,7853876
75687,20188,85732;27141,2918972;33694,5503823
75694,35634,5515422
75704,32234,5432042
75707,23548,1879877;41464,7839976
75715,23081,1370334;41062,7668130
75717,38861,7250935
75718,31631,4824969;43617,8012663
75740,34260,5511058
75743,28436,3112649
75746,29299,4299737
75762,41084,7668872
75772,22523,1099214
75776,42956,7934417
75791,22589,1099444
75809,29476,4300179
75812,32749,5498494
75844,32284,5432940
75856,34671,5512216
75867,24311,2229974;38276,7248801
75871,44518,8101675
75880,34479,5511768
75882,27517,3110083
75894,38843,7250895
75909,26964,2917771
75937,33034,5499690
75941,43768,8014176
75944,23966,2085845
75950,32223,5432019;43981,8014672
75952,26175,2844852
75953,30726,4652674
75954,40287,7589431
75956,34137,5509812
75958,40434,7590392
75976,31840,4918168
76002,33656,5501743
76003,40159,7481199
76006,27753,3110705
76007,38651,7249979
76009,30319,4648385
76010,25323,2515171
76020,20089,85505
76025,27456,3109900
76027,21503,670861
76035,33118,5499963
76042,31105,4750340
76051,39943,7380388
76056,37379,7063435
76085,31926,5076295
76086,34731,5512360
76087,20212,85803
76088,20109,85545;32786,5498651
76090,33395,5500998
76092,40742,7667043
76094,34807,5512544
76102,43269,7935949
76103,22235,1097615
76127,24359,2230106
76137,33283,5500565
76138,20610,86686
76147,24520,2230538
76154,32392,5434738;44187,8100684
76156,21617,678336;40176,7589168
76159,19765,62696;28569,3182011
76168,35034,5513135
76173,44058,8100254;44096,8100347;44344,8101071
76180,38227,7248694
76182,38025,7247986;44477,8101585
76191,24378,2230156
76199,26326,2845249;29274,4299676
76205,31967,5076604
76206,35751,5515698
76211,24206,2151461;26527,2845826
76216,22667,1099691;25961,2844229
76247,19888,69264;43712,8014039
76279,38389,7249084
76293,25894,2844028;40312,7589485
76305,33480,5501231;43109,7934965
76309,20458,86322;34468,5511746
76315,30894,4749754
76317,40940,7667703
76328,25504,2685669;36999,6565164
76338,21262,670181
76341,20315,86026;23190,1370668
76342,38643,7249920
76343,44353,8101283
76346,26457,2845607
76378,31109,4750348
76385,32319,5433014
76388,26230,2844984;31295,4816037
76392,28126,3111807;33142,5500056
76400,32437,5434840;35632,5515418
76409,19768,62703;23793,1987369
76410,21025,604945;28773,3586939;31861,5076096
76423,24401,2230216
76437,22909,1283646
76441,21765,750679;22574,1099391;38983,7251220
76452,31487,4816477
76475,19795,62958
76480,42713,7853374
76483,28210,3112005
76498,26516,2845750;26674,2846211
76502,32781,5498642
76503,19995,69677;22891,1283590
76506,23320,1469705;39560,7331388
76528,39865,7333531
76530,24324,2230020
76540,23867,2062507
76550,35269,5513763
76596,34014,5509476
76605,26757,2846450;41976,7841947
76615,30128,4644799;42552,7846755
76619,23105,1370424
76622,26557,2845902;36151,5771181
76625,43596,8012596
76626,35551,5515227
76629,30833,4749608
76630,42678,7853297
76633,24276,2227277;34966,5512961
76640,21562,678168
76641,26967,2917777;37748,7064568;42992,7934507
76650,35678,5515519;42839,7853915
76652,44346,8101075
76659,43404,7936521
76666,29046,3703655
76681,21566,678176;29726,4391796
76686,22525,1099220
76696,42628,7853169
76701,28325,3112312
76702,41545,7840151
76704,38809,7250781
76715,25270,2416665;36030,5770912
76730,41113,7668953
76732,29123,4299301
76734,23646,1888739;33573,5501507
76740,23065,1370169
76742,21309,670289;28873,3703075;39608,7331570
76751,23564,1888505
76753,26476,2845658;34789,5512505
76761,31782,4918002;41242,7676132
76768,38406,7249121
76769,41845,7841484
76777,31890,5076188
76778,21078,639232
76780,32224,5432021
76785,43249,7935528
76787,32840,5498900
76809,43615,8012656
76811,32592,5435262
76814,38758,7250466
76815,30858,4749662;43056,7934778
76820,44143,8100453
76825,34112,5509705
76834,34030,5509511
76836,22609,1099531
76837,38059,7248089;38073,7248120;38949,7251131
76839,32067,5076975
76842,28997,3703471;42122,7843277
76845,32995,5499582;44596,8101942
76858,35666,5515495
76865,28060,3111538
76869,33882,5509076
76870,20986,602266
76871,25475,2515515
76882,36805,6196343
76885,41902,7841614
76886,19999,69685
76892,43048,7934747
76895,39049,7251364
76896,31195,4750595
76897,32571,5435165
76900,21555,671020
76903,44483,8101597
76913,27494,3110008
76927,37141,6890667
76932,20996,602310
76943,28398,3112532
76944,26877,2917403
76953,37563,7064013
76961,38836,7250877
76964,21441,670656
76970,26450,2845593;40401,7590179
76978,34611,5512065;41977,7841949
76981,24241,2151562;43291,7935994
76984,24669,2231475;36487,5830739
76988,33610,5501614
76994,24521,2230542;33521,5501346
76995,34726,5512350
76996,35851,5515958
76997,27046,2918186
76998,31495,4816494
77005,40344,7589937
77007,24562,2230627
77009,29654,4391593
77011,32200,5397512
77020,35762,5515724;40873,7667522
77023,34121,5509739
77027,38084,7248146
77039,23760,1889014
77055,25013,2397354
77092,30130,4644804
77100,24432,2230345
77104,20371,86140
77111,20230,85849
77113,44196,8100707
77123,24083,2137769;24874,2397026;31164,4750522
77124,20022,69751
77131,26543,2845869;43882,8014442
77146,27573,3110254;44022,8014801
77147,25594,2840901;42099,7843227
77152,36336,5771944
77172,38063,7248100
77174,33832,5508905
77195,33461,5501183
77197,24528,2230557;33928,5509176
77210,33489,5501256
77214,21339,670367;40722,7627602
77223,34800,5512527
77224,40288,7589433
77225,22381,1098166
77243,31337,4816133
77245,43802,8014250
77246,39930,7380358
77248,22016,751370
77262,25693,2841138
77269,29789,4391970
77287,28031,3111472
77342,26759,2846454
77345,38720,7250180
77354,22442,1098392
77356,32046,5076902
77371,21547,671002;23649,1888746
77372,27379,2919961;41178,7669127
77384,32635,5435418
77387,21672,678473
77389,35653,5515465
77398,21245,639730
77401,28405,3112550
77403,34269,5511079
77409,37539,7063959;42692,7853329
77421,40687,7592540
77456,24128,2149658
77459,32834,5498885
77463,34616,5512075;36903,6564881
77465,31702,4917760
77479,31898,5076209
77499,20297,85991
77506,26587,2845983;38502,7249340
77508,26601,2846031
77511,29934,4643779
77518,30372,4649043;37414,7063517
77524,37373,7063423
77533,25626,2840986
77535,21610,678320;35806,5515839
77536,29896,4643629
77542,29129,4299315
77543,26254,2845040;39877,7333599
77544,26072,2844537
77545,27928,3111153
77547,24256,2151593
77552,22661,1099677
77558,32450,5434868
77578,25230,2416570;44345,8101073
77579,35017,5513097;35889,5516046
77589,27224,2919283
77595,35200,5513607
77598,23828,2052202;42263,7844286
77602,25027,2397387
77606,21769,750691
77607,41708,7840560
77612,35382,5514845
77636,29070,3725630;36807,6196350
77642,32265,5432897
77675,21246,639732
77691,36051,5770957
77710,36180,5771254
77714,34992,5513038
77724,26555,2845898
77725,44041,8014846
77726,21261,670180
77728,28508,3112849
77731,22723,1099875;42158,7843363
77733,36192,5771291
77735,24318,2229991
77752,37215,6890825
77759,29832,4466569
77770,27298,2919641
77771,22309,1097868
77773,37185,6890756
77783,41735,7840833
77791,23530,1812126
77792,26578,2845955
77797,33446,5501143
77811,22727,1099885;31795,4918035
77818,36388,5772091
77833,20381,86161
77834,31987,5076663
77837,40341,7589931
77845,32253,5432093
77851,30713,4652641;42081,7843170
77852,20889,602012;34550,5511924
77860,43241,7935512
77877,38760,7250540
77885,37543,7063970
77887,26073,2844540;39019,7251297
77898,23544,1879869
77903,21067,639209;23034,1283950;33340,5500764
77911,21214,639627;34618,5512079;35968,5598267
77920,25063,2397471
77921,20602,86672;39071,7251416
77929,35255,5513732
77930,39751,7332303
77932,22919,1283668;42772,7853740
77937,44175,8100657
77947,32299,5432969
77949,37679,7064287
77952,37912,7247714
77956,43223,7935435
77963,38161,7248548
77965,36298,5771617
77979,29209,4299520
77988,24226,2151522;34748,5512406;44286,8100926
77990,28991,3703443
77991,29425,4300066;37086,6806237
77992,33149,5500075
77997,37791,7065033
78003,30504,4649529;39692,7332170
78006,35895,5516058;43230,7935454
78008,21847,750894;24941,2397193
78011,24183,2151398
78038,30593,4649803
78054,33092,5499884
78056,20972,602228
78060,25386,2515317
78061,30915,4749802
78063,43717,8014052
78072,33254,5500460;43029,7934635
78083,27537,3110164
78088,21701,678544;33267,5500500
78091,36554,5925031
78117,44107,8100368
78123,26511,2845739
78127,32817,5498759
78132,23411,1633452;35832,5515918
78137,21089,639263;32734,5498441;38152,7248415
78142,39014,7251287
78143,31144,4750448
78144,23848,2062437;41841,7841440
78157,38679,7250080
78158,30581,4649751g
78159,23706,1888885
78164,26799,2846555
78167,36190,5771283
78172,37123,6890626
78173,22247,1097663
78188,21461,670707
78192,30903,4749775
78193,27923,3111139
78195,23433,1633503
78198,33817,5508875
78201,23994,2085915
78202,38402,7249113
78212,21776,750705
78216,37655,7064223
78221,30174,4645275
78222,25836,2843877
78231,35151,5513502
78232,37900,7247687
78233,29837,4466578;38015,7247958
78248,24381,2230164
78249,34449,5511694
78270,30042,4644286
78285,40059,7380657;42968,7934445
78294,32496,5434984;42160,7843367
78295,38484,7249300
78297,25970,2844248
78304,21538,670939;33512,5501317
78309,29004,3703501
78318,35708,5515605
78321,40907,7667619
78331,27288,2919502
78332,29858,4553167
78334,23443,1801841
78353,24967,2397251
78355,30669,4652513
78362,29651,4391586;33753,5504050;39955,7380418;40092,7380729
78369,26338,2845277
78374,32232,5432038
78376,29516,4300274;42544,7846728
78377,44087,8100318
78383,23250,1370843;40348,7589945
78393,28742,3586866
78400,42867,7854720
78410,19732,75
78413,33802,5508826;41037,7668033
78416,19788,62941
78417,36992,6565146
78424,25140,2397659
78430,19942,69429
78445,33270,5500509;34424,5511641
78446,29086,4299196
78447,24720,2231588
78456,20260,85921
78469,21458,670695
78470,36638,6135523
78473,29774,4391933;33956,5509303
78475,28763,3586912;37023,6565229
78477,41524,7840106
78479,35573,5515281
78481,29034,3703615
78485,36820,6196432;39643,7331651
78489,43180,7935341
78516,37434,7063560
78521,41322,7753627
78525,35836,5515926
78528,27536,3110161
78543,23551,1879883;35421,5514898;37958,7247821;44303,8100982
78544,43073,7934855
78546,24404,2230223
78549,24702,2231552
78550,24188,2151408;34899,5512782
78551,29118,4299287
78575,24511,2230522;29947,4643817
78577,40063,7380668
78585,32765,5498569
78590,23108,1370432
78602,40604,7591294
78614,43773,8014186
78619,25771,2843718
78622,39416,7308500
78633,39765,7332335
78640,43733,8014094
78644,32725,5498413
78662,20317,86030;-19,4391521
78667,38768,7250631
78668,29243,4299599
78674,33586,5501539
78677,29188,4299471
78679,23540,1812150
78684,31730,4917832;40463,7590482
78691,21076,639229;26508,2845733
78692,42682,7853308
78697,23496,1801956;31736,4917846;33801,5508825
78714,23823,2050924;26907,2917511;40758,7667075
78725,24674,2231485
78727,27116,2918902
78729,37899,7247685
78730,23136,1370506
78734,21213,639625;21838,750868;28248,3112101
78735,34809,5512548
78737,39990,7380509
78740,31555,4816721
78753,27455,3109898
78759,34848,5512643
78761,22345,1098048
78763,40414,7590328
78764,26520,2845757
78765,21849,750900
78766,36480,5830720
78768,37947,7247791
78769,27073,2918672
78772,41299,7676272
78773,39380,7308412
78789,22327,1097937;42614,7853123
78800,37380,7063437
78815,38085,7248148
78817,22190,1097426
78820,39983,7380495
78828,21084,639252;24247,2151574
78832,23641,1888729
78836,41926,7841665
78837,36550,5925022
78838,26715,2846328;30908,4749787;38323,7248936;44279,8100910
78844,21606,678309
78845,27214,2919257;38785,7250726
78849,43545,7938116
78851,39738,7332269
78852,23922,2085716
78853,26130,2844699
78854,43167,7935306
78883,27970,3111248
78884,23612,1888630;37584,7064059
78886,29878,4643564
78887,19868,64996;34955,5512927;41560,7840191
78891,23868,2062509
78906,24921,2397148;25467,2515494;30148,4645204
78916,21676,678484;27030,2918151;27087,2918705;30096,4644678
78928,30121,4644774;34038,5509528
78936,34857,5512661
78937,26171,2844843
78938,40740,7667041
78941,35922,5591302
78947,40784,7667134
78949,26113,2844655;41274,7676208
78953,27546,3110196
78954,21782,750744;43780,8014203
78955,28206,3111996
78964,30436,4649352
78965,41313,7676308;42477,7844817
78967,28136,3111829
78968,-19,4391546
78972,22171,1097347;27994,3111311
78975,-19,4391480
78977,20358,86115
78983,23188,1370663
78984,33435,5501111
78988,21764,750677;29067,3725623;35800,5515823
78989,20928,602107
78995,23298,1370966
79005,24488,2230473
79006,43134,7935228
79008,26382,2845410
79010,21736,678621;28798,3618002;32445,5434857
79015,32696,5435569;38574,7249531
79019,28341,3112357
79022,24198,2151439
79044,30416,4649297;38335,7248960;41279,7676223
79051,38658,7250034
79054,39596,7331469
79068,23464,1801887
79095,26105,2844631;38169,7248564
79096,24255,2151591
79110,31777,4917987
79111,32699,5435575
79117,35421,5514904
79126,35049,5513185
79127,23289,1370944
79134,30305,4648316;36394,5772124;40798,7667182
79135,32650,5435451
79142,32451,5434871
79147,36275,5771513;42408,7844648
79151,28010,3111347
79153,22600,1099477;29152,4299376
79158,23701,1888872
79162,20451,86309
79164,29932,4643774
79166,28081,3111624;32579,5435181
79192,44048,8014860
79200,32775,5498604
79213,28956,3703308
79214,21939,751164;38737,7250217
79217,37583,7064057
79254,20311,86018
79257,32970,5499499
79262,27278,2919444
79267,20279,85957;37924,7247742
79269,41480,7840011;42625,7853160
79275,32667,5435489;40899,7667594;41139,7669043
79278,29492,4300220
79282,39359,7254501;43014,7934582
79284,23882,2085621;41286,7676236
79293,31379,4816231
79295,31127,4750394
79296,28225,3112043;34304,5511212
79297,29834,4466572
79299,43030,7934638;44543,8101816
79309,22438,1098375
79311,24143,2149755
79315,27535,3110159
79320,25749,2841289
79324,44290,8100944
79326,40770,7667103
79331,22424,1098315;23281,1370926
79336,21794,750769
79337,27861,3110990
79343,23794,1987371;31398,4816270;43226,7935446
79350,25241,2416593;28881,3703097
79355,33024,5499666
79370,28238,3112071
79373,21174,639516;29497,4300231
79378,42531,7845300
79380,33126,5499995
79382,23777,1987333
79384,25740,2841268
79391,24944,2397199
79407,44245,8100816
79417,41914,7841638
79424,24430,2230340
79448,39656,7332086;41792,7841078;41801,7841099
79457,35103,5513310
79464,43520,7938058
79470,33715,5503880
79473,32905,5499086
79475,28809,3618048
79482,26714,2846326;43848,8014368
79495,42804,7853811
79506,36944,6565000
79507,22653,1099652
79508,21529,670919;40249,7589348
79515,33996,5509408
79517,39067,7251408
79537,21988,751306
79554,25723,2841221
79557,22980,1283817;32637,5435422
79559,29565,4300395
79566,36899,6279794
79574,29368,4299930;29699,4391712
79582,25516,2685699;33835,5508911
79585,29244,4299602
79586,23478,1801915
79589,34478,5511766
79600,20593,86615
79602,30507,4649535
79606,34515,5511847
79611,25232,2416574
79621,20406,86212
79623,38121,7248228
79631,26251,2845033
79633,37688,7064308
79639,36549,5925019
79641,24504,2230507
79644,26528,2845829
79646,39743,7332282
79651,29044,3703648;40073,7380688
79659,22628,1099580
79664,25542,2685767
79669,21205,639606
79684,44443,8101500
79708,39800,7333304
79714,21145,639426;30533,4649652;32424,5434813
79729,31989,5076667
79730,21730,678608
79733,27847,3110959;38435,7249183;44270,8100887
79745,24016,2085973
79750,28277,3112177
79753,41243,7676142
79755,21176,639523
79767,36702,6135745
79768,39950,7380402
79773,24578,2230657;31185,4750573
79777,23955,2085816
79789,21953,751200
79796,31128,4750397
79798,38599,7249585
79800,37369,7063410
79803,31698,4902945
79806,28125,3111804
79807,40112,7380775
79817,23343,1543011
79835,37520,7063773
79849,42598,7853071
79867,34017,5509482
79879,30295,4648293
79880,21823,750840;33766,5504086
79892,23170,1370616;25914,2844080;42278,7844317
79900,27369,2919941
79901,20165,85673;29500,4300237
79903,26672,2846206;37244,6890885
79905,27017,2918032;44255,8100851
79935,38206,7248648
79940,24110,2138016
79942,21330,670345
79962,22053,751458
79964,32581,5435189
79973,25667,2841080;27399,2920015
79974,20924,602098
80003,20485,86377;35101,5513306
80025,34222,5510978
80032,20879,497222;28847,3702991
80046,36397,5772130
80048,23414,1633459;23675,1888805;32369,5434662;39264,7254217
80051,39214,7254012
80055,20452,86311
80088,25668,2841083
80097,32843,5498915
80101,25746,2841284
80108,43103,7934948
80109,38150,7248411
80127,42849,7854044
80132,32418,5434798
80133,37629,7064162
80142,31345,4816151;39119,7251519
80144,22613,1099541;26602,2846032
80146,20233,85855
80157,25625,2840984;32975,5499510;34502,5511821
80159,41957,7841890
80178,28278,3112179;32489,5434971
80180,25860,2843938;43795,8014233
80185,42426,7844688
80194,42953,7934406
80201,29489,4300209
80204,25495,2515561
80206,39362,7256257
80207,42419,7844670
80210,22993,1283848
80215,27140,2918967
80216,22916,1283662
80224,40091,7380727
80226,32068,5076979;39381,7308412
80235,25951,2844202
80236,22319,1097903
80241,42962,7934433
80247,30884,4749732
80286,42608,7853105
80292,23678,1888812
80301,32205,5397526
80314,25418,2515384
80320,44358,8101296
80332,43009,7934567
80345,33498,5501279
80348,27738,3110657
80351,21344,670379;24320,2229996
80359,38873,7250958;40980,7667893;42109,7843247
80361,34610,5512063
80365,22283,1097784;43415,7936546
80396,31561,4816736;33222,5500350;36158,5771197;39839,7333426
80398,28117,3111781;37837,7235690
80402,39881,7380248
80404,33609,5501612
80414,29856,4553163
80416,33109,5499941
80418,35094,5513282;41953,7841728
80428,25563,2840836
80431,27625,3110399
80432,26385,2845418
80433,32092,5166540
80435,36609,6135458
80438,25941,2844181;39009,7251277
80441,24153,2149794
80466,36976,6565094
80469,41666,7840459
80471,41606,7840302
80479,27867,3111009
80483,23842,2062425;41908,7841626
80486,36189,5771280
80487,41844,7841481
80488,43781,8014205
80494,25972,2844252
80495,29807,4446562
80500,27277,2919442;35934,5591328
80505,23240,1370818;30720,4652657
80507,34980,5513001;37247,6890990
80514,28452,3112711;38587,7249561
80518,40149,7481175
80519,39275,7254266
80520,41730,7840728
80527,35743,5515682
80528,20514,86445
80531,36127,5771128
80533,40724,7627606
80535,36436,5772234
80540,38340,7248975
80546,25171,2397806;31604,4816822
80547,21855,750923
80550,24834,2396911
80553,28226,3112045;44104,8100362
80555,41174,7669119
80562,21806,750799;32289,5432949
80579,21011,602346
80585,33047,5499726
80605,33138,5500034
80611,32927,5499305
80617,38094,7248166
80619,35788,5515780
80621,32625,5435398
80639,37394,7063474
80655,24284,2229866;30192,4647858;37928,7247750
80660,35716,5515621
80667,38504,7249346
80668,32535,5435087
80670,37663,7064242
80686,39370,7256271
80700,40920,7667655
80706,31864,5076101
80716,41519,7840097
80727,30238,4648144;44281,8100914
80734,40764,7667091
80736,44535,8101800
80755,42509,7845242
80759,39456,7331106
80762,27255,2919360;30270,4648231
80776,35552,5515229
80779,33813,5508846
80785,33958,5509306;37013,6565200
80788,42879,7854757;44500,8101635
80803,25160,2397760;42217,7844179
80808,43321,7936320
80818,39122,7251857
80823,42045,7843091
80826,34621,5512090
80829,21350,670393
80836,22847,1283472
80837,25494,2515558
80841,23334,1469747;23808,2031603
80858,30568,4649723
80860,40237,7589316
80873,39622,7331606
80876,21433,670637;34512,5511841
80881,32868,5498984
80894,20039,69787;22695,1099773
80895,26804,2846570
80898,24803,2396816
80899,32799,5498692;32934,5499323
80901,21768,750689
80903,38318,7248923
80905,43669,8013939
80906,32332,5433964
80910,42484,7844878
80911,27209,2919247
80921,33116,5499958;40884,7667558;44608,8101966
80923,25959,2844221;34758,5512426
80938,23906,2085679
80946,42284,7844332
80981,21185,639547;36260,5771456
80982,33327,5500714
80983,39299,7254336;40067,7380676
80984,40326,7589889
80986,23495,1801951
80987,34652,5512161
80988,23844,2062430
81011,39301,7254344
81013,30281,4648262
81018,25320,2515163
81022,29680,4391651
81028,31801,4918056
81050,32618,5435339
81056,34629,5512104
81058,40371,7590000
81060,35875,5516014
81076,21973,751262
81079,35205,5513620
81102,40640,7591374
81109,19899,69289;40944,7667713
81110,21517,670892;38732,7250207
81111,39612,7331578
81113,20456,86318
81121,26991,2917950;31292,4816030
81127,27724,3110628
81130,28162,3111896
81133,31408,4816292
81141,28644,3342145;39512,7331264
81151,33663,5503664
81153,28423,3112621
81160,26538,2845853
81168,27212,2919253
81169,31280,4815991
81174,30335,4648497
81177,40292,7589441
81191,26285,2845139;32712,5435608
81202,21155,639470
81212,32665,5435485;34069,5509604
81217,28342,3112359
81220,20558,86536
81231,22260,1097706;42587,7853040
81234,27512,3110073
81235,30081,4644385
81241,28986,3703430
81245,29028,3703600;38016,7247960
81252,41776,7841034
81254,25026,2397385
81261,33037,5499697
81264,22790,1189961
81265,24635,2231391
81268,37989,7247897
81287,23531,1812129
81298,31846,4918193;44412,8101426
81299,40505,7590794
81301,38319,7248925
81308,20069,85462
81315,26239,2845004
81340,36599,6001856
81356,22761,1099983;27874,3111025;31042,4750197
81359,22568,1099368
81361,20878,497219
81369,22750,1099948
81371,23304,1469665
81373,20007,69712;27584,3110287
81386,43107,7934956
81396,19747,62655
81400,42228,7844204;43081,7934890
81402,28866,3703056
81403,26653,2846161
81409,34808,5512546
81411,28824,3618083;29352,4299892
81419,21430,670631;33594,5501569
81426,20326,86049
81428,35047,5513169
81438,35321,5513937
81445,23559,1879901
81447,32588,5435223
81453,32622,5435369
81454,24898,2397099
81471,22941,1283728;30845,4749635
81478,35512,5515137;43065,7934819
81486,23791,1987365;39440,7331075
81508,33202,5500271;39458,7331110;42409,7844650
81515,37195,6890784
81520,21088,639261
81530,27630,3110409
81538,26679,2846228
81541,27411,2920224
81542,21673,678475;24277,2227280
81553,26152,2844771
81554,26501,2845717
81560,40560,7591200;40967,7667823
81562,21158,639477;42399,7844626
81563,42565,7852982
81566,33397,5501003
81567,39278,7254275
81652,28059,3111535;37004,6565181;38131,7248252;40229,7589300
81654,19939,69417
81660,38298,7248879
81663,32819,5498767;41817,7841131
81666,41216,7676067
81688,30233,4648134;35696,5515573
81701,28863,3703050;32280,5432926
81710,23949,2085803
81714,21436,670643
81721,27384,2919973
81733,22905,1283635
81741,23321,1469710;42238,7844230
81746,28651,3342163
81747,24804,2396820
81748,42969,7934447
81752,21141,639418;25538,2685755
81778,30304,4648314
81793,30094,4644674
81794,29656,4391597
81799,41973,7841938
81800,26102,2844624
81804,24069,2086132
81808,23323,1469714;29533,4300317;37507,7063747
81819,37896,7247679
81835,30499,4649517
81847,34914,5512817
81849,30226,4648118
81850,43420,7936565;44099,8100352
81857,43647,8013886
81860,31839,4918166
81861,25605,2840933
81862,35485,5515081
81863,20455,86316
81864,19832,64546
81868,30378,4649054
81871,44372,8101324
81873,-19,4391486;37066,6565335
81876,41271,7676202
81887,35233,5513680
81894,35027,5513120
81954,20377,86151
81963,29899,4643641
81966,23566,1888509;35828,5515910
81967,33046,5499723;40362,7589976
81969,30298,4648299
81975,22742,1099928
82002,38526,7249411
82013,29690,4391681;35643,5515445
82022,27687,3110542;42642,7853212
82026,28419,3112605
82027,23195,1370679
82029,34409,5511608
82056,30090,4644646
82092,30408,4649279
82094,44189,8100688
82095,43577,7941857
82099,25402,2515351
82105,36905,6564885
82106,38683,7250091
82107,35381,5514816;42050,7843101
82109,23872,2062525;25044,2397423
82134,41864,7841531
82136,23863,2062498
82137,28359,3112423
82138,31963,5076594
82139,24312,2229976;40423,7590359
82140,20013,69724
82141,42743,7853668
82145,34432,5511657
82163,28658,3342178
82172,31628,4824963
82173,36894,6279782
82174,23579,1888537
82175,23366,1543065;34141,5509823
82176,43814,8014279
82184,20350,86099
82200,26699,2846286
82222,29855,4553162;30318,4648382
82251,35842,5515939
82268,28935,3703246;37148,6890678
82275,24332,2230037;39711,7332211
82277,44422,8101450
82280,21984,751290
82281,29396,4299994
82282,29030,3703605
82289,29887,4643607
82316,37684,7064300
82318,24002,2085937
82320,27657,3110468
82333,29019,3703571;30424,4649325
82337,44333,8101046
82347,36294,5771610
82349,28535,3112911;30929,4749835
82350,34070,5509606
82355,22329,1097942;26923,2917555
82356,25223,2416557;29515,4300272
82369,20327,86051
82372,22836,1283444;24429,2230338;37581,7064054
82380,31522,4816636
82395,31820,4918113
82411,31419,4816313;37913,7247716;41256,7676168
82416,42747,7853676
82417,23921,2085714
82423,40027,7380589
82427,20098,85522;27273,2919434
82429,22717,1099858
82438,23669,1888792;34372,5511490
82457,25824,2843850
82460,44260,8100867
82462,27338,2919815
82467,43089,7934906
82468,31767,4917945
82470,25369,2515272;38004,7247935
82478,34603,5512049
82489,23978,2085877
82490,22367,1098120;35441,5514956
82495,41056,7668075
82498,21568,678180
82503,35253,5513728;41860,7841518
82534,21798,750778;30881,4749722
82562,36508,5924895
82576,34519,5511855
82585,43478,7937962;43586,7941884
82586,32612,5435326;38723,7250189
82587,24267,2227257;26997,2917963
82591,28752,3586888
82593,39445,7331084
82597,38071,7248116
82598,33997,5509410
82600,41051,7668065
82606,34081,5509633
82608,34803,5512536
82610,20922,602094
82619,20525,86468
82621,30206,4648069
82646,39069,7251412
82649,40050,7380639;43169,7935310
82667,24672,2231481
82672,20533,86484;35656,5515471
82675,32745,5498483;37199,6890796
82678,28439,3112655
82680,33023,5499664
82685,38380,7249062
82722,32833,5498882
82735,37217,6890829
82736,39394,7308447
82739,36086,5771031
82742,26269,2845092
82747,30003,4643975;30754,4652736;37838,7235692
82749,35629,5515412
82756,25071,2397487
82759,22853,1283484;29695,4391701;31590,4816793
82764,23886,2085632;38791,7250739
82770,27660,3110474;41603,7840293;43297,7936264
82771,40389,7590082
82772,22701,1099792
82791,21738,678630
82803,22399,1098226
82804,34835,5512609;38246,7248738
82811,25920,2844098
82833,26598,2846009;41683,7840502
82835,41121,7669000
82841,24865,2397002
82849,25054,2397452
82853,23145,1370530
82854,34612,5512067;44116,8100391
82855,21003,602328
82856,20515,86447;41346,7753678
82859,20234,85857
82878,44533,8101794
82881,41719,7840590
82882,22163,1097315;37858,7235761
82884,32016,5076759;34817,5512564;39050,7251366
82892,24448,2230381
82893,39141,7251905
82899,20204,85769
82901,20347,86094
82910,21799,750780
82914,42498,7845217
82920,43234,7935462
82932,25827,2843856;30736,4652695
82934,21308,670287
82935,21063,639198
82942,23322,1469712
82948,25390,2515324
82960,38671,7250064;39461,7331119
82962,19798,62974
82963,28488,3112804;40816,7667237
82965,24197,2151437
82974,23173,1370623;29057,3703691;30370,4649039
82978,28291,3112210;33634,5501669
83002,38378,7249058
83003,25305,2515131;43177,7935330
83005,28173,3111920
83008,33829,5508899
83014,35312,5513884
83017,25973,2844255
83019,43668,8013937
83032,20551,86521;38943,7251119
83051,26914,2917526
83052,27983,3111279
83070,27058,2918223;38178,7248582
83094,39801,7333304
83109,27003,2917981
83115,34805,5512540
83116,40691,7592553
83127,34904,5512797;41674,7840480
83132,24883,2397055
83134,26687,2846249
83138,39174,7251983
83141,42938,7934371
83146,31427,4816342
83149,33670,5503681
83175,43610,8012642
83182,19954,69461
83184,31750,4917894
83191,40871,7667518
83194,30405,4649274
83197,42786,7853771
83210,36253,5771436
83211,21858,750948
83223,27547,3110198
83224,22378,1098155
83226,32461,5434897
83230,21712,678566
83232,20383,86165
83236,38952,7251137
83241,25574,2840856
83250,31538,4816689
83256,41959,7841906
83272,22237,1097620
83278,20083,85492;32178,5332434;43487,7937985
83279,38373,7249048;43658,8013912
83284,20243,85875
83286,21117,639347
83290,26018,2844396;35990,5656739
83292,24555,2230612
83294,-19,4391437
83295,25733,2841249
83303,37126,6890632
83312,38928,7251086
83320,27894,3111068;36276,5771515
83321,38133,7248373
83323,21837,750866
83328,36660,6135576
83330,23761,1987259
83345,28232,3112059
83346,39737,7332267
83347,21502,670858;37646,7064205;43157,7935286
83366,21746,750634
83370,33181,5500178
83373,24137,2149731;39192,7252027
83383,19820,64519;30819,4749555;38316,7248919
83398,27011,2918019
83424,32590,5435258
83430,42894,7854806
83433,26889,2917470;33290,5500591
83435,36481,5830725
83451,21235,639696
83464,26402,2845479
83470,22413,1098277
83472,27556,3110216
83474,24848,2396946
83475,28578,3182039
83488,20097,85520;25413,2515374
83492,24628,2231376
83493,30239,4648149
83494,33108,5499938
83507,22592,1099452
83509,29469,4300164
83511,28416,3112592;35536,5515188
83513,37898,7247683
83514,20028,69764
83521,38509,7249361;42364,7844547
83527,34920,5512845
83531,42926,7934347
83540,35287,5513825;43214,7935413
83545,43116,7935010
83547,27543,3110189
83548,38272,7248793
83554,23193,1370674;36028,5770908
83560,35719,5515627
83566,22436,1098363
83573,33154,5500095;37892,7247671
83577,25349,2515227;33495,5501268
83581,27380,2919962;32486,5434965
83583,30530,4649646;40520,7591108
83584,24558,2230617
83587,31968,5076606
83591,32307,5432990
83592,28196,3111974;44632,8102023
83593,43832,8014327
83594,36635,6135517
83595,22691,1099762;40321,7589506
83597,20965,602214
83598,28334,3112341;31182,4750566
83599,20302,86002;34303,5511210
83609,44230,8100783
83610,25272,2416669;30602,4652340
83614,42021,7842208
83618,28733,3521983
83619,24281,2229855
83621,32910,5499098
83624,40453,7590448
83630,41166,7669103;44149,8100465
83632,19957,69466;21283,670229
83658,26534,2845845;33533,5501374
83660,31939,5076331
83664,25869,2843962
83673,32762,5498557;44334,8101052
83677,27609,3110338
83678,38226,7248692
83680,37598,7064087
83682,24397,2230203
83687,32957,5499453;35303,5513866
83688,39265,7254219
83689,36440,5772243
83693,34503,5511823
83695,28627,3342103
83697,31546,4816705;44319,8101017
83698,31087,4750302
83709,30830,4749584
83737,40269,7589392
83741,29190,4299476
83743,29056,3703688
83745,38606,7249602;44002,8014745
83748,29875,4643540
83752,30469,4649444
83756,22778,1100029
83759,44466,8101560
83760,30872,4749695
83772,21998,751330;31687,4902922
83778,24657,2231441;42663,7853262
83787,42688,7853320
83788,25470,2515502
83789,26104,2844628
83799,33302,5500638
83808,21100,639294;40935,7667688
83816,22933,1283700;25645,2841027
83822,29958,4643851
83849,29483,4300197
83852,25301,2515123;30547,4649680
83868,22633,1099594;42633,7853184
83869,21071,639218;36506,5924875;40266,7589386
83872,27359,2919898
83881,33795,5508811
83882,26044,2844466
83884,20985,602264
83885,26126,2844690
83891,32932,5499319
83896,25673,2841094
83898,30773,4748164;36756,6136043
83899,21427,670625;34613,5512069
83900,38477,7249283
83901,29204,4299509
83903,37567,7064021
83904,25249,2416609;38991,7251236
83905,20273,85946;41068,7668142;42351,7844482
83914,42363,7844545
83915,27780,3110797;34746,5512402;36856,6196541
83920,35346,5514728
83921,20457,86320;35462,5515010
83927,19973,69505
83929,32453,5434876
83935,24290,2229879;25318,2515158;29127,4299311;42694,7853333
83941,33111,5499947
83942,35905,5516082
83943,39785,7332382
83947,29153,4299379
83948,24705,2231558
83949,28854,3703013;31769,4917961
83950,41220,7676076
83953,44336,8101055
83961,28641,3342139
83976,21022,604938
83979,31891,5076191
83983,27143,2918976
83984,41767,7841016
83989,44150,8100467
83990,28241,3112088;33585,5501537
84008,35045,5513163
84016,25593,2840899
84023,42634,7853187
84033,28368,3112466
84034,44256,8100861
84058,40794,7667159
84062,25424,2515400
84063,43623,8012675
84073,25161,2397765
84074,36383,5772075;44044,8014852
84075,44133,8100429
84078,28932,3703237
84080,22277,1097764;39285,7254302
84089,28159,3111882
84095,32760,5498542
84098,40710,7592693
84100,42571,7852994
84101,21180,639534
84110,36873,6267501
84126,19799,62977
84127,24076,2086147;41576,7840223
84129,29182,4299459
84130,28767,3586923;33763,5504079;34506,5511829
84137,34601,5512046
84138,38902,7251030
84145,34738,5512374
84151,28109,3111762
84159,28251,3112107
84174,21052,639145
84183,35011,5513085
84186,24551,2230604;31033,4750173
84187,25274,2416673;27799,3110838
84189,35234,5513682
84191,41974,7841942
84201,41584,7840245
84210,29891,4643615
84216,23070,1370305
84220,41522,7840102
84229,31957,5076386
84235,35926,5591308;42577,7853006
84238,28326,3112314
84240,23447,1801849;32740,5498455
84241,31676,4902894
84243,34165,5510668
84248,31516,4816541
84250,21136,639396
84252,19965,69483;32317,5433010
84254,35130,5513367
84255,24739,2231628;44014,8014773
84258,42923,7934336
84259,29003,3703495
84266,19763,62692
84267,33493,5501264
84269,19906,69306
84271,39823,7333378
84286,34313,5511237
84287,22262,1097715;26061,2844507;33448,5501148
84292,25243,2416597
84295,42457,7844760
84297,37053,6565302
84302,44203,8100720
84305,26309,2845206;32077,5077001
84307,32090,5166536
84308,22225,1097583
84310,26169,2844839;41341,7753668
84311,35624,5515402
84315,21123,639366
84318,23490,1801941
84332,38046,7248057
84342,27986,3111284
84345,35060,5513207
84346,38940,7251110
84368,28594,3254657
84369,-19,4391445
84372,34532,5511884
84378,38734,7250211
84380,30854,4749654
84381,29134,4299328
84386,23264,1370881
84395,28528,3112896
84399,22478,1098516;37375,7063427
84400,27181,2919180
84402,20047,85379;29545,4300350
84403,23492,1801945
84404,33824,5508890
84409,38558,7249485
84411,20303,86004
84412,32731,5498435
84420,20088,85503
84423,21811,750809;33262,5500482
84424,21749,750640
84427,25015,2397358;37182,6890751
84431,30103,4644702
84432,32034,5076833;39007,7251272
84433,42582,7853030
84435,35981,5656706g
84446,34028,5509507
84448,40765,7667093
84465,24690,2231526
84469,38111,7248203
84476,42055,7843111
84489,26221,2844963
84490,24859,2396988
84491,40336,7589909
84495,25592,2840897
84500,23047,1284011;28693,3521903
84505,42627,7853166
84506,30656,4652476
84514,31999,5076696;33649,5501721
84542,20982,602255
84543,23607,1888617;31993,5076680
84564,26866,2917311
84573,33532,5501372
84574,-19,4391477;40689,7592544
84575,32629,5435406
84577,25432,2515416
84579,30554,4649694
84580,27925,3111143
84590,39984,7380497
84593,20414,86227
84595,42550,7846743
84596,30210,4648077
84597,38009,7247946;43310,7936290
84606,25333,2515192
84607,32859,5498958;35694,5515569;43494,7937999
84610,29340,4299838
84611,37424,7063540
84622,35006,5513075
84624,39314,7254376
84626,36431,5772223
84627,42415,7844662
84636,27964,3111236
84639,25362,2515258
84641,35513,5515139
84643,29171,4299433
84646,42106,7843241
84649,28018,3111363;41320,7753623
84652,42112,7843253
84653,26505,2845727;26980,2917804
84655,37010,6565193
84658,32088,5166532
84659,27435,3109820;40080,7380707
84661,26002,2844358
84664,26161,2844813;34057,5509576
84666,40549,7591173
84669,32291,5432953
84671,30823,4749569
84675,31147,4750456
84678,26247,2845024;35363,5514794;43532,7938082
84681,44413,8101428
84691,21803,750792
84692,20198,85750;25888,2844014
84697,32244,5432075
84698,23040,1283992
84699,37050,6565296
84706,21655,678432;23774,1987327
84710,33613,5501620
84713,40191,7589217
84714,20461,86330
84723,21912,751103;22697,1099778;29580,4300426
84728,42766,7853723
84729,22181,1097390;37092,6806249
84736,26350,2845306
84737,29566,4300397
84740,23085,1370370
84743,30763,4747537
84753,37232,6890863
84754,32059,5076947
84763,30426,4649329
84768,36426,5772209
84769,42710,7853368
84773,22180,1097377;36258,5771445
84774,39583,7331436
84776,38241,7248729
84804,34584,5512008
84811,19821,64523
84812,22708,1099830;36787,6136136
84813,30748,4652724
84818,35355,5514746
84820,44223,8100769
84823,31168,4750532
84824,30300,4648303
84830,40755,7667069;42644,7853216
84839,19722,45;22482,1099016
84841,43205,7935395
84842,29434,4300086;40891,7667574
84843,20272,85945;35996,5656754
84844,29681,4391657;43374,7936453
84849,23246,1370833
84850,20611,86689
84855,29060,3703700
84857,38045,7248055
84866,26421,2845525
84868,20443,86295
84869,40473,7590512
84872,30440,4649361
84874,25154,2397746;25436,2515423
84875,35423,5514935
84876,32164,5332398
84877,36733,6135979
84878,21506,670867;27281,2919463
84879,23883,2085627;40599,7591280
84885,38258,7248762;44248,8100827
84895,28928,3703226
84896,23231,1370790
84900,36362,5772018;38548,7249459
84908,25459,2515475;41967,7841922
84909,22324,1097930
84910,19755,62673;28346,3112367;36526,5924946
84917,41240,7676128
84946,35347,5514730
84949,27504,3110055;40955,7667746
84954,33669,5503678
84955,24876,2397030;36922,6564933
84957,26451,2845595
84964,25245,2416601
84965,24945,2397201
84978,42455,7844756
84979,20499,86404
84981,25033,2397398;33550,5501432;39824,7333381
84982,25106,2397584;28224,3112038
84984,23312,1469684
84995,29514,4300270
84998,42369,7844558
85003,34968,5512967
85009,21923,751128
85012,35422,5514915
85033,22767,1099998
85034,41160,7669091
85036,26180,2844864
85040,44161,8100492
85045,40646,7591384
85046,26513,2845743
85047,41513,7840081
85048,24172,2151362
85049,30154,4645218
85055,27766,3110766
85067,32063,5076963;37221,6890841
85068,40192,7589219
85069,40928,7667674
85070,35623,5515400
85072,34416,5511622;36450,5772277
85073,24981,2397285;39819,7333361
85077,22070,751495
85083,24213,2151488
85084,27294,2919631
85090,31502,4816513
85092,31430,4816348
85095,35496,5515103
85100,28454,3112716
85102,31479,4816458
85107,31862,5076097
85109,27644,3110440
85115,22872,1283539
85116,33393,5500980
85118,26854,2917284;28560,3112966
85122,34237,5511008;36344,5771967
85134,36381,5772072
85135,44112,8100378
85141,19838,64557
85142,32031,5076826
85143,25066,2397477
85144,35025,5513116
85145,30384,4649069;40647,7591386
85150,23819,2031626
85155,34687,5512251
85156,38277,7248803
85157,42102,7843233
85162,33665,5503670;44315,8101009
85171,34855,5512657
85172,28736,3521988
85175,27976,3111261
85178,21727,678602
85183,33973,5509340;35776,5515752
85191,20572,86566
85194,21319,670308;24755,2320999
85196,37874,7247582
85200,31774,4917980
85201,20870,497195;43063,7934799
85204,25780,2843738
85205,19819,64518
85206,39021,7251306
85214,40146,7481170;40574,7591227
85233,40924,7667666
85234,22864,1283516
85247,21705,678552
85248,34776,5512471
85251,43208,7935401
85256,30112,4644744
85262,21156,639472
85263,21143,639422;26042,2844459
85277,37282,6891086;37425,7063542;42156,7843359
85280,25224,2416559
85283,44155,8100477
85285,32481,5434956
85295,29649,4391583
85299,44012,8014766
85304,25346,2515222
85321,32343,5434609
85325,22844,1283465
85327,34025,5509502
85329,21094,639275
85332,41382,7753758
85333,25472,2515508;37546,7063976
85340,34888,5512752
85341,22757,1099968
85346,37545,7063974
85364,40409,7590203
85365,24170,2151357
85373,42822,7853861
85375,31050,4750214;37372,7063421
85379,30277,4648246
85380,27911,3111113
85385,20376,86149
85388,30058,4644325
85389,37834,7235681;43684,8013979
85415,30782,4748188
85421,37469,7063664;39793,7332406;43193,7935368
85429,43635,8013854
85436,29307,4299756;32836,5498891
85438,42380,7844580
85444,26057,2844495
85453,42841,7853928
85466,25097,2397562
85468,30557,4649699
85469,25433,2515418
85471,28808,3618047
85478,25319,2515160;36587,6001806;41924,7841661
85481,26330,2845257;26756,2846448
85486,31409,4816293
85499,29808,4446564
85501,35083,5513260
85504,22405,1098252;25487,2515541
85506,28624,3342096
85510,19964,69481
85516,25767,2843710;31622,4824950
85524,42397,7844622
85527,29168,4299426
85529,20974,602232;24361,2230112
85532,27654,3110462
85545,34985,5513017
85548,20544,86507
85549,21382,670481
85552,38030,7247996
85554,22652,1099650
85555,31314,4816078;31444,4816379
85567,28166,3111904;34296,5511186
85586,28271,3112163
85592,24113,2138023
85594,23951,2085807;37513,7063759
85596,42683,7853310
85623,38233,7248706
85626,27851,3110967
85629,28298,3112226;44128,8100419
85632,35218,5513646
85634,25234,2416578;29701,4391724;35641,5515443
85635,38165,7248556
85638,21188,639557
85639,26349,2845304
85642,44438,8101485
85646,24775,2396721
85648,28294,3112216;42454,7844747
85653,27881,3111042
85660,36743,6136004
85662,40134,7426582
85668,25347,2515224
85671,33087,5499860
85683,38712,7250163
85696,43261,7935932
85698,28155,3111873
85703,27196,2919212;43812,8014275
85705,30241,4648159
85708,20621,86710
85715,43318,7936309
85723,27674,3110503
85731,20511,86429
85735,25502,2685665
85736,24459,2230403;41747,7840962
85737,26562,2845917;40280,7589419
85738,30998,4750003
85739,39724,7332241;43706,8014026
85740,29995,4643951
85745,26647,2846146
85746,39896,7380279
85747,35301,5513864
85751,21997,751326;31661,4902864
85778,26736,2846385
85785,41063,7668132
85787,21815,750820;37428,7063548
85795,25327,2515180;33761,5504076;40664,7591424
85806,26732,2846376
85808,39977,7380465
85809,33506,5501303;35726,5515645
85815,23328,1469726;27382,2919968
85816,32055,5076936;34993,5513041
85831,41182,7669138
85837,33568,5501496;42832,7853891
85840,41177,7669125
85845,20877,497216
85849,21010,602345
85858,43739,8014109
85859,36150,5771179
85869,34561,5511959
85880,24388,2230183;37677,7064281
85883,24147,2149765;27088,2918707
85884,38067,7248108
85890,20108,85543
85893,31475,4816451;38036,7248034
85898,27896,3111072
85899,41614,7840322
85911,33564,5501488
85919,33991,5509398;39419,7308506;40683,7591473;43811,8014273
85923,29520,4300284
85929,40353,7589955
85931,28273,3112167
85940,28530,3112901;40048,7380635
85954,26407,2845489;34191,5510887
85957,39929,7380354
85960,39745,7332286
85964,23260,1370868
85966,37742,7064426
85971,41027,7668013
85973,35586,5515311
85974,39305,7254355
85980,19836,64554;26031,2844428;28803,3618035
85981,29418,4300046
85987,31057,4750228;43703,8014020
85992,25478,2515521
85996,37693,7064318
85997,35288,5513828;38021,7247974;40240,7589327
85998,39072,7251418
85999,37753,7064583
86003,40144,7481166
86004,30445,4649393;35474,5515044;40633,7591355;43634,8012697
86006,32792,5498673
86007,27739,3110659;32666,5435487
86008,32594,5435266
86010,36685,6135697
86026,41418,7754016
86029,29283,4299702
86036,35818,5515876
86037,23129,1370485
86051,32214,5397544
86062,31429,4816346
86064,36871,6267497;37113,6890603
86066,43410,7936533
86068,31900,5076214;41085,7668874
86069,29836,4466576
86071,41034,7668027
86072,25922,2844106
86074,27884,3111048
86078,27015,2918028
86079,33806,5508832
86084,22145,1097261;32112,5243854
86100,21134,639389
86101,39031,7251325
86108,44049,8014862
86112,29796,4391987
86116,30168,4645261
86118,39778,7332361
86119,31374,4816222;38511,7249367
86122,32955,5499448
86125,31815,4918098
86127,25623,2840980;42385,7844593
86130,21476,670776;28214,3112014
86138,43936,8014569
86142,26666,2846193;31470,4816441
86145,27466,3109922;38850,7250909
86148,41623,7840349
86149,36783,6136128
86151,21395,670509;31505,4816519
86154,34257,5511052
86155,23329,1469728
86157,28750,3586883;40400,7590178
86159,23759,1889009
86166,43280,7935971
86177,20615,86696
86183,34492,5511797
86186,25368,2515270;34498,5511809
86192,21281,670226
86195,36982,6565116
86197,28044,3111504
86200,40406,7590194
86201,34459,5511720
86202,41952,7841726
86211,31740,4917856
86215,22752,1099954
86219,40571,7591221
86222,38249,7248744
86223,30443,4649388
86225,21671,678471;31358,4816177
86231,23758,1889007
86267,42134,7843312
86277,33413,5501051
86279,34312,5511234
86281,33291,5500593;41702,7840543
86285,42154,7843355
86302,32015,5076757
86317,25482,2515532
86318,29467,4300159
86319,27508,3110065
86330,39396,7308451;40663,7591422
86342,37607,7064108
86348,43207,7935399
86351,42651,7853230
86363,44225,8100773;44432,8101470
86366,20592,86613
86374,44151,8100469
86376,43861,8014397
86377,22195,1097443
86384,21103,639315
86390,23110,1370436
86402,43518,7938054
86404,34374,5511494
86414,21240,639712
86427,39395,7308449
86430,20574,86570;34944,5512905
86439,34723,5512339;37606,7064106;43032,7934644
86441,27726,3110631
86442,20030,69768
86451,23393,1633368;32036,5076842
86456,27945,3111195
86458,41832,7841330
86467,25020,2397371
86469,33281,5500559
86482,23749,1888985;34994,5513043
86483,31981,5076644
86487,29744,4391854
86489,38289,7248836
86495,20935,602121;44513,8101662
86496,27252,2919353
86498,19797,62972
86518,22822,1283410;43377,7936463
86522,34482,5511777
86524,23589,1888568
86532,33350,5500808
86552,38522,7249397
86553,38452,7249221
86554,32998,5499589
86562,29000,3703484
86563,20998,602315
86577,24149,2149786
86581,44564,8101866
86587,21140,639404
86593,33868,5509033
86605,32254,5432095
86615,40522,7591110
86617,21683,678502
86634,26966,2917774
86635,23220,1370762
86644,39837,7333422
86647,44052,8014868
86649,44574,8101891
86654,20092,85511
86659,43971,8014649
86660,20288,85975;32312,5433000
86662,28813,3618057
86664,43542,7938110
86672,25064,2397473
86690,22563,1099350;27677,3110510
86692,25479,2515523
86694,20277,85954;38801,7250761;41175,7669121
86714,30362,4649023
86715,24089,2137905;41394,7753787
86716,42613,7853120
86724,26155,2844780
86725,41858,7841515
86727,34264,5511069
86729,24219,2151506;44397,8101386
86730,24681,2231506;24817,2396871;36607,6135454
86748,36929,6564957
86750,21595,678279
86756,26772,2846482
86757,24792,2396763;28719,3521954
86761,23957,2085820;31129,4750399
86767,40303,7589467
86769,25919,2844093
86774,32705,5435589
86782,36863,6214731
86786,31513,4816535
86794,26566,2845927;26868,2917315;35917,5516106
86804,33196,5500230
86811,27878,3111033
86829,28944,3703276
86832,28350,3112384;38251,7248748
86833,21315,670300;24587,2230677;38901,7251029;43791,8014225
86834,32505,5435005
86838,27012,2918021
86843,24980,2397281
86846,26657,2846170;32037,5076844
86864,30634,4652423
86880,33869,5509035
86882,32241,5432069
86898,32285,5432942
86902,29783,4391956
86912,28032,3111476
86918,37395,7063476
86921,20612,86690
86931,42299,7844367
86932,31403,4816282;34337,5511398
86933,27195,2919210
86942,40024,7380583
86945,20224,85839;20961,602206
86946,34655,5512169
86947,24074,2086141
86956,40678,7591454
86958,19811,64502
86959,20999,602317;21950,751193;40720,7627600
86966,29310,4299762;38702,7250143
86967,37307,6891137
86974,30680,4652540
86976,35468,5515027
86988,40226,7589294
86990,37789,7065029
86992,21128,639377
86996,36772,6136096
86998,42999,7934537
87001,23663,1888778
87014,38586,7249559
87020,41362,7753715
87021,27659,3110472;40472,7590509
87023,35898,5516064
87030,20591,86612
87031,23856,2062482
87042,28489,3112806;30795,4749498
87091,27879,3111035
87094,42266,7844292
87100,37923,7247740
87101,31139,4750427
87102,24799,2396804;37760,7064604
87104,30719,4652655
87105,38738,7250219
87109,27619,3110358
87116,29908,4643687
87117,25925,2844140
87126,38547,7249457
87129,31881,5076167
87131,29653,4391591;35201,5513614;38264,7248777
87132,38799,7250755
87133,21353,670399;28967,3703351
87134,29772,4391929
87138,21366,670448;34637,5512120
87139,24567,2230636
87157,35159,5513518;36600,6001860
87158,21069,639213
87160,26873,2917394;42770,7853736
87163,26558,2845906;36268,5771493
87164,43324,7936326
87169,27568,3110243;31169,4750534
87173,43672,8013945
87175,41796,7841086
87194,41133,7669026;41896,7841598
87195,42591,7853050
87196,20084,85494;36649,6135554
87197,26792,2846540
87201,28676,3354790;28810,3618050
87202,20249,85888
87206,33156,5500100
87213,33543,5501414
87214,28213,3112012
87217,29072,3725634
87231,40797,7667165
87232,34508,5511833
87234,19781,62777
87236,32686,5435547
87239,40824,7667265
87241,23796,1987375
87243,26537,2845851
87244,26800,2846558
87245,21941,751172
87246,34668,5512210;44305,8100986
87248,28497,3112822
87249,27621,3110393
87256,38601,7249594
87258,23637,1888712
87263,23681,1888822
87267,22063,751480
87268,19761,62689;31793,4918030;33487,5501252;35803,5515833
87269,26684,2846242
87270,29552,4300365;29955,4643843
87272,23071,1370308
87279,28054,3111525
87288,25457,2515466;27754,3110708
87292,28511,3112855
87294,31023,4750152
87297,24066,2086125
87298,23058,1284039
87305,27377,2919956
87309,20861,497166
87310,27392,2920000
87321,38582,7249551
87327,25397,2515339
87336,20897,602028
87348,40488,7590631
87355,38494,7249320
87375,36039,5770933
87376,39958,7380424
87377,35008,5513079
87378,38717,7250174
87381,28844,3702983
87389,25547,2685780
87397,31376,4816225
87400,32339,5434005;42723,7853625
87409,40800,7667192
87411,41285,7676234
87413,38823,7250851
87424,34782,5512486
87434,23923,2085718
87441,28534,3112909;36107,5771079
87442,24084,2137839;26782,2846515
87443,27891,3111062
87444,28869,3703065
87447,21406,670570
87452,44238,8100802
87453,21127,639375;22291,1097808
87463,40501,7590756
87470,27358,2919896;41272,7676204
87498,20214,85807;26685,2846244;40711,7592695
87501,30173,4645273;32583,5435192
87516,43197,7935379
87520,28203,3111990
87524,25679,2841105
87533,23526,1812114
87534,20937,602125
87535,22527,1099229
87537,22273,1097747
87540,21598,678285
87541,40504,7590785
87542,42194,7844127
87545,33055,5499751
87548,39065,7251404;40051,7380641
87549,24152,2149791;43553,7938137
87551,33666,5503672
87555,28262,3112145;31863,5076099
87558,37362,7063394
87565,23303,1469663;44200,8100714
87574,29027,3703597
87575,22814,1190018
87580,24696,2231538
87583,32754,5498517
87587,43458,7936682
87588,31876,5076152
87597,25381,2515303;29820,4446607
87602,30735,4652692
87606,20634,86735;39757,7332315
87616,22986,1283833;26422,2845526
87618,26726,2846356
87628,20163,85670
87653,27114,2918893
87656,22516,1099192
87663,34388,5511562;35589,5515317;42052,7843105
87675,42132,7843300
87676,24998,2397319
87680,35685,5515551
87681,39152,7251926
87684,24020,2085983
87689,26879,2917406;35854,5515964
87690,36109,5771083
87691,33516,5501330
87698,29971,4643884;43700,8014014
87722,26383,2845411
87732,33855,5508973
87733,32669,5435493
87742,25631,2840996
87745,37862,7247316
87755,36058,5770971
87773,23699,1888865
87781,20338,86072;31235,4750727;37125,6890630
87783,26969,2917780;38442,7249201
87793,38937,7251104
87802,34949,5512915
87804,29327,4299803
87814,31584,4816780
87817,33422,5501077;41653,7840429
87833,21081,639246
87835,26722,2846348
87843,27756,3110711;35901,5516075
87848,31577,4816765;37636,7064182
87855,34517,5511851;41079,7668169
87861,41553,7840167
87866,43800,8014246
87872,32459,5434889
87874,35772,5515744;39255,7254173
87876,26471,2845647
87877,25178,2397820
87890,24060,2086110
87897,21866,750987
87901,30832,4749606
87911,35259,5513740;43202,7935389
87913,27509,3110068;40439,7590407
87915,21825,750844;28315,3112281
87931,20380,86157
87937,23970,2085853;30137,4644821;33785,5508790
87939,25726,2841232;39633,7331628
87941,42168,7843387
87949,28348,3112380;32743,5498477
87953,23638,1888714
87955,22647,1099636
87956,31842,4918176
87957,22976,1283809;34190,5510885
87959,21974,751264
87960,26634,2846112
87961,31727,4917824
87968,39859,7333490
87975,43504,7938022
87976,29278,4299685
87979,37829,7235667
87980,41738,7840936
87984,29733,4391813
87985,30610,4652356
87988,37949,7247795
87993,22749,1099945
87994,19826,64533
87995,22726,1099882
87996,22964,1283782
88000,26427,2845539;37554,7063992
88002,33416,5501061
88011,37498,7063725
88017,33356,5500833
88018,32573,5435169
88023,32022,5076804
88028,22926,1283685;23060,1284043;44325,8101030
88029,33212,5500310;34314,5511239
88031,40481,7590565
88037,23191,1370670;43695,8014001
88044,36314,5771877;42631,7853178
88052,22550,1099312;32248,5432083
88061,21544,670993
88066,36794,6136152
88094,32011,5076745;35722,5515637;39048,7251362
88108,41135,7669030
88117,39841,7333436
88119,26688,2846251;32507,5435010
88121,35023,5513112
88122,37187,6890760;40253,7589356
88123,29289,4299716;41562,7840195
88132,24566,2230634
88135,31748,4917887
88136,23402,1633432
88137,31080,4750280;38618,7249626
88140,36572,6001744
88148,38007,7247942
88149,34500,5511813
88154,27429,3109726
88161,28220,3112028;40045,7380629;44297,8100962
88165,41916,7841642
88169,43727,8014077
88170,20074,85473
88171,34246,5511030
88177,30346,4648522
88178,22197,1097452;33305,5500645
88179,30454,4649412
88181,25265,2416642
88182,40179,7589179
88183,37600,7064091
88192,25200,2398064
88212,35712,5515613
88229,25330,2515186;33271,5500514
88231,41867,7841537
88233,25877,2843986
88235,33739,5503941
88240,27231,2919301;35190,5513587
88277,39537,7331328;42079,7843165;43446,7936631
88278,42259,7844275
88289,34010,5509467
88292,37283,6891088
88294,42541,7846723
88297,30494,4649506
88298,32735,5498443
88300,25957,2844217
88301,36389,5772113
88304,19946,69437;24187,2151406
88306,33250,5500446
88311,23871,2062522;44047,8014858
88312,32229,5432032
88313,33504,5501297
88345,23880,2085614;39755,7332311
88346,30615,4652369
88356,36744,6136006
88359,23657,1888764
88361,44055,8014875
88362,31627,4824960
88370,42440,7844716
88383,30430,4649338
88389,23533,1812134
88394,31868,5076132;39468,7331133
88406,27658,3110470;38570,7249523;41950,7841722
88407,42341,7844463
88422,34130,5509784;37603,7064100
88423,38168,7248562
88426,24679,2231498
88427,42497,7845215
88428,36608,6135456
88429,39928,7380349
88434,33167,5500136
88439,27813,3110869
88442,26222,2844965
88443,32791,5498665;44486,8101603
88444,33342,5500775
88448,41893,7841592
88456,26488,2845686;28597,3254666
88460,30612,4652362;37664,7064244
88465,29183,4299461;30580,4649748
88467,25976,2844261;27869,3111013
88471,34142,5509824
88472,19932,69396;41219,7676076
88478,30292,4648287
88482,41789,7841072
88488,39329,7254422
88496,42093,7843215
88503,36467,5830691
88511,20129,85590
88512,23643,1888733
88513,22011,751358;38068,7248110
88514,21885,751028
88515,37131,6890641
88517,26617,2846065;34752,5512414
88520,21686,678508
88526,35052,5513191;44609,8101968
88534,26068,2844528
88543,25576,2840861;34884,5512744
88549,22222,1097573
88561,33690,5503731;36544,5925005
88562,29458,4300139;30861,4749672
88563,41722,7840596
88568,26515,2845748
88571,22287,1097796;37235,6890868
88572,34454,5511705;42101,7843233
88573,26810,2846583
88575,25195,2397890;26567,2845929
88576,42257,7844271
88579,22784,1189944;39572,7331410
88597,24507,2230513;36824,6196447
88612,24231,2151537;25926,2844142
88630,27710,3110592
88643,24810,2396849;30001,4643970
88657,20206,85790
88660,24995,2397313
88662,32985,5499538
88671,28394,3112523
88683,19760,62685;31675,4902892
88684,41734,7840814;42280,7844321
88692,43217,7935423
88699,33150,5500077
88703,34567,5511970;41872,7841547
88710,22504,1099160
88711,31201,4750619
88720,19828,64538;39951,7380404
88724,39446,7331086
88731,27484,3109980;43266,7935942
88732,31278,4815987
88733,39203,7253990
88734,29496,4300229;42124,7843281
88735,42293,7844350
88736,19759,62683;35421,5514893
88741,28035,3111483
88742,37561,7064011
88765,25129,2397637
88766,30988,4749969
88774,21770,750693;24058,2086106;35566,5515267
88778,27900,3111083
88784,41032,7668023;42129,7843291
88796,42136,7843316
88812,37681,7064295
88824,19996,69679
88826,21435,670640;36080,5771015;37621,7064147
88827,35585,5515309
88837,43880,8014438
88843,38192,7248617;42761,7853714
88845,43798,8014242
88854,25525,2685724
88855,29474,4300175;32268,5432903
88859,24837,2396917;39334,7254432
88860,23995,2085917
88869,41498,7840047
88877,39685,7332156
88883,28974,3703369;31817,4918105;36357,5771999
88886,24800,2396806
88887,28715,3521947
88902,38872,7250956
88903,25211,2398087;34042,5509540;44032,8014825
88910,24225,2151520
88922,31178,4750552
88923,43346,7936384
88924,37831,7235672
88937,33417,5501063
88941,36181,5771259
88954,40305,7589471
88958,27337,2919812
88959,30106,4644721
88960,22948,1283742
88963,37756,7064592
88971,26201,2844920
88993,20941,602134;22751,1099950
89000,27712,3110596;34334,5511392
89017,36133,5771142;39341,7254453;43316,7936306
89019,40299,7589456
89034,20547,86512
89057,25302,2515125
89073,27953,3111211
89075,35571,5515277
89084,25453,2515458
89087,35055,5513197
89090,33389,5500966
89091,23346,1543019;36451,5772279
89099,27281,2919464
89104,37852,7235743
89113,19952,69457
89114,37790,7065031;39961,7380433
89116,27151,2918992
89117,35193,5513593
89134,30422,4649317
89137,33983,5509381
89142,37970,7247848
89143,39627,7331616
89145,39641,7331647
89165,29558,4300378;41537,7840132
89167,29097,4299234
89178,23830,2052212
89179,24531,2230563
89181,41217,7676070
89182,22994,1283850
89185,21129,639379
89192,40674,7591446
89197,20205,85789;26616,2846063;30982,4749957
89199,21486,670808
89200,40748,7667055
89201,40137,7428349;42974,7934457
89203,33505,5501300
89204,37632,7064173
89211,27708,3110588;31106,4750342;36188,5771278
89230,29961,4643863;41643,7840409
89231,20105,85537;26305,2845197
89237,43068,7934843
89239,33042,5499713
89261,39363,7256259
89263,23483,1801927
89268,29324,4299796
89269,30207,4648071;31251,4750779
89270,25871,2843970
89274,28139,3111836
89280,29252,4299621
89281,32177,5332431
89284,26748,2846432
89286,22487,1099052;27670,3110495
89287,28195,3111971
89310,35778,5515756
89311,40427,7590371;41203,7669185
89316,38500,7249332
89317,32440,5434845
89319,23776,1987331
89324,40737,7627631
89329,27893,3111066
89330,36006,5656787
89332,21951,751196
89334,37204,6890806
89335,20631,86730
89336,27643,3110438
89337,35527,5515170
89338,41103,7668929
89340,23991,2085908;38741,7250230
89342,42176,7843403
89343,30711,4652636
89345,23581,1888546
89346,37861,7247315;42944,7934387
89347,25128,2397634
89350,35563,5515260;36738,6135989
89355,27118,2918907
89360,41410,7753998
89364,25526,2685726
89384,44278,8100908
89393,29679,4391649
89398,22558,1099330;40212,7589262
89408,23284,1370932
89415,28461,3112731
89438,20573,86569;40284,7589425;40457,7590460
89439,31442,4816375
89442,27647,3110446
89446,34395,5511576;41660,7840447
89449,21153,639466
89450,25675,2841098;29762,4391905
89451,41198,7669171
89453,33540,5501399
89456,20200,85754;29412,4300034
89460,23018,1283912
89462,31095,4750318
89467,30971,4749929
89489,35472,5515038
89498,35562,5515258
89499,22048,751447
89502,39818,7333358
89506,23242,1370825;38698,7250126
89512,27324,2919782
89544,20158,85656
89551,42215,7844175
89552,40600,7591287
89560,26529,2845832
89562,26469,2845643
89563,29248,4299612;33465,5501190
89565,21728,678604
89569,37156,6890694
89571,43505,7938024
89574,23785,1987352
89575,26177,2844857
89577,27153,2918999
89578,29720,4391778
89580,23036,1283968;34391,5511568
89583,22713,1099842
89584,42492,7845134
89585,27148,2918986
89588,25430,2515412
89618,43239,7935508
89619,30955,4749892
89620,40848,7667458
89628,35036,5513139
89635,29121,4299296
89664,40355,7589959
89667,33616,5501627
89668,21698,678536
89669,20498,86402
89676,37480,7063686;41132,7669024
89678,43363,7936431
89689,26392,2845436;30550,4649685
89693,27458,3109904;37951,7247799
89699,23470,1801899
89700,38891,7251005;39466,7331129
89702,34298,5511192;43461,7936688
89708,30266,4648223
89721,30072,4644364
89722,27055,2918205;35479,5515059
89723,20114,85556
89726,22159,1097299;22639,1099609;26467,2845638
89728,28437,3112651
89735,33478,5501224
89736,26853,2917282;40095,7380737
89739,40531,7591129
89740,44391,8101371
89743,24345,2230078;32114,5243858;35421,5514899
89748,27097,2918729
89750,34604,5512051
89758,27145,2918980;28554,3112954
89768,43424,7936575
89770,41839,7841398
89772,19985,69654
89773,32794,5498678
89782,22567,1099365;36953,6565024;41619,7840340
89784,34001,5509426;42734,7853647;43091,7934910
89790,40052,7380643
89792,20482,86372
89795,33444,5501136
89800,23916,2085701
89801,35991,5656741
89809,23800,1987382
89811,36201,5771313
89814,20901,602049
89817,20060,85443;40661,7591418
89818,29187,4299469
89819,22308,1097866;42243,7844243
89824,22908,1283644
89831,29448,4300117
89832,33358,5500838
89833,34384,5511554
89852,20240,85868;43270,7935951
89855,34930,5512868
89857,33764,5504081
89860,21505,670865
89866,35509,5515131
89869,24842,2396934;29964,4643868;34779,5512477
89896,24550,2230602
89899,21991,751311;27414,2920230;30933,4749844;40772,7667107
89921,27557,3110218;34204,5510921
89924,24992,2397307;36304,5771855;44103,8100360
89939,20590,86610
89944,31515,4816539
89947,35178,5513560;37937,7247768
89948,21688,678512
89949,41848,7841490
89952,27417,2920236;31413,4816302
89963,35648,5515455
89964,42810,7853823
89965,27164,2919025
89966,27068,2918661
89972,32018,5076764
89978,26293,2845161
89983,36136,5771147
90000,29787,4391964;35885,5516038
90002,42453,7844745
90004,25201,2398069;37206,6890809
90006,28388,3112511
90007,21597,678283
90010,24736,2231623
90015,26144,2844736
90016,26284,2845137
90043,29868,4643501
90044,34939,5512891;38515,7249376
90046,39038,7251339
90047,27248,2919344
90050,25953,2844208;41732,7840768
90056,23750,1888988
90065,25564,2840837;32278,5432923;34226,5510986
90078,22603,1099514
90080,24823,2396886
90095,27733,3110647
90096,23763,1987294;31651,4827767
90097,28797,3618000
90099,21321,670315
90100,28441,3112665
90101,40544,7591163
90103,40542,7591159
90105,36210,5771329
90107,36663,6135631
90110,33713,5503876
90116,42140,7843324
90119,35676,5515515
90120,23152,1370549
90130,33172,5500148;41510,7840074
90141,24270,2227263
90144,21982,751286;31581,4816775;44063,8100267
90149,20265,85932;41119,7668986
90156,38142,7248395
90159,28807,3618044
90160,26814,2846592
90162,41284,7676232
90164,34496,5511805
90169,28257,3112126;38918,7251062
90172,21962,751231
90173,41778,7841042
90180,42665,7853266
90204,41744,7840956
90209,20051,85386
90214,21328,670339;27106,2918749
90222,42175,7843401
90235,43181,7935468g
90245,38786,7250728;42686,7853316
90252,35422,5514909;43330,7936338
90256,22058,751468
90261,19935,69403;25622,2840978
90264,25902,2844050;42422,7844679
90267,24526,2230554
90269,20218,85813
90270,25222,2416554
90275,22671,1099702
90279,35059,5513205
90297,21609,678317;30856,4749658
90303,21601,678299
90307,25025,2397383
90309,29675,4391639;38086,7248150
90312,38490,7249312;40076,7380694
90314,22457,1098445
90315,41806,7841109
90318,20917,602083
90336,24165,2151344;33005,5499609
90337,28993,3703453
90339,40921,7667655
90340,35581,5515302
90351,27576,3110270
90353,38483,7249298
90360,20352,86103
90363,22765,1099994;40001,7380534
90364,23619,1888662;40066,7380674
90366,31478,4816456;41295,7676259
90370,21159,639479
90372,40933,7667684
90373,20490,86386
90374,34607,5512057
90382,32366,5434656
90385,20526,86470
90392,40791,7667153
90393,29372,4299939
90395,34785,5512497
90396,34928,5512864
90398,25492,2515554
90401,41770,7841022
90403,27200,2919222
90404,23253,1370850
90405,29811,4446577
90410,28563,3181995
90411,28281,3112189
90413,20053,85412;30322,4648400
90414,35545,5515215
90418,42695,7853335
90424,39604,7331562
90430,28937,3703251
90433,40360,7589973
90442,28448,3112681
90451,35470,5515033
90452,27390,2919996
90453,19992,69666
90456,21661,678449
90460,22811,1190012;42322,7844420
90462,43129,7935183
90464,36355,5771995
90465,29186,4299467;34548,5511920;43406,7936525
90466,26453,2845598;26569,2845934;32294,5432959
90467,34029,5509509;42383,7844589
90468,27751,3110702
90470,26738,2846389;28731,3521979;30396,4649093
90472,35979,5598293
90474,23756,1889003
90475,27465,3109920
90477,38269,7248787
90478,34518,5511853
90481,23708,1888890
90487,32371,5434667
90495,29177,4299446;39763,7332331
90509,33526,5501359
90516,35316,5513898
90520,38595,7249577
90523,30867,4749684
90528,36729,6135971
90545,25212,2398089
90550,29988,4643932
90551,24437,2230356
90556,20575,86573;41659,7840446
90560,33553,5501439
90561,34952,5512921
90570,24408,2230231
90572,26355,2845325
90574,37094,6806597
90582,36000,5656772
90592,36714,6135771
90594,35477,5515053
90596,26160,2844791;38361,7249025;43335,7936353
90598,26337,2845275
90599,37060,6565318
90600,37302,6891128;44400,8101392
90601,38912,7251050
90606,29062,3725612;39940,7380383
90609,35336,5513966
90613,42629,7853172
90615,28304,3112242;41582,7840239
90616,33418,5501065
90617,34003,5509453
90620,32115,5243860
90621,40606,7591298
90624,20466,86341;44069,8100279
90625,25384,2515312;38931,7251092
90627,34357,5511452;39591,7331459
90628,21977,751271
90637,25665,2841076;32349,5434621
90641,21633,678379
90648,22259,1097703;40841,7667442
90649,19793,62952;41571,7840213
90654,27351,2919880
90655,26496,2845705
90657,44025,8014809
90659,21783,750746
90660,32580,5435184
90663,29158,4299391
90668,41941,7841704
90672,21280,670219;36802,6196323
90682,38137,7248382
90701,29214,4299531
90707,38722,7250187
90708,32493,5434979
90710,30002,4643972
90711,42169,7843389
90726,33141,5500053
90728,28113,3111771
90730,20372,86142;40667,7591431
90731,42092,7843191
90732,33361,5500859
90734,19892,69275
90739,21913,751106;34523,5511866
90741,43521,7938060
90756,36065,5770987
90767,20874,497206;44111,8100376
90774,24761,2396688;31107,4750344
90779,22218,1097557
90780,30249,4648175
90784,38777,7250651;41750,7840968
90794,20488,86382;37850,7235733
90797,35995,5656752
90805,39791,7332400
90814,23941,2085762;34960,5512937
90828,28881,3703098;38396,7249098
90834,23929,2085729
90835,43905,8014492
90838,30609,4652354
90845,23975,2085868;36112,5771090;43907,8014496
90846,26327,2845251;39058,7251382
90848,26288,2845146
90849,26147,2844746;38742,7250231
90850,33643,5501707
90851,34255,5511048
90854,20425,86248;33074,5499820
90857,41695,7840526
90860,24821,2396882;27431,3109771;30290,4648283
90863,21363,670442
90866,39963,7380437
90873,35724,5515641
90875,39992,7380513
90876,34824,5512587
90892,31534,4816682;41359,7753710;43419,7936563
90897,21674,678477
90898,43121,7935087
90899,32266,5432899;35658,5515475
90903,34798,5512523
90904,40853,7667470
90909,35730,5515653
90910,35633,5515420
90913,36513,5924909
90921,27694,3110557
90928,36184,5771264
90929,21456,670691
90930,23337,1469753
90934,35257,5513736
90936,32370,5434664
90952,40296,7589450
90953,26643,2846138;39324,7254412
90956,36116,5771106
90960,24106,2138007
90961,37983,7247885
90963,38446,7249209
90966,27317,2919721;41057,7668077
90974,40222,7589286
90976,29490,4300214
90978,27917,3111126
90981,27121,2918923
90983,24209,2151469
90989,29477,4300181
90997,34587,5512014
91000,27348,2919875
91006,26346,2845297
91014,20057,85425
91040,34982,5513010;38079,7248132
91042,43447,7936633
91043,25485,2515537
91052,32751,5498499
91054,33811,5508842
91057,26486,2845681
91059,33707,5503861;35062,5513215
91060,20415,86229;40936,7667690
91061,27103,2918743
91066,37919,7247728
91068,29524,4300296;36224,5771362
91070,31887,5076180;44476,8101583
91078,24238,2151553
91085,31910,5076240
91091,35520,5515153
91093,39728,7332249
91094,29812,4446579
91096,23571,1888520
91102,27301,2919651;31213,4750653
91110,36716,6135775;38053,7248076
91112,41777,7841036
91115,23084,1370368;40503,7590774
91123,44253,8100847
91127,35692,5515565
91128,37203,6890805
91137,38916,7251058;39805,7333316
91138,36020,5656819
91149,35169,5513541
91151,21038,604971;44321,8101021
91155,29258,4299634
91158,27882,3111043
91160,26014,2844388
91161,25823,2843847;31032,4750171
91162,22920,1283671;41297,7676263
91163,24107,2138009
91169,32858,5498954;40069,7380680
91173,23504,1801975
91176,36628,6135501
91178,39296,7254330;40888,7667568
91180,22170,1097343
91189,22531,1099241;40030,7380595
91190,22152,1097280;29773,4391931
91191,25287,2515088
91192,34527,5511874
91193,32258,5432103
91195,43345,7936382
91196,27740,3110661
91211,22728,1099888
91213,44598,8101946
91234,23223,1370772
91235,37426,7063544;38352,7249002
91236,22343,1098027
91245,34423,5511639
91250,21896,751068;39497,7331216
91254,36459,5772296
91255,30019,4644221
91260,43115,7934980
91265,28176,3111926;44013,8014768;44332,8101044
91268,34418,5511626;42445,7844729
91277,43228,7935450
91283,26851,2917277
91285,20412,86223;43493,7937997
91286,25166,2397775
91298,26270,2845094
91299,39758,7332317
91303,23928,2085728
91305,34090,5509659
91306,32862,5498969
91308,38242,7248730
91323,37088,6806241
91324,35262,5513749
91329,20538,86494;26702,2846299
91334,37325,6891177
91336,28258,3112128
91338,30077,4644373
91341,25030,2397392;37497,7063723;38267,7248783;41046,7668055
91343,37731,7064401
91345,21061,639194
91351,23427,1633490
91352,31894,5076199
91358,32619,5435341;38532,7249423
91362,41830,7841325
91365,24455,2230395;25262,2416637
91376,32939,5499402
91377,28385,3112503
91378,22528,1099231
91379,37465,7063656
91380,31022,4750150
91381,38203,7248642
91384,35867,5515993
91385,31073,4750260;40018,7380568
91386,28507,3112847
91388,34576,5511988
91391,19909,69313
91392,20410,86220
91393,41892,7841590
91394,24825,2396892
91395,38282,7248822
91404,39205,7253994
91406,27772,3110778
91408,23452,1801860
91409,25998,2844336
91428,43042,7934716
91429,42575,7853002
91430,35841,5515939;37227,6890853;43770,8014180
91431,36347,5771977;43973,8014653
91432,32490,5434973
91435,23494,1801950;28485,3112787
91436,35684,5515544
91438,40578,7591235
91441,32964,5499476
91449,24035,2086038
91453,29475,4300177
91456,42576,7853004
91458,21087,639259;36015,5656809
91460,25664,2841074;32529,5435074;38607,7249604
91462,28939,3703257
91469,37299,6891117
91475,22392,1098205;43537,7938095
91476,25068,2397481
91477,35108,5513320;42414,7844660
91485,24908,2397121;43044,7934730
91491,26249,2845028
91495,25150,2397737;38608,7249606
91503,42831,7853888
91504,34558,5511940
91506,28129,3111812;33295,5500606
91507,24608,2230722
91510,23707,1888887
91523,20968,602219;34981,5513009;35519,5515151
91524,41609,7840311
91527,22544,1099292
91528,30899,4749765
91529,20589,86608
91531,31405,4816285
91532,21157,639475
91540,26959,2917759
91543,36390,5772115
91544,36001,5656778
91545,33809,5508838
91548,33787,5508794
91550,23080,1370329
91551,25189,2397878
91552,23857,2062484
91553,23268,1370891;41438,7839907
91556,25541,2685764
91557,40038,7380612
91561,24986,2397295;26541,2845864;36225,5771364;39011,7251281
91565,39354,7254490
91568,33791,5508802
91569,32315,5433006
91575,29408,4300024
91580,28792,3617985
91581,23598,1888592
91584,28158,3111881
91588,33857,5508976
91590,26933,2917585;43018,7934603
91592,21215,639629;40214,7589267
91594,30528,4649642
91595,20239,85866
91596,35816,5515865
91597,29377,4299949
91598,40615,7591316
91599,40323,7589510
91600,22772,1100010;42661,7853260
91605,33776,5504110;44077,8100298
91612,31149,4750464;38303,7248893
91614,23453,1801862;28322,3112301
91620,24265,2227253
91621,30839,4749619
91622,23824,2050925
91624,23317,1469697
91626,28590,3254603
91627,28929,3703228;33951,5509293
91628,22472,1098491;31741,4917866
91630,41866,7841535
91633,29087,4299198
91635,33351,5500821;43386,7936481
91636,26354,2845323;28344,3112363
91638,41727,7840664
91640,41339,7753665
91641,39005,7251268
91648,31596,4816805
91661,37082,6806229;42963,7934435
91664,29113,4299276;39975,7380461
91665,19800,62983
91666,26834,2917238
91677,23015,1283905
91681,24951,2397215
91687,27115,2918895;37186,6890758
91689,34875,5512723
91693,37229,6890857;41389,7753772
91695,43568,7938173
91698,27268,2919423
91699,41600,7840287
91701,24119,2138037
91703,33644,5501710
91706,36768,6136084;39374,7256278
91711,38640,7249908;41543,7840147
91712,25484,2515535
91714,21403,670565
91715,22366,1098118
91726,29122,4299298;42704,7853356
91740,22809,1190008
91741,33717,5503886;44423,8101452
91742,42954,7934408
91743,19882,69248;33054,5499749
91744,40745,7667049
91753,40978,7667885
91765,38794,7250745
91767,26081,2844561
91768,42423,7844682
91769,33980,5509357
91770,21908,751095;35274,5513773
91772,34879,5512731
91773,24742,2320973;42991,7934504
91774,39988,7380505;41633,7840379
91775,22522,1099210
91777,34902,5512793
91780,38497,7249326
91781,39467,7331131
91789,24339,2230054;40368,7589991
91793,37406,7063501
91799,23327,1469724
91804,27346,2919871
91806,40053,7380645;43496,7938008
91809,36433,5772228
91831,20172,85686;43534,7938086
91834,21394,670507
91836,19860,64954
91839,41618,7840330
91840,37564,7064015;38207,7248650
91845,38145,7248401
91846,41348,7753685
91849,40795,7667161;44073,8100287
91853,39033,7251329
91861,26151,2844766
91863,32721,5498406;36141,5771161
91867,20011,69720
91868,37277,6891073;44497,8101629
91871,25696,2841144;35282,5513811
91874,21001,602325
91877,20173,85688
91881,28390,3112515;43057,7934788
91885,24007,2085950
91890,44233,8100789
91893,28976,3703373
91894,31617,4816846
91898,28482,3112781;34991,5513035
91909,21033,604961
91911,31440,4816369
91919,21949,751191;41364,7753719
91921,39399,7308462
91926,36565,6001717
91928,31695,4902938
91931,24112,2138021
91932,34757,5512424
91938,22677,1099717;39455,7331104
91939,26660,2846176
91941,27838,3110939
91945,33684,5503717
91949,22682,1099738
91951,41315,7676313
91959,32947,5499430;41157,7669082
91961,29234,4299578
91962,24706,2231560;42872,7854736;42980,7934469
91963,23385,1633349;37020,6565220
91966,28570,3182013;40206,7589250
91967,22955,1283760
91968,33174,5500153
91969,27818,3110880
91970,20464,86337;29506,4300252
91972,44008,8014758;44070,8100281
91976,31212,4750651
91982,39485,7331183
91984,39263,7254215
91987,30420,4649310
91988,28947,3703282
91999,22052,751456
92003,35162,5513527
92008,24728,2231607;41596,7840270
92009,36309,5771866
92012,21151,639462;38080,7248134
92013,19796,62970
92020,24027,2086011
92025,30810,4749536
92029,21075,639227
92033,20208,85795;33438,5501118;37945,7247787
92034,40100,7380752
92040,29069,3725628
92041,23053,1284028;41213,7669210
92042,38864,7250940
92046,28432,3112641
92047,19780,62756
92058,25136,2397650
92059,20563,86548
92060,26377,2845392;34079,5509625
92070,36044,5770944
92072,40699,7592664
92080,36174,5771236
92081,40783,7667132
92083,21106,639322
92087,43751,8014133
92090,29800,4391994
92091,25196,2397981;43369,7936443
92098,40512,7590866
92104,26150,2844757;38225,7248690;39511,7331262
92105,25828,2843859;32226,5432024;44417,8101440
92114,39868,7333569
92127,43388,7936485
92129,22719,1099863
92134,25890,2844019
92135,23802,2031589
92136,26020,2844402
92137,32218,5397551
92142,39886,7380258
92145,28805,3618039
92147,24529,2230559
92149,22947,1283740
92151,24552,2230605;30433,4649345
92169,31196,4750597
92180,33925,5509171
92184,41564,7840199
92187,29148,4299365;39750,7332301
92188,34763,5512440
92194,20979,602245
92195,22797,1189979
92197,30751,4652731
92207,39657,7332088
92208,33496,5501271
92210,41312,7676306
92213,35878,5516020
92222,37724,7064387
92233,33473,5501212
92235,41344,7753674;42159,7843365
92236,23009,1283892
92237,21032,604959;40318,7589497
92238,31124,4750387
92239,21044,639127;40538,7591148
92251,30761,4740658
92252,20531,86480
92256,35732,5515657
92257,37555,7063994
92258,27997,3111317
92260,22735,1099905
92261,36901,6564878
92272,24979,2397277
92273,20336,86068
92275,23061,1370160
92276,41479,7840010
92285,39637,7331636
92303,34645,5512142
92309,33173,5500150
92311,20987,602272
92312,34018,5509484
92316,32273,5432914
92317,34644,5512139
92318,28144,3111847
92323,36234,5771387
92324,25834,2843872
92329,27702,3110575
92335,22897,1283607
92357,25348,2515226
92358,26535,2845847
92359,32888,5499033;39052,7251370
92378,26622,2846083
92380,26236,2844997;37318,6891159;41117,7668982
92381,40923,7667659
92388,36444,5772265
92392,35857,5515970
92400,39476,7331158
92403,44619,8101997
92407,25552,2685792;34428,5511649
92409,40097,7380741
92418,23245,1370831
92420,21564,678172;32118,5243867
92433,28004,3111334
92444,28105,3111753;32140,5243923
92449,29039,3703629
92452,41568,7840207
92458,30818,4749553
92479,37111,6890599
92483,21488,670813
92485,22062,751478
92488,21370,670455
92503,40233,7589308
92504,33168,5500139
92506,31186,4750575
92508,23801,2031588
92509,28512,3112857;32984,5499535
92510,33066,5499791;43808,8014267
92511,26319,2845230
92512,27216,2919262
92513,30044,4644292;41420,7839871
92514,38392,7249090
92524,31923,5076284;33135,5500027
92527,31140,4750434
92530,42511,7845251
92541,23185,1370656
92547,28143,3111846;39035,7251333
92549,38661,7250045;43752,8014135
92551,25471,2515506
92555,35625,5515404
92560,41392,7753778
92563,23680,1888817;33841,5508939
92564,24454,2230393;37880,7247595
92565,37721,7064382;39106,7251493
92566,38034,7248004
92573,29120,4299292
92574,34111,5509703;37381,7063444
92575,21933,751152;33000,5499594
92577,27211,2919251
92581,21360,670414
92582,30840,4749622
92584,30696,4652591;34501,5511820
92586,21481,670797;40705,7592679
92587,39515,7331270
92590,36019,5656817
92592,29677,4391645
92610,35646,5515451
92611,27072,2918670
92612,23493,1801948
92627,27257,2919364
92632,22632,1099591;40929,7667676
92633,35860,5515976;39552,7331366
92636,39321,7254407
92637,27662,3110480
92638,20952,602184
92639,26603,2846034
92642,34697,5512271;44408,8101418
92647,36172,5771232
92648,23200,1370706
92651,40931,7667680
92657,38194,7248621
92680,25401,2515349;26148,2844747
92685,22547,1099302
92692,23569,1888515;32623,5435394
92693,30129,4644802
92694,27967,3111242
92696,26189,2844888
92709,36424,5772205
92710,22502,1099145
92712,31063,4750242
92715,30437,4649355;40970,7667854
92721,41258,7676173
92722,21681,678497
92729,37459,7063641
92730,43045,7934738
92732,31511,4816531
92733,22551,1099314
92740,40343,7589935
92746,41448,7839935
92753,21439,670650
92754,20938,602127
92755,29510,4300262
92757,35463,5515013
92758,24590,2230683;31180,4750558
92784,29642,4391567
92789,26962,2917767;29084,4299191;40307,7589475;42702,7853352
92790,21314,670298
92794,20942,602136
92799,25881,2843998
92801,23676,1888807;38466,7249254
92802,42945,7934389
92804,31903,5076223;43066,7934839
92809,24571,2230643;34869,5512711
92819,24851,2396952;35660,5515479;41459,7839967
92831,22028,751398;30017,4644215
92840,24154,2149796
92843,26049,2844478
92854,33347,5500790;40731,7627619
92857,29471,4300168
92866,24040,2086053
92867,34152,5509844
92882,22637,1099603
92887,25326,2515178
92893,27938,3111177
92897,24923,2397151;30672,4652519;37403,7063495
92898,32355,5434633
92904,29326,4299801
92907,42327,7844430
92908,42589,7853044
92909,29578,4300422;35224,5513662
92910,24088,2137877;35866,5515991
92912,33551,5501435
92926,26607,2846043
92929,42717,7853388
92930,31071,4750256
92931,41486,7840023
92932,26340,2845282
92933,36250,5771429
92934,21241,639720;32748,5498491
92961,21324,670322;36658,6135571
92962,40959,7667758
92969,20912,602072
92976,33531,5501370
92983,43175,7935322
92984,24899,2397101
92986,26734,2846381
92987,38401,7249113
93002,38986,7251226;42117,7843264
93003,43308,7936286
93008,35920,5516112
93010,42254,7844265
93011,32413,5434788
93019,30966,4749918
93020,25437,2515425;36858,6196547
93022,43463,7936694
93028,21335,670356
93029,24285,2229869
93030,38465,7249251
93033,42662,7853260
93034,24607,2230720
93039,28389,3112513
93050,29723,4391789;30941,4749863;32049,5076919
93058,27865,3111005
93060,24296,2229899
93064,24785,2396746
93066,35876,5516016
93075,27445,3109869
93076,22408,1098263;30984,4749961
93086,29202,4299505
93087,21615,678331
93092,21289,670242;23741,1888968
93094,21184,639545
93095,43174,7935320
93101,21304,670279
93102,21066,639207
93112,37508,7063749
93113,28849,3702995
93121,32029,5076821
93124,28694,3521905
93125,21843,750884
93126,43160,7935292
93129,41557,7840179
93130,26986,2917940;33284,5500567
93131,27525,3110116
93134,30083,4644388;31228,4750705;31535,4816683
93135,40293,7589443
93136,30686,4652559
93138,26802,2846565
93140,32212,5397540;40817,7667240
93152,22543,1099289;34208,5510947;44036,8014838
93155,37079,6565374
93157,36879,6267517
93169,23768,1987305
93170,26120,2844672;44471,8101570
93171,36322,5771898
93173,35359,5514754;37943,7247783
93179,37550,7063984
93181,43685,8013981
93184,25425,2515402
93186,32152,5332366
93189,27651,3110455
93191,36737,6135987;41723,7840599
93192,35825,5515904;36161,5771208
93193,42386,7844595
93194,41599,7840286
93196,30434,4649348
93199,22961,1283776
93201,22556,1099326
93202,22923,1283678;31218,4750664;42611,7853114
93207,44479,8101589
93208,32828,5498798
93209,29095,4299229;33462,5501183;43876,8014432
93210,33308,5500657;35578,5515291;35839,5515932
93214,22192,1097435
93222,34074,5509615
93233,29074,3725638
93234,40421,7590353
93235,25956,2844214;30261,4648213
93236,28926,3703221
93240,24968,2397253
93244,25584,2840882
93245,30912,4749796
93246,24352,2230092
93263,29247,4299609;33235,5500386
93272,35441,5514946
93273,28885,3703110
93278,27144,2918978
93279,24195,2151427;27873,3111023;42709,7853366
93281,41768,7841018
93286,41731,7840747
93306,30697,4652594
93320,25736,2841256
93328,22411,1098271;43485,7937976
93342,26198,2844912
93344,31508,4816525
93345,23011,1283896
93350,25056,2397456
93354,22932,1283698;32365,5434654
93362,37805,7235607
93367,25221,2416553
93368,25313,2515149;35526,5515168
93369,24340,2230057;29750,4391876
93370,27927,3111150
93372,31299,4816045
93374,26420,2845520
93376,35341,5514670
93379,44144,8100455
93388,34711,5512308
93399,24200,2151444
93404,43927,8014546
93422,37391,7063468
93423,42137,7843318
93426,32660,5435471
93428,22724,1099878
93429,41254,7676164
93432,25288,2515090;33727,5503913
93433,40558,7591191
93434,25325,2515175
93440,38155,7248421
93442,35951,5598191
93445,25620,2840964
93452,41222,7676080
93454,31471,4816443
93455,43852,8014376
93461,22317,1097898
93463,23391,1633363
93465,24059,2086108
93466,23609,1888622
93467,33903,5509119
93472,28738,3521993
93486,23897,2085657;43093,7934914
93487,31068,4750250
93488,39564,7331394
93489,24157,2151322;31620,4816852
93493,26306,2845199
93500,26864,2917306
93502,41810,7841117
93505,28424,3112623;35888,5516044
93518,34580,5511996
93521,27156,2919007
93527,37612,7064118
93529,29205,4299511
93547,26787,2846526
93548,37267,6891045
93549,40234,7589310
93550,27836,3110934
93553,31215,4750658;34379,5511509;34433,5511659
93555,22489,1099059;28842,3702979;31192,4750587
93558,30786,4749475;41721,7840593
93559,35191,5513589;36475,5830709
93561,35296,5513849
93565,28254,3112114
93572,30463,4649432;30601,4652326
93573,22276,1097761
93575,33388,5500964
93578,37578,7064044
93579,33924,5509169
93581,31760,4917917
93582,31407,4816290
93586,41107,7668940
93588,24467,2230422
93594,25611,2840946
93596,22848,1283474;24878,2397042
93598,35155,5513510
93599,31258,4750800;44571,8101880
93601,31271,4815944
93606,26579,2845958
93610,24049,2086081
93612,27553,3110210;34882,5512740
93614,22732,1099898
93619,37904,7247698;40874,7667524
93620,31015,4750130;41597,7840272
93621,32706,5435592;44081,8100306
93623,34281,5511142
93625,22679,1099722
93626,29791,4391975;40820,7667255
93635,25157,2397754
93637,26489,2845688
93650,30875,4749702
93659,43360,7936420
93662,23139,1370515
93663,35213,5513636
93665,25714,2841188;44488,8101607
93671,41945,7841712
93672,29963,4643866
93673,38610,7249610
93674,22852,1283482
93678,38781,7250719
93681,22514,1099187;32874,5498998
93683,23097,1370402
93690,35322,5513938
93692,35363,5514785
93694,22451,1098426
93695,38998,7251250
93696,36419,5772187
93697,44247,8100825
93704,32810,5498726
93705,22391,1098201
93708,27259,2919368
93709,36295,5771612
93718,35938,5591339;37177,6890741
93719,26315,2845220
93720,28988,3703434
93723,35810,5515849
93724,36860,6196551
93725,39288,7254313
93729,33376,5500914;44201,8100716
93731,33369,5500889
93732,25849,2843913
93733,27615,3110350;41072,7668150
93734,25826,2843854
93736,42021,7842203
93737,31731,4917834
93738,34411,5511612
93741,24121,2149599
93753,36081,5771021
93754,23613,1888636
93758,24452,2230389
93763,31529,4816671
93764,24382,2230166
93767,43465,7936700
93768,22189,1097418;39797,7332418
93769,24655,2231437;25804,2843800;42071,7843149
93773,33082,5499847
93775,42693,7853331
93777,23217,1370749
93781,22475,1098501
93787,35072,5513235
93789,28540,3112922;31047,4750208
93790,30046,4644297
93793,28467,3112742
93796,35158,5513516
93801,28640,3342134
93805,32898,5499059
93808,30325,4648408
93810,36350,5771984
93814,40033,7380601
93843,43434,7936602
93844,34371,5511488
93845,27902,3111095
93847,39905,7380300
93848,24202,2151450
93849,37157,6890696
93858,33322,5500699;40613,7591312
93859,43914,8014510
93862,32991,5499571
93865,30569,4649725
93868,25899,2844039
93870,38828,7250861
93876,29798,4391991;41917,7841644
93879,23177,1370633
93880,32761,5498555
93882,23030,1283940
93883,32724,5498411
93891,33230,5500373
93893,37665,7064246
93896,31191,4750585;34873,5512719
93898,34426,5511645
93899,23232,1370797
93901,32857,5498952
93913,35050,5513187
93924,33678,5503701;37034,6565253
93926,26742,2846419
93927,26836,2917242
93928,36382,5772073
93932,31719,4917799
93935,29322,4299792
93936,27648,3110449
93940,23035,1283953;23367,1543068
93948,43194,7935370
93959,24051,2086086;39340,7254445
93962,43573,7938183
93963,29965,4643870;36091,5771042
93964,42478,7844820
93965,26998,2917964
93967,34194,5510894
93980,30397,4649096
93985,27040,2918172;42274,7844309
93990,23248,1370838
93992,30603,4652341
93994,33805,5508831
93996,30928,4749833
93998,34335,5511394
93999,27982,3111277;30431,4649340
94000,28744,3586870;42355,7844490
94002,31458,4816410
94003,37604,7064102
94004,26725,2846354
94006,33014,5499639
94012,27136,2918959
94016,30390,4649080
94019,25503,2685667
94033,30838,4749617
94044,29752,4391879
94048,35111,5513326;38379,7249060
94049,33866,5509029;38627,7249657
94050,27473,3109952
94055,37419,7063527
94056,26858,2917292
94057,40205,7589248
94059,25461,2515480
94062,23684,1888828
94070,25990,2844320
94079,28080,3111617
94084,33157,5500103
94085,23931,2085733
94086,33756,5504057
94094,24505,2230509
94101,26443,2845578
94102,28984,3703417;33957,5509304;38438,7249189
94103,41187,7669148;44426,8101458
94105,29301,4299744
94114,30905,4749780
94127,25380,2515298
94140,29625,4391560
94141,23206,1370724
94151,32647,5435445;39109,7251499;44091,8100333
94152,24019,2085980
94162,35186,5513579;42202,7844148;44202,8100718
94169,38762,7250614
94172,41434,7839899
94173,29139,4299341
94185,32275,5432918
94197,24658,2231444;34859,5512665
94198,35848,5515952;39154,7251931
94201,32203,5397522
94205,38350,7248998
94224,25532,2685740;31677,4902897
94233,42725,7853629
94234,28615,3254712
94235,37378,7063433
94236,39586,7331445
94237,32211,5397538
94239,26990,2917948
94240,38908,7251042
94245,44629,8102017
94247,30895,4749756;42699,7853343;43140,7935249
94250,35760,5515717
94259,24513,2230526
94261,25837,2843879
94266,32769,5498585;37776,7064910
94291,39917,7380324
94300,42767,7853725
94304,23396,1633377;33567,5501494;38499,7249330
94305,24251,2151582;40540,7591156
94307,37161,6890712
94325,27823,3110895
94329,27868,3111011
94345,28931,3703234;42957,7934419
94350,34797,5512521
94358,24146,2149763;35043,5513157;38091,7248160
94381,29736,4391828
94384,33081,5499846
94388,35146,5513492
94395,23789,1987361
94398,37878,7247590
94400,33431,5501097
94402,38367,7249036
94404,30334,4648495
94406,33984,5509383
94407,25476,2515517
94408,41644,7840411
94409,28296,3112221
94411,24052,2086088
94412,27094,2918721
94413,28306,3112246
94417,23736,1888955
94420,32359,5434640;35556,5515242
94439,25059,2397462
94442,26531,2845836;39806,7333319;43648,8013888
94443,30976,4749940
94447,25123,2397625
94449,38154,7248419
94452,26805,2846572;37300,6891118
94456,40867,7667508
94457,39241,7254144
94462,37772,7064823
94469,37808,7235615
94474,44075,8100291
94478,28871,3703070
94479,25895,2844030
94481,30296,4648295
94486,40622,7591333;43837,8014340
94496,31765,4917934
94500,37523,7063782
94503,27430,3109736;36593,6001826
94510,36939,6564986
94511,23466,1801891
94512,42021,7842204
94517,34073,5509613;39638,7331638
94520,23944,2085770
94528,36411,5772166
94534,36399,5772134
94536,34597,5512034
94537,23972,2085861;42061,7843130
94541,27890,3111060;29927,4643762;43198,7935381
94548,25554,2685796
94553,23692,1888846
94563,28355,3112415
94564,34585,5512010;43774,8014188
94569,29509,4300259
94574,40521,7591108
94575,33282,5500562
94576,39251,7254165
94584,29664,4391615
94601,25439,2515429
94623,36504,5924868
94624,23405,1633440;34948,5512913
94625,23633,1888701
94626,36891,6279776
94628,25321,2515167
94630,28168,3111909
94632,26122,2844680;37720,7064376
94640,44396,8101384
94644,26370,2845378
94648,38545,7249453
94649,26717,2846333
94653,25144,2397725
94665,24204,2151455
94678,39532,7331313;44258,8100863
94683,35748,5515692
94688,27973,3111255
94692,36386,5772087
94693,26824,2917219
94723,31366,4816206
94728,24446,2230377;35781,5515767
94733,31035,4750178
94735,35661,5515486
94741,41191,7669156
94753,24784,2396744
94758,37160,6890703
94760,39245,7254153
94773,44515,8101669
94774,43681,8013973
94788,37021,6565226
94795,33107,5499935;37674,7064269;42902,7854868
94799,32530,5435078
94802,38870,7250952
94807,37265,6891041
94809,25460,2515477
94811,25338,2515203
94812,33942,5509267
94816,32820,5498770
94820,29827,4466558
94822,43539,7938099
94833,26010,2844377
94835,28852,3703004
94836,34706,5512293
94841,24039,2086048
94842,24885,2397060;44213,8100745
94857,35348,5514732
94860,25170,2397783;37623,7064150
94862,33423,5501079
94866,33269,5500506
94869,27972,3111253;37153,6890689
94871,30670,4652515
94875,34866,5512705;36216,5771343
94877,41552,7840165
94879,25395,2515335
94884,29348,4299883
94885,28228,3112050
94887,25891,2844021
94888,25156,2397752
94891,29813,4446582
94894,26224,2844970;40478,7590538
94895,41193,7669161
94897,28009,3111345
94903,36636,6135519
94905,38237,7248714;43028,7934632
94910,40194,7589223
94912,27092,2918717
94914,44550,8101831
94929,30648,4652458
94935,34185,5510768
94937,23514,1802006;43878,8014434
94938,33900,5509111
94950,36079,5771014
94964,37897,7247681;37906,7247702
94969,32646,5435443
94970,27811,3110864
94971,33555,5501443
94973,23642,1888731
94975,27570,3110248
94983,39932,7380362;43563,7938163
94989,24900,2397103
94990,34831,5512601
94991,36011,5656796
94992,28068,3111563
94996,23850,2062449;44294,8100957
94997,39101,7251484
94998,29974,4643893
94999,29505,4300250;39219,7254022
95002,23640,1888719
95003,27326,2919787
95005,23505,1801976
95010,27460,3109908;42483,7844850
95022,41450,7839939
95024,25352,2515235
95029,23535,1812140;24178,2151380;27638,3110424
95032,23705,1888883
95034,26291,2845153;43222,7935433
95035,25011,2397350
95037,31214,4750655;38780,7250659
95041,28972,3703364
95043,33982,5509380
95047,28574,3182030;42510,7845244
95051,25980,2844270
95052,27051,2918196
95066,29561,4300387;41028,7668015
95067,44502,8101639
95068,39091,7251460
95069,43875,8014425
95071,40942,7667707
95072,23534,1812138;32611,5435323;41863,7841529;44194,8100698
95074,23825,2052196;34105,5509691
95077,39202,7253988
95078,30769,4747550
95080,25307,2515135
95083,26465,2845632;28003,3111332;35028,5513122;35476,5515050
95084,36179,5771247
95087,43303,7936276
95094,26582,2845968
95099,28951,3703295
95105,27067,2918659
95106,27549,3110202
95107,40554,7591183
95110,26466,2845634
95111,35852,5515960
95114,29692,4391691
95115,43836,8014340
95124,25578,2840866
95126,32393,5434740
95127,26495,2845701;27495,3110011
95133,42528,7845294
95135,24253,2151587
95136,32373,5434671
95151,39164,7251963
95158,23594,1888583
95173,24862,2396995
95175,38649,7249968
95183,41910,7841630
95186,30354,4648541;43959,8014625
95187,38485,7249302
95188,38840,7250885
95191,26351,2845312;28434,3112645
95195,34546,5511916
95197,26667,2846195;37996,7247911
95200,39365,7256262
95208,27137,2918961
95210,25337,2515201;33499,5501281
95211,36094,5771048
95212,24699,2231544
95213,28522,3112882
95214,32210,5397536
95223,37610,7064114
95224,44296,8100960
95241,26329,2845255
95242,37048,6565291
95244,23895,2085652;41850,7841494
95245,27633,3110415
95252,32628,5435404
95259,26668,2846198
95263,25758,2841305;39042,7251350
95264,42365,7844549
95270,32388,5434730;34407,5511604
95274,34106,5509693;36926,6564950
95276,25812,2843819
95289,27171,2919135
95298,39901,7380292;43643,8013878
95300,24890,2397072
95303,29350,4299887;43910,8014502
95309,36659,6135573
95313,25267,2416646;32796,5498684
95324,23942,2085764
95325,33335,5500748
95326,41186,7669146
95332,33040,5499705
95334,24081,2137717
95335,28412,3112584
95338,24624,2230768;25537,2685753
95353,34256,5511050
95355,32264,5432895
95362,37907,7247704
95367,36125,5771125
95370,32777,5498614;44454,8101527
95371,27232,2919303
95372,36405,5772152
95373,25857,2843931
95374,41533,7840124
95377,25646,2841035;36273,5771509
95386,26801,2846564;43444,7936627
95387,30866,4749682
95390,29935,4643781
95394,38681,7250088
95396,25109,2397591
95400,34664,5512202
95403,28112,3111769
95427,24006,2085947
95430,42381,7844587
95440,25501,2685663
95446,33502,5501292
95447,36559,5925043
95450,30857,4749660
95461,29345,4299877
95462,28152,3111866
95476,24686,2231517
95480,29009,3703536
95485,29161,4299410
95490,32103,5243828;35362,5514779
95491,35401,5514856
95493,26115,2844660;39820,7333372
95498,29232,4299574;37076,6565364;40528,7591123
95499,43384,7936477
95505,33280,5500548
95507,37783,7065017
95508,42121,7843277
95509,41065,7668136
95511,24572,2230645;31588,4816788
95538,36302,5771851
95539,32023,5076806
95544,27604,3110329
95546,34058,5509578
95552,27199,2919220;40767,7667097
95557,34417,5511624
95562,27640,3110428
95575,32225,5432022;35638,5515430
95579,39420,7330980
95586,25311,2515143;42529,7845296
95589,26504,2845725
95600,25615,2840954
95601,30765,4747541
95602,25322,2515168
95607,31053,4750220
95610,39838,7333423
95613,25713,2841185
95624,30146,4645199
95627,28280,3112184
95644,24734,2231619;42507,7845238
95649,42934,7934363
95650,35206,5513622
95651,34861,5512696
95653,26655,2846165
95659,36671,6135652
95660,26089,2844579;44140,8100446
95661,32073,5076993
95674,40449,7590436;43657,8013910
95684,41535,7840128
95687,29173,4299437
95689,31625,4824957
95693,39281,7254291;40007,7380546
95709,28469,3112746
95720,34330,5511384;43232,7935458
95722,36869,6267492
95723,41964,7841916
95732,31899,5076212
95737,35144,5513488
95739,24832,2396906;31066,4750247
95744,34538,5511896
95746,37835,7235683
95758,26977,2917797
95785,30076,4644371;34670,5512214
95787,31100,4750328
95791,42346,7844471
95797,25463,2515487;31667,4902875;34599,5512038
95800,27323,2919780
95801,27503,3110052
95806,30853,4749652;34806,5512542
95809,32982,5499530
95813,29433,4300084
95814,38711,7250161
95829,27714,3110600;35807,5515841
95830,26051,2844482
95831,30676,4652529
95832,37771,7064802
95839,25465,2515490;28501,3112833
95847,32116,5243863;32476,5434943
95856,41423,7839877
95863,29012,3703547
95870,31506,4816521
95871,29432,4300082
95872,25939,2844175;30024,4644241
95876,26210,2844938;36232,5771383
95877,27406,2920055;29508,4300257
95878,27491,3110002;37526,7063931
95880,33410,5501042
95881,27493,3110006
95883,33415,5501058
95888,31706,4917769
95890,27931,3111160;38387,7249080
95894,43133,7935226
95895,30920,4749813
95898,26038,2844448
95903,31531,4816676
95907,37393,7063472
95909,28399,3112534
95915,34220,5510971
95920,26248,2845026
95924,35812,5515855;40244,7589338
95927,41700,7840539
95940,32728,5498419
95941,26231,2844986;28499,3112826
95944,43052,7934764
95949,29018,3703570;42983,7934482
95951,26837,2917246;34990,5513032
95952,42190,7844119
95953,27522,3110110
95954,41885,7841576
95956,27069,2918663
95959,34860,5512667;35607,5515361
95976,38815,7250798
95977,37894,7247675
95978,28335,3112343
95979,43427,7936584
95980,39786,7332385;41645,7840413
95986,26445,2845582
95987,37986,7247891
95988,39521,7331291
95989,28328,3112321
95991,31237,4750732
95996,32730,5498433
95999,42941,7934383
96017,28541,3112926;39921,7380335
96018,33443,5501133
96022,28515,3112864
96030,26026,2844416
96031,44381,8101346
96033,36723,6135959
96034,34195,5510895
96035,28698,3521912
96036,43252,7935534
96037,33317,5500678
96038,29810,4446574
96040,28156,3111875;41563,7840197
96041,26166,2844833
96042,28247,3112099
96049,27127,2918938
96052,27701,3110574;43489,7937989;43902,8014486
96055,28893,3703128;34521,5511864;39698,7332182;43500,7938014
96057,25790,2843766;40881,7667549
96058,30986,4749965;40155,7481185
96059,35737,5515667
96060,44349,8101081
96062,27005,2917985;27403,2920036;43766,8014167
96076,27024,2918137;30876,4749705
96079,28114,3111774;39568,7331402
96080,36793,6136150
96085,28464,3112736
96090,33009,5499623
96091,31567,4816746;34236,5511006;42961,7934433
96093,27843,3110951
96096,26941,2917607
96101,30582,4649775
96102,34490,5511793
96103,29119,4299289;35511,5515135
96104,42105,7843239
96106,30054,4644314;34347,5511431
96107,31388,4816251
96110,28749,3586881
96144,26659,2846174
96146,42860,7854703
96162,25602,2840927;35219,5513648
96163,31204,4750625;35915,5516102
96164,30283,4648267
96168,26454,2845601
96170,42458,7844762
96171,30730,4652682
96173,42294,7844352
96187,27266,2919419;39079,7251432
96190,26789,2846530
96194,35005,5513073
96196,26129,2844697;40466,7590491
96198,36579,6001785
96200,27784,3110807;35142,5513484
96226,38666,7250053
96228,26525,2845823
96230,33344,5500783
96244,40276,7589406
96248,35311,5513882
96250,28083,3111706;40099,7380745
96251,26925,2917560
96252,41779,7841048
96256,30258,4648203
96257,29282,4299700;41631,7840375
96270,30960,4749905
96289,35831,5515916
96314,37902,7247694;44364,8101308
96315,28677,3354792;41528,7840114
96318,30425,4649327
96321,27233,2919305;38641,7249916
96329,34747,5512404
96330,26197,2844910;27507,3110063
96336,36016,5656811;37176,6890740
96338,44273,8100893
96341,31818,4918109
96353,27126,2918936;33952,5509295
96355,27007,2917989;31856,4918223
96356,41465,7839978
96360,33338,5500758;43192,7935366
96361,27065,2918655
96366,35153,5513506
96368,29847,4553144
96369,34258,5511054
96371,35869,5515997
96373,35038,5513143
96374,31527,4816668
96375,34458,5511718
96386,29522,4300291
96394,27904,3111099;42836,7853906
96404,44004,8014749
96414,35644,5515447
96438,36769,6136088
96439,32435,5434836;34427,5511647
96442,31756,4917909
96444,28479,3112765
96445,37751,7064574
96449,31639,4824991
96450,32187,5397483
96461,32269,5432905;42558,7846769
96462,29329,4299808
96463,33104,5499925;37925,7247744;40044,7380627
96464,35538,5515192
96465,30517,4649617
96467,39120,7251521
96470,36242,5771412
96471,27711,3110594;28829,3618092
96486,28387,3112509
96487,35061,5513214
96503,27706,3110584;40322,7589508
96508,28536,3112913
96510,29068,3725626;34353,5511443
96511,43007,7934561
96531,29951,4643834
96532,27773,3110781;33121,5499980
96534,27719,3110609
96535,27617,3110354
96536,42410,7844652
96538,27952,3111209;44093,8100337
96558,33274,5500523
96561,29929,4643767
96563,31517,4816543
96564,29536,4300324;37560,7064004
96571,29371,4299936;33738,5503939
96572,42173,7843397
96575,31758,4917913
96583,35682,5515536
96585,32559,5435138
96586,40459,7590466;43227,7935448
96587,35349,5514734
96592,41764,7841009
96594,29535,4300322
96596,37971,7247850
96615,36626,6135497
96619,30404,4649272
96623,37738,7064415
96624,29210,4299523
96639,30862,4749672
96646,33447,5501145;40352,7589953
96650,33133,5500020
96653,34399,5511584;43055,7934776
96654,30282,4648263;42914,7854892
96661,39398,7308455;44314,8101009
96663,43600,8012612
96664,43853,8014378
96668,29957,4643848
96678,36655,6135565
96689,28706,3521930;43630,8012689
96693,35770,5515740;44300,8100976
96705,35481,5515073
96717,32722,5498407
96720,29486,4300203
96726,35156,5513512
96742,34653,5512163
96744,37812,7235625
96748,42073,7843153
96758,40680,7591466
96759,34339,5511402
96760,36830,6196470
96774,36720,6135784
96782,33163,5500125
96808,30553,4649692
96818,32642,5435435
96820,36384,5772079;39189,7252021;44404,8101405
96825,35952,5598193
96840,43062,7934796
96841,30820,4749558
96844,30087,4644396;43809,8014269
96848,30156,4645226
96849,31148,4750458;34635,5512116
96850,41736,7840850
96868,41336,7753655
96872,32929,5499312;34241,5511021;38445,7249207
96882,33117,5499961
96885,33432,5501100
96889,32442,5434851
96890,34349,5511435
96893,39196,7252036
96903,37147,6890676
96911,35382,5514842
96914,31717,4917795
96941,38386,7249078
96943,36781,6136126
96986,42360,7844536
96996,29823,4466551
97008,36034,5770920;40036,7380607
97014,30796,4749500
97023,30014,4644208
97029,29218,4299540
97031,39425,7330989
97032,31447,4816385
97033,43135,7935230
97053,30459,4649422
97058,29317,4299779
97060,30111,4644742
97062,41740,7840948
97066,35489,5515089
97076,38825,7250855
97082,42942,7934383
97084,30916,4749804
97089,38962,7251161
97092,31461,4816422;41527,7840112
97109,29343,4299872
97117,35747,5515690
97119,30859,4749665
97125,37821,7235649
97127,28802,3618033
97131,-19,4391431
97137,35035,5513137
97139,36672,6135654
97140,31582,4816775;39117,7251515
97145,35707,5515597
97146,29705,4391734
97178,29864,4643493;35442,5514966
97196,43531,7938080
97198,31768,4917958;39090,7251458
97199,31934,5076318
97205,40393,7590151
97206,42697,7853339
97209,31250,4750777
97214,-19,4391425;35241,5513705
97217,35084,5513262
97224,31865,5076104;35575,5515285
97240,32061,5076960;35782,5515767
97253,40990,7667922
97274,31027,4750161
97278,37291,6891102
97284,32525,5435066
97291,32368,5434660;37544,7063972
97301,31112,4750354
97314,30787,4749478
97315,32411,5434784
97317,30025,4644243;37558,7064000
97319,30844,4749633;33458,5501172
97330,30410,4649284
97333,30800,4749514
97336,40796,7667163
97339,29540,4300336
97340,30118,4644762;41635,7840383
97367,33575,5501512
97374,36868,6267490
97389,35671,5515505
97411,39918,7380326
97416,33953,5509297
97417,31976,5076626;33731,5503924
97422,39617,7331588
97430,31177,4750550;32041,5076882
97434,34344,5511420;38348,7248994
97443,39146,7251914
97444,31319,4816089
97460,36536,5924975
97462,36841,6196507;43709,8014033
97472,42120,7843270;43111,7934969
97479,43646,8013884
97480,41118,7668984
97490,29645,4391574;39997,7380523
97491,33630,5501660
97497,30687,4652572
97507,32853,5498940
97518,36790,6136142
97520,34387,5511560
97522,40806,7667207
97525,37729,7064397
97531,34072,5509610
97539,31368,4816210;32609,5435319
97540,38112,7248205
97545,29423,4300061
97549,31326,4816109
97554,33383,5500941;38830,7250865
97558,43179,7935334
97560,29529,4300309
97562,39705,7332199
97580,35713,5515615;43693,8013997
97583,40046,7380631
97586,30442,4649386
97591,29083,4299189
97593,32137,5243917;35098,5513290
97594,30511,4649544
97600,43764,8014163
97621,33441,5501130;38434,7249181
97637,43243,7935516
97638,29770,4391925;34693,5512263
97640,30639,4652434;33513,5501322
97641,41672,7840476
97646,39767,7332339
97649,31011,4750123;40183,7589201
97658,30579,4649746;33627,5501652
97668,41815,7841127
97694,37765,7064683;44341,8101065
97695,32329,5433958
97704,-19,4391533
97710,32297,5432965
97713,41345,7753676
97738,30877,4749708
97740,33240,5500400
97745,31533,4816680;35544,5515213
97747,31433,4816354
97763,38489,7249310
97777,31327,4816111
97784,40658,7591409
97789,29249,4299614
97791,31809,4918085
97792,29764,4391912
97794,37322,6891171;39659,7332097
97805,34059,5509581
97806,32064,5076967;37903,7247696
97808,40583,7591248
97809,41826,7841153
97820,33180,5500171
97821,-19,4391506
97824,34544,5511912;34895,5512771;40666,7591429
97832,31363,4816200;32654,5435460
97834,44621,8102001
97837,39779,7332363
97838,37871,7247334
97840,30242,4648160;43176,7935329
97841,32014,5076755
97856,44494,8101624
97857,31733,4917839
97859,30996,4749999
97861,39522,7331293
97862,31575,4816762
97863,34661,5512192
97875,39437,7331059;40506,7590804
97877,35651,5515461;35830,5515914
97884,30667,4652509;40685,7592536
97889,38312,7248911
97890,40487,7590619
97895,39817,7333355;40334,7589905
97896,33947,5509277;35467,5515024;37719,7064374
97898,29732,4391811;36146,5771170;41283,7676230
97902,34007,5509461
97905,41055,7668073
97910,31453,4816397
97921,31684,4902917
97923,35422,5514925
97925,33366,5500877
97933,35175,5513553
97935,30849,4749644;35505,5515123
97942,33391,5500974
97945,31986,5076661;35242,5513706;37843,7235710
97947,29215,4299533;38713,7250165
97959,32872,5498994;34520,5511857
97960,33976,5509346
97962,42375,7844570
97967,31334,4816127;42177,7843405
97969,37001,6565171;41110,7668947
97970,33522,5501348
97998,33754,5504052;38551,7249465
98000,30709,4652632
98005,33399,5501007
98006,38591,7249569
98008,30170,4645267;31170,4750536
98010,32882,5499020;34535,5511890
98011,40847,7667456
98019,38592,7249571;41248,7676152
98021,33307,5500649;34326,5511376
98024,31884,5076172
98027,37383,7063446
98040,33792,5508804
98041,40454,7590451
98042,31245,4750764;41360,7753711
98043,31254,4750791
98046,34035,5509523;38260,7248766
98047,32404,5434771;41200,7669179
98050,32937,5499335
98051,32251,5432089
98052,42564,7852980
98073,37353,6891231;41361,7753713
98079,35135,5513377;39078,7251430
98087,42620,7853141
98091,42875,7854745
98099,39282,7254292
98100,35382,5514839;40301,7589463
98102,42302,7844376
98105,30659,4652484;31043,4750199;42649,7853226
98106,31462,4816424;38967,7251176;43078,7934884
98107,37261,6891034
98108,43358,7936416
98113,36066,5770989
98115,33692,5503736;40084,7380713
98122,30299,4648301
98123,39834,7333411
98125,42883,7854773
98140,31058,4750230;31833,4918152
98144,40994,7667930
98145,42216,7844177
98153,33687,5503724
98155,35177,5513557;35873,5516005;38041,7248049
98156,32195,5397502
98161,32518,5435049
98163,37421,7063536
98165,33729,5503919;40532,7591131
98166,38653,7249995
98168,37192,6890770
98169,31082,4750291
98183,31875,5076149
98186,34052,5509565;43201,7935387
98187,36694,6135720
98191,32427,5434819
98192,35422,5514928
98196,31773,4917978
98201,40529,7591125
98212,30979,4749948
98214,37822,7235650
98220,37014,6565204
98223,42543,7846726
98224,34703,5512287;37551,7063986
98227,40094,7380735
98238,37046,6565284
98243,31912,5076245;42987,7934490
98252,38372,7249046
98298,43074,7934864
98316,32526,5435069
98318,31393,4816261;32897,5499057;33989,5509394;37978,7247864
98319,33604,5501602;34673,5512220;41455,7839949
98320,31410,4816295
98323,30824,4749571
98324,31133,4750408;35421,5514902
98329,42560,7852968
98330,37648,7064209
98343,41862,7841527;43841,8014348
98360,43490,7937991
98364,35081,5513257
98365,38248,7248742
98380,31714,4917787
98384,35264,5513753;42514,7845257
98385,39740,7332277;40422,7590356;41531,7840120
98389,38654,7250005;40810,7667219;44158,8100486
98395,37477,7063680
98401,31583,4816778;39483,7331179
98406,34510,5511837
98407,31377,4816227
98412,33779,5504118
98415,40335,7589907;42527,7845292;43928,8014548
98434,32337,5434001
98436,33696,5503830
98445,41911,7841632
98453,31328,4816113;31906,5076231
98456,36960,6565040
98461,40943,7667710
98486,31316,4816083;35239,5513697
98487,34329,5511382
98491,36454,5772285
98499,31858,4918228;34356,5511449
98504,32949,5499434;34168,5510682
98505,42829,7853882
98507,43086,7934900
98518,31892,5076194;44263,8100873
98519,36763,6136072;41022,7668003
98522,41782,7841053
98523,31838,4918162;35605,5515357
98535,34852,5512651;41021,7668001
98558,31474,4816449
98560,37617,7064128;42525,7845288
98561,42673,7853287
98564,35845,5515945;40621,7591331;44226,8100775
98567,36043,5770943
98570,39407,7308481
98572,35442,5514967
98573,42476,7844814;42500,7845221;44623,8102005
98584,33671,5503683
98586,39503,7331239
98601,44205,8100724
98606,41493,7840037
98610,31682,4902913;41909,7841628
98612,35763,5515726
98621,39494,7331207;40437,7590401
98639,42208,7844161
98652,32844,5498918;38719,7250178
98653,33237,5500393
98664,37517,7063767;37990,7247899
98674,37582,7064055;43428,7936586
98678,39044,7251354;40865,7667504;42233,7844220
98712,33123,5499987
98719,33434,5501109
98724,39498,7331219
98727,37398,7063482
98729,32557,5435134
98730,38859,7250927
98744,42201,7844148
98748,35798,5515819
98758,38529,7249417
98759,35576,5515287
98770,40102,7380755
98773,39070,7251414;39956,7380420
98779,37633,7064175;39831,7333402
98795,40282,7589421;40991,7667924
98797,34663,5512195
98804,36084,5771027;38514,7249374
98813,32217,5397549
98817,37051,6565298;41017,7667985
98818,34318,5511249;41717,7840578
98819,35659,5515477
98841,41628,7840369
98846,32989,5499563;44534,8101800
98848,36356,5771997
98849,36699,6135731
98853,40494,7590688
98856,35705,5515591
98864,42896,7854812
98882,37408,7063505
98884,37867,7247326
98896,35087,5513268
98908,38716,7250172;43391,7936491
98915,34080,5509627
98922,35149,5513498
98925,41402,7753982
98927,32221,5432016;34046,5509553;42108,7843245
98945,40115,7380786
98968,40384,7590055;40948,7667725
98972,34788,5512503;43329,7936336
98974,40534,7591135
98983,37285,6891091
98990,35787,5515778;43165,7935302
98991,36439,5772241
99001,43666,8013933
99034,32282,5432934
99035,41002,7667949;42104,7843237
99048,36965,6565053;41147,7669059
99054,34290,5511164;44528,8101695
99065,40969,7667844
99066,41039,7668037
99072,35464,5515015
99080,43941,8014580
99084,42057,7843115
99095,41899,7841608
99096,32920,5499273;33253,5500458
99098,38042,7248049;38057,7248085
99101,34727,5512352
99108,33177,5500162
99120,34367,5511480
99121,43674,8013949
99122,33331,5500739
99125,42889,7854791
99129,41150,7669068
99135,42881,7854769
99140,41481,7840013
99142,43870,8014415
99143,32141,5332342
99145,34083,5509638
99146,40104,7380759
99152,36757,6136046
99153,32613,5435329
99155,34263,5511067;39948,7380398
99157,33566,5501492
99170,39107,7251495
99181,42780,7853756
99182,39830,7333399
99184,32772,5498595;35335,5513964;37264,6891039
99191,41291,7676251
99201,40339,7589923
99209,34151,5509841;41906,7841622
99217,32293,5432957;32832,5498809;37657,7064227
99230,33635,5501676
99233,32707,5435595
99241,33741,5504014;35758,5515713
99243,40726,7627610
99244,34541,5511907;40581,7591244
99246,38255,7248756
99247,41551,7840163
99253,39893,7380272
99262,34188,5510773
99269,33445,5501140
99280,37278,6891075
99283,35561,5515258;37112,6890601
99287,37488,7063705;38268,7248785
99293,41302,7676281;44304,8100984
99302,40927,7667672
99319,42698,7853341
99320,38965,7251172;41468,7839984
99324,32776,5498612
99330,33064,5499787;34205,5510923;34698,5512273
99335,33816,5508852;34781,5512485;43549,7938129
99340,36412,5772168
99354,37667,7064250;41883,7841572
99377,40945,7667716;41097,7668909
99378,38201,7248640
99383,38578,7249539
99388,40496,7590708
99393,37326,6891178
99398,38705,7250149
99400,42549,7846740
99406,43819,8014301;44330,8101040
99407,42256,7844269
99426,36328,5771923
99441,41886,7841578
99450,42286,7844336
99452,35929,5591316;36252,5771433;42807,7853817
99453,38458,7249233
99454,43085,7934898
99455,41007,7667965;41309,7676295
99457,39343,7254457;39869,7333579;44071,8100283
99479,41127,7669014;42751,7853685
99494,39897,7380281
99501,42921,7934334
99508,36582,6001795;39268,7254225
99509,36691,6135712
99515,39980,7380490
99518,36933,6564966
99521,38851,7250911
99528,41207,7669193
99543,42646,7853220
99548,40553,7591181;43999,8014738
99552,42138,7843320
99553,39813,7333343
99554,38451,7249219;43839,8014344
99567,37143,6890669
99594,37405,7063499
99597,42042,7843083
99599,39059,7251384
99600,39417,7308502
99605,44546,8101822
99608,40838,7667307
99609,37809,7235618
99610,40242,7589334
99628,43540,7938101
99635,40106,7380763
99642,37258,6891012
99643,44506,8101647
99656,39309,7254365
99664,39581,7331480g
99669,36766,6136079;39927,7380347
99670,37700,7064332
99675,38617,7249624
99686,42488,7845010
99699,39593,7331463
99703,44569,8101876
99707,37032,6565249
99708,39114,7251509;41697,7840530
99712,36530,5924961
99714,44493,8101618
99729,43313,7936296
99740,36764,6136074
99757,37387,7063459
99759,38096,7248170
99784,42950,7934400
99793,41128,7669016
99807,39373,7256276
99821,38827,7250859
99832,39849,7333460;40140,7481147
99834,39936,7380370
99838,39337,7254439;43130,7935199
99842,38214,7248665
99847,38869,7250950;44030,8014819
99903,38359,7249016;38639,7249905
99905,38614,7249618
99909,37527,7063934;37767,7064722;42999,7934541
99911,40749,7667057
99912,37869,7247330
99914,44068,8100277
99916,37058,6565312;38598,7249583;43775,8014190
99918,37122,6890624
99931,41586,7840250
99935,38328,7248946
99945,37328,6891182;41270,7676200
99960,38223,7248686;43723,8014069
99961,37012,6565198
99962,36646,6135547
99963,36913,6564906
99964,39208,7254000
99966,41940,7841702
99971,37349,6891224
99991,42247,7844251
100011,43043,7934723
100012,37116,6890609;39748,7332297;39789,7332394
100013,38778,7250653
100018,42314,7844401
100020,44211,8100741
100026,40169,7589154
100038,44340,8101063
100041,44184,8100678
100050,37409,7063507
100055,38148,7248407;38430,7249173;39110,7251501
100071,40225,7589292
100082,37030,6565245;40511,7590862;41525,7840108;43833,8014329
100087,40380,7590045
100099,40145,7481168
100101,38672,7250066;44147,8100461
100113,41184,7669142
100122,37733,7064405;41343,7753672
100135,44094,8100339
100139,39959,7380426
100142,42317,7844407
100161,37423,7063538;43212,7935409
100165,39477,7331161
100166,39665,7332112
100172,38779,7250656;38856,7250921;40582,7591246;42227,7844202
100189,39465,7331127
100196,38694,7250118
100203,38914,7251054
100208,37935,7247764
100226,37962,7247832
100227,37274,6891065;37596,7064083;41799,7841096
100230,43760,8014155
100237,40042,7380623
100241,37042,6565276
100248,44561,8101860
100250,38081,7248141;38623,7249640
100260,42805,7853813
100262,37069,6565343
100276,40151,7481178
100277,38969,7251180
100279,41168,7669107
100283,40585,7591252
100289,39762,7332329
100293,40213,7589264
100301,41561,7840193
100302,42606,7853099
100314,37271,6891054
100320,41915,7841640
100323,38812,7250787;39879,7333604;43869,8014413
100347,39040,7251343
100362,38140,7248388
100365,41306,7676289
100371,37640,7064190
100387,41658,7840439
100389,40452,7590445;43979,8014668
100390,43382,7936473
100391,37330,6891186
100403,39195,7252034
100411,39376,7256281
100417,41408,7753994
100431,40786,7667138
100432,37352,6891229
100433,38181,7248591;40984,7667900
100451,37248,6890993
100456,37276,6891072
100458,43957,8014620
100476,39549,7331360;41904,7841618
100519,40548,7591171
100523,41137,7669034
100535,37794,7065038
100538,38725,7250193;41501,7840056
100539,39911,7380312
100541,38556,7249481
100546,42920,7854904
100551,38342,7248982
100567,39605,7331564
100579,44163,8100496
100580,41477,7840002
100588,37853,7235747
100611,39953,7380412
100616,39151,7251924;42312,7844397
100638,40497,7590719
100639,42441,7844722
100641,39960,7380433
100645,39609,7331572
100649,39942,7380386;40207,7589252
100674,42993,7934510
100677,38480,7249289
100681,38894,7251011;43572,7938181;44375,8101334
100691,39496,7331213;43128,7935172;43639,8013865
100706,40507,7590815;40597,7591276;41838,7841347
100707,41140,7669043;42811,7853825
100710,41670,7840472
100721,38032,7248000;44552,8101835
100727,38292,7248842
100761,44206,8100726
100763,43743,8014117
100777,39094,7251466
100784,37367,7063406
100789,40530,7591127
100797,41903,7841616;43665,8013931
100803,43195,7935372
100808,44472,8101572
100809,37915,7247720
100810,42806,7853815
100820,40793,7667157
100833,43772,8014184
100835,39062,7251398
100840,40756,7667071
100842,42178,7843407
100845,40415,7590331
100902,43627,8012683
100904,42888,7854788
100914,44427,8101460
100916,37985,7247889
100930,40172,7589160
100931,43254,7935538
100954,43003,7934549
100956,39100,7251478
100961,38174,7248574
100995,40739,7627636
101005,38106,7248193;39167,7251969
101010,38668,7250057
101013,40603,7591292
101035,42230,7844208
101078,40365,7589982
101091,43181,7935343
101106,41962,7841912
101113,40656,7591405
101123,40788,7667147
101211,42865,7854716;44453,8101520
101214,41591,7840260;42143,7843333
101286,42103,7843235
101288,41679,7840495
101334,40443,7590420
101344,41818,7841134
101407,41368,7753727
101546,43736,8014105
101556,44021,8014799
101558,41482,7840015
101563,43196,7935378
101575,42912,7854888
101611,42931,7934357
101659,43393,7936495
101661,44056,8100252;44490,8101611
101722,43899,8014480
101743,44176,8100664
101756,44168,8100506
101952,44424,8101454